season,round,round_index,team,elo
2025-26,R 1,1,HC Sparta Praha,1510.0
2025-26,R 1,1,Č. Budějovice,1490.0
2025-26,R 2,2,BK Mladá Boleslav,1510.0
2025-26,R 2,2,Bílí Tygři Liberec,1489.01
2025-26,R 2,2,HC Dynamo Pardubice,1519.46
2025-26,R 2,2,HC Energie Karlovy Vary,1486.14
2025-26,R 2,2,HC Kometa Brno,1510.99
2025-26,R 2,2,HC Oceláři Třinec,1519.46
2025-26,R 2,2,HC Olomouc,1480.54
2025-26,R 2,2,HC Sparta Praha,1510.0
2025-26,R 2,2,HC VERVA Litvínov,1489.01
2025-26,R 2,2,HC VÍTKOVICE RIDERA,1513.86
2025-26,R 2,2,HC Škoda Plzeň,1510.99
2025-26,R 2,2,Mountfield HK,1480.54
2025-26,R 2,2,Rytíři Kladno,1490.0
2025-26,R 2,2,Č. Budějovice,1490.0
2025-26,R 3,3,BK Mladá Boleslav,1499.05
2025-26,R 3,3,Bílí Tygři Liberec,1500.8
2025-26,R 3,3,HC Dynamo Pardubice,1507.68
2025-26,R 3,3,HC Energie Karlovy Vary,1502.34
2025-26,R 3,3,HC Kometa Brno,1521.94
2025-26,R 3,3,HC Oceláři Třinec,1505.28
2025-26,R 3,3,HC Olomouc,1468.06
2025-26,R 3,3,HC Sparta Praha,1524.18
2025-26,R 3,3,HC VERVA Litvínov,1472.81
2025-26,R 3,3,HC VÍTKOVICE RIDERA,1523.18
2025-26,R 3,3,HC Škoda Plzeň,1523.46
2025-26,R 3,3,Mountfield HK,1470.81
2025-26,R 3,3,Rytíři Kladno,1480.69
2025-26,R 3,3,Č. Budějovice,1499.73
2025-26,R 4,4,BK Mladá Boleslav,1485.58
2025-26,R 4,4,Bílí Tygři Liberec,1489.97
2025-26,R 4,4,HC Dynamo Pardubice,1521.14
2025-26,R 4,4,HC Energie Karlovy Vary,1490.46
2025-26,R 4,4,HC Kometa Brno,1532.98
2025-26,R 4,4,HC Oceláři Třinec,1516.1
2025-26,R 4,4,HC Olomouc,1479.94
2025-26,R 4,4,HC Sparta Praha,1513.13
2025-26,R 4,4,HC VERVA Litvínov,1461.21
2025-26,R 4,4,HC VÍTKOVICE RIDERA,1534.78
2025-26,R 4,4,HC Škoda Plzeň,1508.81
2025-26,R 4,4,Mountfield HK,1460.19
2025-26,R 4,4,Rytíři Kladno,1491.31
2025-26,R 4,4,Č. Budějovice,1514.38
2025-26,R 5,5,BK Mladá Boleslav,1496.46
2025-26,R 5,5,Bílí Tygři Liberec,1478.23
2025-26,R 5,5,HC Dynamo Pardubice,1507.05
2025-26,R 5,5,HC Energie Karlovy Vary,1501.11
2025-26,R 5,5,HC Kometa Brno,1546.91
2025-26,R 5,5,HC Oceláři Třinec,1505.23
2025-26,R 5,5,HC Olomouc,1479.94
2025-26,R 5,5,HC Sparta Praha,1502.48
2025-26,R 5,5,HC VERVA Litvínov,1472.95
2025-26,R 5,5,HC VÍTKOVICE RIDERA,1520.86
2025-26,R 5,5,HC Škoda Plzeň,1497.42
2025-26,R 5,5,Mountfield HK,1471.58
2025-26,R 5,5,Rytíři Kladno,1491.31
2025-26,R 5,5,Č. Budějovice,1528.47
2025-26,R 6,6,BK Mladá Boleslav,1496.46
2025-26,R 6,6,Bílí Tygři Liberec,1478.23
2025-26,R 6,6,HC Dynamo Pardubice,1507.05
2025-26,R 6,6,HC Energie Karlovy Vary,1501.11
2025-26,R 6,6,HC Kometa Brno,1546.91
2025-26,R 6,6,HC Oceláři Třinec,1505.23
2025-26,R 6,6,HC Olomouc,1494.19
2025-26,R 6,6,HC Sparta Praha,1502.48
2025-26,R 6,6,HC VERVA Litvínov,1472.95
2025-26,R 6,6,HC VÍTKOVICE RIDERA,1520.86
2025-26,R 6,6,HC Škoda Plzeň,1497.42
2025-26,R 6,6,Mountfield HK,1471.58
2025-26,R 6,6,Rytíři Kladno,1477.07
2025-26,R 6,6,Č. Budějovice,1528.47
2025-26,R 7,7,BK Mladá Boleslav,1508.09
2025-26,R 7,7,Bílí Tygři Liberec,1490.19
2025-26,R 7,7,HC Dynamo Pardubice,1517.57
2025-26,R 7,7,HC Energie Karlovy Vary,1511.03
2025-26,R 7,7,HC Kometa Brno,1534.95
2025-26,R 7,7,HC Oceláři Třinec,1515.0
2025-26,R 7,7,HC Olomouc,1483.67
2025-26,R 7,7,HC Sparta Praha,1517.02
2025-26,R 7,7,HC VERVA Litvínov,1458.41
2025-26,R 7,7,HC VÍTKOVICE RIDERA,1509.23
2025-26,R 7,7,HC Škoda Plzeň,1487.65
2025-26,R 7,7,Mountfield HK,1461.66
2025-26,R 7,7,Rytíři Kladno,1465.51
2025-26,R 7,7,Č. Budějovice,1540.02
2025-26,R 8,8,BK Mladá Boleslav,1498.17
2025-26,R 8,8,Bílí Tygři Liberec,1502.92
2025-26,R 8,8,HC Dynamo Pardubice,1506.71
2025-26,R 8,8,HC Energie Karlovy Vary,1520.95
2025-26,R 8,8,HC Kometa Brno,1543.38
2025-26,R 8,8,HC Oceláři Třinec,1525.72
2025-26,R 8,8,HC Olomouc,1483.67
2025-26,R 8,8,HC Sparta Praha,1526.79
2025-26,R 8,8,HC VERVA Litvínov,1458.41
2025-26,R 8,8,HC VÍTKOVICE RIDERA,1499.45
2025-26,R 8,8,HC Škoda Plzeň,1498.51
2025-26,R 8,8,Mountfield HK,1453.23
2025-26,R 8,8,Rytíři Kladno,1452.78
2025-26,R 8,8,Č. Budějovice,1529.31
2025-26,R 9,9,BK Mladá Boleslav,1486.15
2025-26,R 9,9,Bílí Tygři Liberec,1491.84
2025-26,R 9,9,HC Dynamo Pardubice,1515.17
2025-26,R 9,9,HC Energie Karlovy Vary,1532.16
2025-26,R 9,9,HC Kometa Brno,1552.76
2025-26,R 9,9,HC Oceláři Třinec,1525.72
2025-26,R 9,9,HC Olomouc,1495.77
2025-26,R 9,9,HC Sparta Praha,1514.69
2025-26,R 9,9,HC VERVA Litvínov,1470.43
2025-26,R 9,9,HC VÍTKOVICE RIDERA,1510.53
2025-26,R 9,9,HC Škoda Plzeň,1489.12
2025-26,R 9,9,Mountfield HK,1453.23
2025-26,R 9,9,Rytíři Kladno,1444.32
2025-26,R 9,9,Č. Budějovice,1518.1
2025-26,R 10,10,BK Mladá Boleslav,1486.15
2025-26,R 10,10,Bílí Tygři Liberec,1491.84
2025-26,R 10,10,HC Dynamo Pardubice,1505.47
2025-26,R 10,10,HC Energie Karlovy Vary,1532.16
2025-26,R 10,10,HC Kometa Brno,1552.76
2025-26,R 10,10,HC Oceláři Třinec,1535.42
2025-26,R 10,10,HC Olomouc,1495.77
2025-26,R 10,10,HC Sparta Praha,1514.69
2025-26,R 10,10,HC VERVA Litvínov,1470.43
2025-26,R 10,10,HC VÍTKOVICE RIDERA,1510.53
2025-26,R 10,10,HC Škoda Plzeň,1489.12
2025-26,R 10,10,Mountfield HK,1453.23
2025-26,R 10,10,Rytíři Kladno,1444.32
2025-26,R 10,10,Č. Budějovice,1518.1
2025-26,R 11,11,BK Mladá Boleslav,1469.91
2025-26,R 11,11,Bílí Tygři Liberec,1503.0
2025-26,R 11,11,HC Dynamo Pardubice,1505.47
2025-26,R 11,11,HC Energie Karlovy Vary,1521.0
2025-26,R 11,11,HC Kometa Brno,1528.98
2025-26,R 11,11,HC Oceláři Třinec,1535.42
2025-26,R 11,11,HC Olomouc,1486.2
2025-26,R 11,11,HC Sparta Praha,1530.93
2025-26,R 11,11,HC VERVA Litvínov,1458.99
2025-26,R 11,11,HC VÍTKOVICE RIDERA,1520.11
2025-26,R 11,11,HC Škoda Plzeň,1498.51
2025-26,R 11,11,Mountfield HK,1464.67
2025-26,R 11,11,Rytíři Kladno,1434.93
2025-26,R 11,11,Č. Budějovice,1541.88
2025-26,R 12,12,BK Mladá Boleslav,1459.52
2025-26,R 12,12,Bílí Tygři Liberec,1514.72
2025-26,R 12,12,HC Dynamo Pardubice,1516.15
2025-26,R 12,12,HC Energie Karlovy Vary,1510.36
2025-26,R 12,12,HC Kometa Brno,1518.3
2025-26,R 12,12,HC Oceláři Třinec,1542.6
2025-26,R 12,12,HC Olomouc,1496.59
2025-26,R 12,12,HC Sparta Praha,1519.21
2025-26,R 12,12,HC VERVA Litvínov,1448.76
2025-26,R 12,12,HC VÍTKOVICE RIDERA,1501.92
2025-26,R 12,12,HC Škoda Plzeň,1509.16
2025-26,R 12,12,Mountfield HK,1482.86
2025-26,R 12,12,Rytíři Kladno,1427.74
2025-26,R 12,12,Č. Budějovice,1552.11
2025-26,R 13,13,BK Mladá Boleslav,1475.17
2025-26,R 13,13,Bílí Tygři Liberec,1499.06
2025-26,R 13,13,HC Dynamo Pardubice,1524.23
2025-26,R 13,13,HC Energie Karlovy Vary,1518.47
2025-26,R 13,13,HC Kometa Brno,1509.0
2025-26,R 13,13,HC Oceláři Třinec,1551.9
2025-26,R 13,13,HC Olomouc,1506.2
2025-26,R 13,13,HC Sparta Praha,1507.95
2025-26,R 13,13,HC VERVA Litvínov,1440.68
2025-26,R 13,13,HC VÍTKOVICE RIDERA,1493.36
2025-26,R 13,13,HC Škoda Plzeň,1520.41
2025-26,R 13,13,Mountfield HK,1473.25
2025-26,R 13,13,Rytíři Kladno,1419.63
2025-26,R 13,13,Č. Budějovice,1560.68
2025-26,R 14,14,BK Mladá Boleslav,1467.59
2025-26,R 14,14,Bílí Tygři Liberec,1509.27
2025-26,R 14,14,HC Dynamo Pardubice,1537.83
2025-26,R 14,14,HC Energie Karlovy Vary,1504.88
2025-26,R 14,14,HC Kometa Brno,1496.48
2025-26,R 14,14,HC Oceláři Třinec,1540.24
2025-26,R 14,14,HC Olomouc,1495.99
2025-26,R 14,14,HC Sparta Praha,1496.06
2025-26,R 14,14,HC VERVA Litvínov,1432.93
2025-26,R 14,14,HC VÍTKOVICE RIDERA,1505.03
2025-26,R 14,14,HC Škoda Plzeň,1528.15
2025-26,R 14,14,Mountfield HK,1485.14
2025-26,R 14,14,Rytíři Kladno,1432.14
2025-26,R 14,14,Č. Budějovice,1568.26
2025-26,R 15,15,BK Mladá Boleslav,1467.59
2025-26,R 15,15,Bílí Tygři Liberec,1498.58
2025-26,R 15,15,HC Dynamo Pardubice,1526.89
2025-26,R 15,15,HC Energie Karlovy Vary,1493.67
2025-26,R 15,15,HC Kometa Brno,1507.69
2025-26,R 15,15,HC Oceláři Třinec,1547.57
2025-26,R 15,15,HC Olomouc,1508.81
2025-26,R 15,15,HC Sparta Praha,1484.24
2025-26,R 15,15,HC VERVA Litvínov,1425.59
2025-26,R 15,15,HC VÍTKOVICE RIDERA,1515.97
2025-26,R 15,15,HC Škoda Plzeň,1528.15
2025-26,R 15,15,Mountfield HK,1495.84
2025-26,R 15,15,Rytíři Kladno,1443.96
2025-26,R 15,15,Č. Budějovice,1555.45
2025-26,R 16,16,BK Mladá Boleslav,1458.74
2025-26,R 16,16,Bílí Tygři Liberec,1498.58
2025-26,R 16,16,HC Dynamo Pardubice,1526.89
2025-26,R 16,16,HC Energie Karlovy Vary,1493.67
2025-26,R 16,16,HC Kometa Brno,1507.69
2025-26,R 16,16,HC Oceláři Třinec,1547.57
2025-26,R 16,16,HC Olomouc,1508.81
2025-26,R 16,16,HC Sparta Praha,1484.24
2025-26,R 16,16,HC VERVA Litvínov,1425.59
2025-26,R 16,16,HC VÍTKOVICE RIDERA,1515.97
2025-26,R 16,16,HC Škoda Plzeň,1537.0
2025-26,R 16,16,Mountfield HK,1495.84
2025-26,R 16,16,Rytíři Kladno,1443.96
2025-26,R 16,16,Č. Budějovice,1555.45
2025-26,R 17,17,BK Mladá Boleslav,1449.8
2025-26,R 17,17,Bílí Tygři Liberec,1489.6
2025-26,R 17,17,HC Dynamo Pardubice,1538.83
2025-26,R 17,17,HC Energie Karlovy Vary,1484.59
2025-26,R 17,17,HC Kometa Brno,1517.72
2025-26,R 17,17,HC Oceláři Třinec,1556.65
2025-26,R 17,17,HC Olomouc,1498.78
2025-26,R 17,17,HC Sparta Praha,1472.3
2025-26,R 17,17,HC VERVA Litvínov,1415.27
2025-26,R 17,17,HC VÍTKOVICE RIDERA,1515.97
2025-26,R 17,17,HC Škoda Plzeň,1537.0
2025-26,R 17,17,Mountfield HK,1504.77
2025-26,R 17,17,Rytíři Kladno,1454.28
2025-26,R 17,17,Č. Budějovice,1564.42
2025-26,R 18,18,BK Mladá Boleslav,1459.93
2025-26,R 18,18,Bílí Tygři Liberec,1500.96
2025-26,R 18,18,HC Dynamo Pardubice,1527.85
2025-26,R 18,18,HC Energie Karlovy Vary,1472.16
2025-26,R 18,18,HC Kometa Brno,1527.17
2025-26,R 18,18,HC Oceláři Třinec,1565.58
2025-26,R 18,18,HC Olomouc,1489.84
2025-26,R 18,18,HC Sparta Praha,1485.58
2025-26,R 18,18,HC VERVA Litvínov,1405.82
2025-26,R 18,18,HC VÍTKOVICE RIDERA,1528.41
2025-26,R 18,18,HC Škoda Plzeň,1525.64
2025-26,R 18,18,Mountfield HK,1515.75
2025-26,R 18,18,Rytíři Kladno,1444.15
2025-26,R 18,18,Č. Budějovice,1551.14
2025-26,R 19,19,BK Mladá Boleslav,1459.93
2025-26,R 19,19,Bílí Tygři Liberec,1500.96
2025-26,R 19,19,HC Dynamo Pardubice,1527.85
2025-26,R 19,19,HC Energie Karlovy Vary,1472.16
2025-26,R 19,19,HC Kometa Brno,1527.17
2025-26,R 19,19,HC Oceláři Třinec,1565.58
2025-26,R 19,19,HC Olomouc,1489.84
2025-26,R 19,19,HC Sparta Praha,1485.58
2025-26,R 19,19,HC VERVA Litvínov,1393.64
2025-26,R 19,19,HC VÍTKOVICE RIDERA,1540.59
2025-26,R 19,19,HC Škoda Plzeň,1525.64
2025-26,R 19,19,Mountfield HK,1515.75
2025-26,R 19,19,Rytíři Kladno,1444.15
2025-26,R 19,19,Č. Budějovice,1551.14
2025-26,R 20,20,BK Mladá Boleslav,1459.93
2025-26,R 20,20,Bílí Tygři Liberec,1500.96
2025-26,R 20,20,HC Dynamo Pardubice,1527.85
2025-26,R 20,20,HC Energie Karlovy Vary,1472.16
2025-26,R 20,20,HC Kometa Brno,1527.17
2025-26,R 20,20,HC Oceláři Třinec,1565.58
2025-26,R 20,20,HC Olomouc,1500.87
2025-26,R 20,20,HC Sparta Praha,1485.58
2025-26,R 20,20,HC VERVA Litvínov,1393.64
2025-26,R 20,20,HC VÍTKOVICE RIDERA,1540.59
2025-26,R 20,20,HC Škoda Plzeň,1514.62
2025-26,R 20,20,Mountfield HK,1515.75
2025-26,R 20,20,Rytíři Kladno,1444.15
2025-26,R 20,20,Č. Budějovice,1551.14
2025-26,R 21,21,BK Mladá Boleslav,1475.95
2025-26,R 21,21,Bílí Tygři Liberec,1520.03
2025-26,R 21,21,HC Dynamo Pardubice,1508.78
2025-26,R 21,21,HC Energie Karlovy Vary,1482.57
2025-26,R 21,21,HC Kometa Brno,1511.15
2025-26,R 21,21,HC Oceláři Třinec,1565.58
2025-26,R 21,21,HC Olomouc,1500.87
2025-26,R 21,21,HC Sparta Praha,1485.58
2025-26,R 21,21,HC VERVA Litvínov,1383.23
2025-26,R 21,21,HC VÍTKOVICE RIDERA,1527.22
2025-26,R 21,21,HC Škoda Plzeň,1514.62
2025-26,R 21,21,Mountfield HK,1515.75
2025-26,R 21,21,Rytíři Kladno,1457.53
2025-26,R 21,21,Č. Budějovice,1551.14
2025-26,R 22,22,BK Mladá Boleslav,1466.15
2025-26,R 22,22,Bílí Tygři Liberec,1511.33
2025-26,R 22,22,HC Dynamo Pardubice,1518.59
2025-26,R 22,22,HC Energie Karlovy Vary,1472.25
2025-26,R 22,22,HC Kometa Brno,1496.44
2025-26,R 22,22,HC Oceláři Třinec,1574.28
2025-26,R 22,22,HC Olomouc,1511.19
2025-26,R 22,22,HC Sparta Praha,1500.29
2025-26,R 22,22,HC VERVA Litvínov,1383.23
2025-26,R 22,22,HC VÍTKOVICE RIDERA,1527.22
2025-26,R 22,22,HC Škoda Plzeň,1529.68
2025-26,R 22,22,Mountfield HK,1527.01
2025-26,R 22,22,Rytíři Kladno,1446.26
2025-26,R 22,22,Č. Budějovice,1536.08
2025-26,R 23,23,BK Mladá Boleslav,1466.15
2025-26,R 23,23,Bílí Tygři Liberec,1511.33
2025-26,R 23,23,HC Dynamo Pardubice,1518.59
2025-26,R 23,23,HC Energie Karlovy Vary,1472.25
2025-26,R 23,23,HC Kometa Brno,1496.44
2025-26,R 23,23,HC Oceláři Třinec,1584.88
2025-26,R 23,23,HC Olomouc,1517.66
2025-26,R 23,23,HC Sparta Praha,1489.69
2025-26,R 23,23,HC VERVA Litvínov,1376.75
2025-26,R 23,23,HC VÍTKOVICE RIDERA,1527.22
2025-26,R 23,23,HC Škoda Plzeň,1529.68
2025-26,R 23,23,Mountfield HK,1541.18
2025-26,R 23,23,Rytíři Kladno,1446.26
2025-26,R 23,23,Č. Budějovice,1521.91
2025-26,R 24,24,BK Mladá Boleslav,1466.15
2025-26,R 24,24,Bílí Tygři Liberec,1511.33
2025-26,R 24,24,HC Dynamo Pardubice,1518.59
2025-26,R 24,24,HC Energie Karlovy Vary,1472.25
2025-26,R 24,24,HC Kometa Brno,1496.44
2025-26,R 24,24,HC Oceláři Třinec,1584.88
2025-26,R 24,24,HC Olomouc,1517.66
2025-26,R 24,24,HC Sparta Praha,1500.77
2025-26,R 24,24,HC VERVA Litvínov,1376.75
2025-26,R 24,24,HC VÍTKOVICE RIDERA,1516.14
2025-26,R 24,24,HC Škoda Plzeň,1529.68
2025-26,R 24,24,Mountfield HK,1541.18
2025-26,R 24,24,Rytíři Kladno,1446.26
2025-26,R 24,24,Č. Budějovice,1521.91
2025-26,R 25,25,BK Mladá Boleslav,1466.15
2025-26,R 25,25,Bílí Tygři Liberec,1511.33
2025-26,R 25,25,HC Dynamo Pardubice,1532.56
2025-26,R 25,25,HC Energie Karlovy Vary,1472.25
2025-26,R 25,25,HC Kometa Brno,1496.44
2025-26,R 25,25,HC Oceláři Třinec,1584.88
2025-26,R 25,25,HC Olomouc,1517.66
2025-26,R 25,25,HC Sparta Praha,1500.77
2025-26,R 25,25,HC VERVA Litvínov,1376.75
2025-26,R 25,25,HC VÍTKOVICE RIDERA,1516.14
2025-26,R 25,25,HC Škoda Plzeň,1529.68
2025-26,R 25,25,Mountfield HK,1541.18
2025-26,R 25,25,Rytíři Kladno,1446.26
2025-26,R 25,25,Č. Budějovice,1507.94
2025-26,R 26,26,BK Mladá Boleslav,1459.44
2025-26,R 26,26,Bílí Tygři Liberec,1497.64
2025-26,R 26,26,HC Dynamo Pardubice,1532.56
2025-26,R 26,26,HC Energie Karlovy Vary,1483.06
2025-26,R 26,26,HC Kometa Brno,1510.96
2025-26,R 26,26,HC Oceláři Třinec,1591.59
2025-26,R 26,26,HC Olomouc,1505.64
2025-26,R 26,26,HC Sparta Praha,1489.95
2025-26,R 26,26,HC VERVA Litvínov,1390.44
2025-26,R 26,26,HC VÍTKOVICE RIDERA,1501.62
2025-26,R 26,26,HC Škoda Plzeň,1520.01
2025-26,R 26,26,Mountfield HK,1550.85
2025-26,R 26,26,Rytíři Kladno,1458.29
2025-26,R 26,26,Č. Budějovice,1507.94
2025-26,R 27,27,BK Mladá Boleslav,1450.65
2025-26,R 27,27,Bílí Tygři Liberec,1508.02
2025-26,R 27,27,HC Dynamo Pardubice,1521.79
2025-26,R 27,27,HC Energie Karlovy Vary,1494.99
2025-26,R 27,27,HC Kometa Brno,1500.57
2025-26,R 27,27,HC Oceláři Třinec,1599.56
2025-26,R 27,27,HC Olomouc,1516.41
2025-26,R 27,27,HC Sparta Praha,1497.16
2025-26,R 27,27,HC VERVA Litvínov,1383.23
2025-26,R 27,27,HC VÍTKOVICE RIDERA,1510.42
2025-26,R 27,27,HC Škoda Plzeň,1512.04
2025-26,R 27,27,Mountfield HK,1538.92
2025-26,R 27,27,Rytíři Kladno,1449.71
2025-26,R 27,27,Č. Budějovice,1516.52
2025-26,R 28,28,BK Mladá Boleslav,1461.92
2025-26,R 28,28,Bílí Tygři Liberec,1496.36
2025-26,R 28,28,HC Dynamo Pardubice,1510.54
2025-26,R 28,28,HC Energie Karlovy Vary,1483.72
2025-26,R 28,28,HC Kometa Brno,1491.67
2025-26,R 28,28,HC Oceláři Třinec,1609.78
2025-26,R 28,28,HC Olomouc,1502.76
2025-26,R 28,28,HC Sparta Praha,1497.16
2025-26,R 28,28,HC VERVA Litvínov,1396.89
2025-26,R 28,28,HC VÍTKOVICE RIDERA,1510.42
2025-26,R 28,28,HC Škoda Plzeň,1523.29
2025-26,R 28,28,Mountfield HK,1547.82
2025-26,R 28,28,Rytíři Kladno,1461.37
2025-26,R 28,28,Č. Budějovice,1506.29
2025-26,R 29,29,BK Mladá Boleslav,1461.92
2025-26,R 29,29,Bílí Tygři Liberec,1496.36
2025-26,R 29,29,HC Dynamo Pardubice,1510.54
2025-26,R 29,29,HC Energie Karlovy Vary,1483.72
2025-26,R 29,29,HC Kometa Brno,1491.67
2025-26,R 29,29,HC Oceláři Třinec,1609.78
2025-26,R 29,29,HC Olomouc,1502.76
2025-26,R 29,29,HC Sparta Praha,1511.47
2025-26,R 29,29,HC VERVA Litvínov,1396.89
2025-26,R 29,29,HC VÍTKOVICE RIDERA,1496.11
2025-26,R 29,29,HC Škoda Plzeň,1523.29
2025-26,R 29,29,Mountfield HK,1547.82
2025-26,R 29,29,Rytíři Kladno,1461.37
2025-26,R 29,29,Č. Budějovice,1506.29
2025-26,R 30,30,BK Mladá Boleslav,1470.07
2025-26,R 30,30,Bílí Tygři Liberec,1486.35
2025-26,R 30,30,HC Dynamo Pardubice,1525.61
2025-26,R 30,30,HC Energie Karlovy Vary,1474.37
2025-26,R 30,30,HC Kometa Brno,1482.58
2025-26,R 30,30,HC Oceláři Třinec,1593.92
2025-26,R 30,30,HC Olomouc,1489.29
2025-26,R 30,30,HC Sparta Praha,1524.93
2025-26,R 30,30,HC VERVA Litvínov,1388.74
2025-26,R 30,30,HC VÍTKOVICE RIDERA,1506.12
2025-26,R 30,30,HC Škoda Plzeň,1532.38
2025-26,R 30,30,Mountfield HK,1563.69
2025-26,R 30,30,Rytíři Kladno,1446.31
2025-26,R 30,30,Č. Budějovice,1515.64
2025-26,R 31,31,BK Mladá Boleslav,1461.03
2025-26,R 31,31,Bílí Tygři Liberec,1486.35
2025-26,R 31,31,HC Dynamo Pardubice,1538.33
2025-26,R 31,31,HC Energie Karlovy Vary,1474.37
2025-26,R 31,31,HC Kometa Brno,1493.53
2025-26,R 31,31,HC Oceláři Třinec,1581.2
2025-26,R 31,31,HC Olomouc,1499.78
2025-26,R 31,31,HC Sparta Praha,1533.97
2025-26,R 31,31,HC VERVA Litvínov,1383.29
2025-26,R 31,31,HC VÍTKOVICE RIDERA,1495.63
2025-26,R 31,31,HC Škoda Plzeň,1539.95
2025-26,R 31,31,Mountfield HK,1569.13
2025-26,R 31,31,Rytíři Kladno,1438.74
2025-26,R 31,31,Č. Budějovice,1504.69
2025-26,R 32,32,BK Mladá Boleslav,1461.03
2025-26,R 32,32,Bílí Tygři Liberec,1477.72
2025-26,R 32,32,HC Dynamo Pardubice,1538.33
2025-26,R 32,32,HC Energie Karlovy Vary,1474.37
2025-26,R 32,32,HC Kometa Brno,1493.53
2025-26,R 32,32,HC Oceláři Třinec,1581.2
2025-26,R 32,32,HC Olomouc,1499.78
2025-26,R 32,32,HC Sparta Praha,1542.61
2025-26,R 32,32,HC VERVA Litvínov,1383.29
2025-26,R 32,32,HC VÍTKOVICE RIDERA,1495.63
2025-26,R 32,32,HC Škoda Plzeň,1539.95
2025-26,R 32,32,Mountfield HK,1569.13
2025-26,R 32,32,Rytíři Kladno,1438.74
2025-26,R 32,32,Č. Budějovice,1504.69
2025-26,R 33,33,BK Mladá Boleslav,1461.03
2025-26,R 33,33,Bílí Tygři Liberec,1489.28
2025-26,R 33,33,HC Dynamo Pardubice,1538.33
2025-26,R 33,33,HC Energie Karlovy Vary,1474.37
2025-26,R 33,33,HC Kometa Brno,1493.53
2025-26,R 33,33,HC Oceláři Třinec,1581.2
2025-26,R 33,33,HC Olomouc,1488.21
2025-26,R 33,33,HC Sparta Praha,1542.61
2025-26,R 33,33,HC VERVA Litvínov,1383.29
2025-26,R 33,33,HC VÍTKOVICE RIDERA,1506.86
2025-26,R 33,33,HC Škoda Plzeň,1539.95
2025-26,R 33,33,Mountfield HK,1569.13
2025-26,R 33,33,Rytíři Kladno,1438.74
2025-26,R 33,33,Č. Budějovice,1493.47
2025-26,R 34,34,BK Mladá Boleslav,1475.79
2025-26,R 34,34,Bílí Tygři Liberec,1504.88
2025-26,R 34,34,HC Dynamo Pardubice,1538.33
2025-26,R 34,34,HC Energie Karlovy Vary,1487.03
2025-26,R 34,34,HC Kometa Brno,1493.53
2025-26,R 34,34,HC Oceláři Třinec,1566.87
2025-26,R 34,34,HC Olomouc,1473.45
2025-26,R 34,34,HC Sparta Praha,1527.01
2025-26,R 34,34,HC VERVA Litvínov,1396.36
2025-26,R 34,34,HC VÍTKOVICE RIDERA,1495.77
2025-26,R 34,34,HC Škoda Plzeň,1527.29
2025-26,R 34,34,Mountfield HK,1580.22
2025-26,R 34,34,Rytíři Kladno,1453.06
2025-26,R 34,34,Č. Budějovice,1480.4
2025-26,R 35,35,BK Mladá Boleslav,1487.54
2025-26,R 35,35,Bílí Tygři Liberec,1493.13
2025-26,R 35,35,HC Dynamo Pardubice,1546.31
2025-26,R 35,35,HC Energie Karlovy Vary,1469.63
2025-26,R 35,35,HC Kometa Brno,1505.61
2025-26,R 35,35,HC Oceláři Třinec,1554.79
2025-26,R 35,35,HC Olomouc,1473.45
2025-26,R 35,35,HC Sparta Praha,1537.02
2025-26,R 35,35,HC VERVA Litvínov,1388.38
2025-26,R 35,35,HC VÍTKOVICE RIDERA,1495.77
2025-26,R 35,35,HC Škoda Plzeň,1517.29
2025-26,R 35,35,Mountfield HK,1580.22
2025-26,R 35,35,Rytíři Kladno,1470.46
2025-26,R 35,35,Č. Budějovice,1480.4
2025-26,R 36,36,BK Mladá Boleslav,1487.54
2025-26,R 36,36,Bílí Tygři Liberec,1493.13
2025-26,R 36,36,HC Dynamo Pardubice,1546.31
2025-26,R 36,36,HC Energie Karlovy Vary,1469.63
2025-26,R 36,36,HC Kometa Brno,1505.61
2025-26,R 36,36,HC Oceláři Třinec,1554.79
2025-26,R 36,36,HC Olomouc,1460.42
2025-26,R 36,36,HC Sparta Praha,1537.02
2025-26,R 36,36,HC VERVA Litvínov,1388.38
2025-26,R 36,36,HC VÍTKOVICE RIDERA,1495.77
2025-26,R 36,36,HC Škoda Plzeň,1517.29
2025-26,R 36,36,Mountfield HK,1593.25
2025-26,R 36,36,Rytíři Kladno,1470.46
2025-26,R 36,36,Č. Budějovice,1480.4
2025-26,R 37,37,BK Mladá Boleslav,1487.54
2025-26,R 37,37,Bílí Tygři Liberec,1493.13
2025-26,R 37,37,HC Dynamo Pardubice,1556.8
2025-26,R 37,37,HC Energie Karlovy Vary,1459.15
2025-26,R 37,37,HC Kometa Brno,1505.61
2025-26,R 37,37,HC Oceláři Třinec,1543.11
2025-26,R 37,37,HC Olomouc,1460.42
2025-26,R 37,37,HC Sparta Praha,1537.02
2025-26,R 37,37,HC VERVA Litvínov,1377.46
2025-26,R 37,37,HC VÍTKOVICE RIDERA,1507.45
2025-26,R 37,37,HC Škoda Plzeň,1528.21
2025-26,R 37,37,Mountfield HK,1593.25
2025-26,R 37,37,Rytíři Kladno,1470.46
2025-26,R 37,37,Č. Budějovice,1480.4
2025-26,R 38,38,BK Mladá Boleslav,1477.33
2025-26,R 38,38,Bílí Tygři Liberec,1493.13
2025-26,R 38,38,HC Dynamo Pardubice,1556.8
2025-26,R 38,38,HC Energie Karlovy Vary,1459.15
2025-26,R 38,38,HC Kometa Brno,1517.88
2025-26,R 38,38,HC Oceláři Třinec,1543.11
2025-26,R 38,38,HC Olomouc,1460.42
2025-26,R 38,38,HC Sparta Praha,1552.71
2025-26,R 38,38,HC VERVA Litvínov,1377.46
2025-26,R 38,38,HC VÍTKOVICE RIDERA,1507.45
2025-26,R 38,38,HC Škoda Plzeň,1528.21
2025-26,R 38,38,Mountfield HK,1577.56
2025-26,R 38,38,Rytíři Kladno,1458.19
2025-26,R 38,38,Č. Budějovice,1490.6
2025-26,R 39,39,BK Mladá Boleslav,1488.79
2025-26,R 39,39,Bílí Tygři Liberec,1505.51
2025-26,R 39,39,HC Dynamo Pardubice,1545.39
2025-26,R 39,39,HC Energie Karlovy Vary,1470.82
2025-26,R 39,39,HC Kometa Brno,1506.21
2025-26,R 39,39,HC Oceláři Třinec,1524.5
2025-26,R 39,39,HC Olomouc,1451.29
2025-26,R 39,39,HC Sparta Praha,1564.04
2025-26,R 39,39,HC VERVA Litvínov,1396.07
2025-26,R 39,39,HC VÍTKOVICE RIDERA,1518.86
2025-26,R 39,39,HC Škoda Plzeň,1516.75
2025-26,R 39,39,Mountfield HK,1565.18
2025-26,R 39,39,Rytíři Kladno,1446.86
2025-26,R 39,39,Č. Budějovice,1499.74
2025-26,R 40,40,BK Mladá Boleslav,1500.95
2025-26,R 40,40,Bílí Tygři Liberec,1519.11
2025-26,R 40,40,HC Dynamo Pardubice,1535.92
2025-26,R 40,40,HC Energie Karlovy Vary,1482.36
2025-26,R 40,40,HC Kometa Brno,1494.64
2025-26,R 40,40,HC Oceláři Třinec,1512.96
2025-26,R 40,40,HC Olomouc,1462.85
2025-26,R 40,40,HC Sparta Praha,1573.5
2025-26,R 40,40,HC VERVA Litvínov,1387.53
2025-26,R 40,40,HC VÍTKOVICE RIDERA,1518.86
2025-26,R 40,40,HC Škoda Plzeň,1516.75
2025-26,R 40,40,Mountfield HK,1553.02
2025-26,R 40,40,Rytíři Kladno,1455.4
2025-26,R 40,40,Č. Budějovice,1486.14
2025-26,R 41,41,BK Mladá Boleslav,1500.95
2025-26,R 41,41,Bílí Tygři Liberec,1519.11
2025-26,R 41,41,HC Dynamo Pardubice,1535.92
2025-26,R 41,41,HC Energie Karlovy Vary,1482.36
2025-26,R 41,41,HC Kometa Brno,1494.64
2025-26,R 41,41,HC Oceláři Třinec,1512.96
2025-26,R 41,41,HC Olomouc,1462.85
2025-26,R 41,41,HC Sparta Praha,1573.5
2025-26,R 41,41,HC VERVA Litvínov,1387.53
2025-26,R 41,41,HC VÍTKOVICE RIDERA,1497.96
2025-26,R 41,41,HC Škoda Plzeň,1537.65
2025-26,R 41,41,Mountfield HK,1553.02
2025-26,R 41,41,Rytíři Kladno,1455.4
2025-26,R 41,41,Č. Budějovice,1486.14
2025-26,R 42,42,BK Mladá Boleslav,1481.11
2025-26,R 42,42,Bílí Tygři Liberec,1509.64
2025-26,R 42,42,HC Dynamo Pardubice,1547.36
2025-26,R 42,42,HC Energie Karlovy Vary,1496.74
2025-26,R 42,42,HC Kometa Brno,1474.7
2025-26,R 42,42,HC Oceláři Třinec,1524.58
2025-26,R 42,42,HC Olomouc,1451.24
2025-26,R 42,42,HC Sparta Praha,1560.33
2025-26,R 42,42,HC VERVA Litvínov,1407.46
2025-26,R 42,42,HC VÍTKOVICE RIDERA,1483.58
2025-26,R 42,42,HC Škoda Plzeň,1547.12
2025-26,R 42,42,Mountfield HK,1541.58
2025-26,R 42,42,Rytíři Kladno,1475.25
2025-26,R 42,42,Č. Budějovice,1499.31
2025-26,R 43,43,BK Mladá Boleslav,1470.92
2025-26,R 43,43,Bílí Tygři Liberec,1521.61
2025-26,R 43,43,HC Dynamo Pardubice,1535.39
2025-26,R 43,43,HC Energie Karlovy Vary,1504.22
2025-26,R 43,43,HC Kometa Brno,1484.89
2025-26,R 43,43,HC Oceláři Třinec,1515.6
2025-26,R 43,43,HC Olomouc,1463.93
2025-26,R 43,43,HC Sparta Praha,1569.31
2025-26,R 43,43,HC VERVA Litvínov,1399.97
2025-26,R 43,43,HC VÍTKOVICE RIDERA,1469.44
2025-26,R 43,43,HC Škoda Plzeň,1534.43
2025-26,R 43,43,Mountfield HK,1551.05
2025-26,R 43,43,Rytíři Kladno,1489.39
2025-26,R 43,43,Č. Budějovice,1489.84
2025-26,R 44,44,BK Mladá Boleslav,1470.92
2025-26,R 44,44,Bílí Tygři Liberec,1521.61
2025-26,R 44,44,HC Dynamo Pardubice,1535.39
2025-26,R 44,44,HC Energie Karlovy Vary,1504.22
2025-26,R 44,44,HC Kometa Brno,1484.89
2025-26,R 44,44,HC Oceláři Třinec,1535.03
2025-26,R 44,44,HC Olomouc,1480.24
2025-26,R 44,44,HC Sparta Praha,1569.31
2025-26,R 44,44,HC VERVA Litvínov,1399.97
2025-26,R 44,44,HC VÍTKOVICE RIDERA,1453.13
2025-26,R 44,44,HC Škoda Plzeň,1534.43
2025-26,R 44,44,Mountfield HK,1531.63
2025-26,R 44,44,Rytíři Kladno,1489.39
2025-26,R 44,44,Č. Budějovice,1489.84
2025-26,R 45,45,BK Mladá Boleslav,1459.93
2025-26,R 45,45,Bílí Tygři Liberec,1532.95
2025-26,R 45,45,HC Dynamo Pardubice,1546.39
2025-26,R 45,45,HC Energie Karlovy Vary,1514.34
2025-26,R 45,45,HC Kometa Brno,1497.99
2025-26,R 45,45,HC Oceláři Třinec,1523.69
2025-26,R 45,45,HC Olomouc,1470.12
2025-26,R 45,45,HC Sparta Praha,1556.21
2025-26,R 45,45,HC VERVA Litvínov,1388.49
2025-26,R 45,45,HC VÍTKOVICE RIDERA,1464.61
2025-26,R 45,45,HC Škoda Plzeň,1523.15
2025-26,R 45,45,Mountfield HK,1540.42
2025-26,R 45,45,Rytíři Kladno,1480.6
2025-26,R 45,45,Č. Budějovice,1501.11
2025-26,R 46,46,BK Mladá Boleslav,1448.9
2025-26,R 46,46,Bílí Tygři Liberec,1519.02
2025-26,R 46,46,HC Dynamo Pardubice,1558.21
2025-26,R 46,46,HC Energie Karlovy Vary,1498.87
2025-26,R 46,46,HC Kometa Brno,1487.03
2025-26,R 46,46,HC Oceláři Třinec,1534.71
2025-26,R 46,46,HC Olomouc,1484.34
2025-26,R 46,46,HC Sparta Praha,1571.68
2025-26,R 46,46,HC VERVA Litvínov,1402.43
2025-26,R 46,46,HC VÍTKOVICE RIDERA,1475.57
2025-26,R 46,46,HC Škoda Plzeň,1513.65
2025-26,R 46,46,Mountfield HK,1549.92
2025-26,R 46,46,Rytíři Kladno,1466.39
2025-26,R 46,46,Č. Budějovice,1489.29
2025-26,R 47,47,BK Mladá Boleslav,1448.9
2025-26,R 47,47,Bílí Tygři Liberec,1519.02
2025-26,R 47,47,HC Dynamo Pardubice,1546.12
2025-26,R 47,47,HC Energie Karlovy Vary,1498.87
2025-26,R 47,47,HC Kometa Brno,1487.03
2025-26,R 47,47,HC Oceláři Třinec,1521.55
2025-26,R 47,47,HC Olomouc,1496.43
2025-26,R 47,47,HC Sparta Praha,1571.68
2025-26,R 47,47,HC VERVA Litvínov,1402.43
2025-26,R 47,47,HC VÍTKOVICE RIDERA,1465.95
2025-26,R 47,47,HC Škoda Plzeň,1523.27
2025-26,R 47,47,Mountfield HK,1563.09
2025-26,R 47,47,Rytíři Kladno,1466.39
2025-26,R 47,47,Č. Budějovice,1489.29
2025-26,R 48,48,BK Mladá Boleslav,1459.39
2025-26,R 48,48,Bílí Tygři Liberec,1507.2
2025-26,R 48,48,HC Dynamo Pardubice,1546.12
2025-26,R 48,48,HC Energie Karlovy Vary,1514.8
2025-26,R 48,48,HC Kometa Brno,1498.85
2025-26,R 48,48,HC Oceláři Třinec,1531.6
2025-26,R 48,48,HC Olomouc,1496.43
2025-26,R 48,48,HC Sparta Praha,1557.16
2025-26,R 48,48,HC VERVA Litvínov,1416.95
2025-26,R 48,48,HC VÍTKOVICE RIDERA,1455.46
2025-26,R 48,48,HC Škoda Plzeň,1513.22
2025-26,R 48,48,Mountfield HK,1547.15
2025-26,R 48,48,Rytíři Kladno,1457.04
2025-26,R 48,48,Č. Budějovice,1498.63
2025-26,R 49,49,BK Mladá Boleslav,1448.01
2025-26,R 49,49,Bílí Tygři Liberec,1518.81
2025-26,R 49,49,HC Dynamo Pardubice,1555.17
2025-26,R 49,49,HC Energie Karlovy Vary,1526.18
2025-26,R 49,49,HC Kometa Brno,1490.24
2025-26,R 49,49,HC Oceláři Třinec,1520.65
2025-26,R 49,49,HC Olomouc,1504.18
2025-26,R 49,49,HC Sparta Praha,1540.14
2025-26,R 49,49,HC VERVA Litvínov,1409.2
2025-26,R 49,49,HC VÍTKOVICE RIDERA,1472.48
2025-26,R 49,49,HC Škoda Plzeň,1504.16
2025-26,R 49,49,Mountfield HK,1555.77
2025-26,R 49,49,Rytíři Kladno,1445.43
2025-26,R 49,49,Č. Budějovice,1509.58
2025-26,R 50,50,BK Mladá Boleslav,1428.44
2025-26,R 50,50,Bílí Tygři Liberec,1503.43
2025-26,R 50,50,HC Dynamo Pardubice,1562.11
2025-26,R 50,50,HC Energie Karlovy Vary,1535.71
2025-26,R 50,50,HC Kometa Brno,1500.64
2025-26,R 50,50,HC Oceláři Třinec,1520.65
2025-26,R 50,50,HC Olomouc,1488.37
2025-26,R 50,50,HC Sparta Praha,1555.95
2025-26,R 50,50,HC VERVA Litvínov,1428.76
2025-26,R 50,50,HC VÍTKOVICE RIDERA,1487.86
2025-26,R 50,50,HC Škoda Plzeň,1493.76
2025-26,R 50,50,Mountfield HK,1555.77
2025-26,R 50,50,Rytíři Kladno,1438.49
2025-26,R 50,50,Č. Budějovice,1500.05
2025-26,R 51,51,BK Mladá Boleslav,1428.44
2025-26,R 51,51,Bílí Tygři Liberec,1494.36
2025-26,R 51,51,HC Dynamo Pardubice,1571.62
2025-26,R 51,51,HC Energie Karlovy Vary,1544.78
2025-26,R 51,51,HC Kometa Brno,1490.62
2025-26,R 51,51,HC Oceláři Třinec,1511.15
2025-26,R 51,51,HC Olomouc,1468.89
2025-26,R 51,51,HC Sparta Praha,1555.95
2025-26,R 51,51,HC VERVA Litvínov,1442.26
2025-26,R 51,51,HC VÍTKOVICE RIDERA,1507.34
2025-26,R 51,51,HC Škoda Plzeň,1505.15
2025-26,R 51,51,Mountfield HK,1542.27
2025-26,R 51,51,Rytíři Kladno,1427.1
2025-26,R 51,51,Č. Budějovice,1510.07
2025-26,R 52,52,BK Mladá Boleslav,1443.63
2025-26,R 52,52,Bílí Tygři Liberec,1494.36
2025-26,R 52,52,HC Dynamo Pardubice,1581.93
2025-26,R 52,52,HC Energie Karlovy Vary,1533.64
2025-26,R 52,52,HC Kometa Brno,1480.31
2025-26,R 52,52,HC Oceláři Třinec,1519.22
2025-26,R 52,52,HC Olomouc,1453.7
2025-26,R 52,52,HC Sparta Praha,1555.95
2025-26,R 52,52,HC VERVA Litvínov,1458.3
2025-26,R 52,52,HC VÍTKOVICE RIDERA,1497.61
2025-26,R 52,52,HC Škoda Plzeň,1516.29
2025-26,R 52,52,Mountfield HK,1552.0
2025-26,R 52,52,Rytíři Kladno,1419.03
2025-26,R 52,52,Č. Budějovice,1494.03
2025-26,R 53,53,BK Mladá Boleslav,1435.08
2025-26,R 53,53,Bílí Tygři Liberec,1502.91
2025-26,R 53,53,HC Dynamo Pardubice,1588.51
2025-26,R 53,53,HC Energie Karlovy Vary,1519.88
2025-26,R 53,53,HC Kometa Brno,1471.43
2025-26,R 53,53,HC Oceláři Třinec,1528.11
2025-26,R 53,53,HC Olomouc,1446.45
2025-26,R 53,53,HC Sparta Praha,1555.95
2025-26,R 53,53,HC VERVA Litvínov,1451.72
2025-26,R 53,53,HC VÍTKOVICE RIDERA,1507.51
2025-26,R 53,53,HC Škoda Plzeň,1516.29
2025-26,R 53,53,Mountfield HK,1559.25
2025-26,R 53,53,Rytíři Kladno,1432.8
2025-26,R 53,53,Č. Budějovice,1484.13
2025-26,R 54,54,BK Mladá Boleslav,1447.33
2025-26,R 54,54,Bílí Tygři Liberec,1490.47
2025-26,R 54,54,HC Dynamo Pardubice,1576.56
2025-26,R 54,54,HC Energie Karlovy Vary,1531.83
2025-26,R 54,54,HC Kometa Brno,1459.43
2025-26,R 54,54,HC Oceláři Třinec,1538.35
2025-26,R 54,54,HC Olomouc,1458.89
2025-26,R 54,54,HC Sparta Praha,1555.95
2025-26,R 54,54,HC VERVA Litvínov,1435.23
2025-26,R 54,54,HC VÍTKOVICE RIDERA,1497.27
2025-26,R 54,54,HC Škoda Plzeň,1532.78
2025-26,R 54,54,Mountfield HK,1559.25
2025-26,R 54,54,Rytíři Kladno,1444.79
2025-26,R 54,54,Č. Budějovice,1471.88
2025-26,R 55,55,BK Mladá Boleslav,1435.58
2025-26,R 55,55,Bílí Tygři Liberec,1503.21
2025-26,R 55,55,HC Dynamo Pardubice,1586.94
2025-26,R 55,55,HC Energie Karlovy Vary,1539.77
2025-26,R 55,55,HC Kometa Brno,1451.49
2025-26,R 55,55,HC Oceláři Třinec,1545.46
2025-26,R 55,55,HC Olomouc,1449.26
2025-26,R 55,55,HC Sparta Praha,1542.86
2025-26,R 55,55,HC VERVA Litvínov,1428.11
2025-26,R 55,55,HC VÍTKOVICE RIDERA,1486.89
2025-26,R 55,55,HC Škoda Plzeň,1544.54
2025-26,R 55,55,Mountfield HK,1546.51
2025-26,R 55,55,Rytíři Kladno,1457.88
2025-26,R 55,55,Č. Budějovice,1481.51
2025-26,R 56,56,BK Mladá Boleslav,1435.58
2025-26,R 56,56,Bílí Tygři Liberec,1503.21
2025-26,R 56,56,HC Dynamo Pardubice,1595.68
2025-26,R 56,56,HC Energie Karlovy Vary,1539.77
2025-26,R 56,56,HC Kometa Brno,1441.42
2025-26,R 56,56,HC Oceláři Třinec,1545.46
2025-26,R 56,56,HC Olomouc,1459.33
2025-26,R 56,56,HC Sparta Praha,1534.12
2025-26,R 56,56,HC VERVA Litvínov,1442.96
2025-26,R 56,56,HC VÍTKOVICE RIDERA,1477.94
2025-26,R 56,56,HC Škoda Plzeň,1553.48
2025-26,R 56,56,Mountfield HK,1546.51
2025-26,R 56,56,Rytíři Kladno,1443.04
2025-26,R 56,56,Č. Budějovice,1481.51
2025-26,R 57,57,BK Mladá Boleslav,1435.58
2025-26,R 57,57,Bílí Tygři Liberec,1503.21
2025-26,R 57,57,HC Dynamo Pardubice,1595.68
2025-26,R 57,57,HC Energie Karlovy Vary,1526.17
2025-26,R 57,57,HC Kometa Brno,1441.42
2025-26,R 57,57,HC Oceláři Třinec,1559.06
2025-26,R 57,57,HC Olomouc,1459.33
2025-26,R 57,57,HC Sparta Praha,1534.12
2025-26,R 57,57,HC VERVA Litvínov,1442.96
2025-26,R 57,57,HC VÍTKOVICE RIDERA,1477.94
2025-26,R 57,57,HC Škoda Plzeň,1553.48
2025-26,R 57,57,Mountfield HK,1546.51
2025-26,R 57,57,Rytíři Kladno,1443.04
2025-26,R 57,57,Č. Budějovice,1481.51
2025-26,R 58,58,BK Mladá Boleslav,1419.88
2025-26,R 58,58,Bílí Tygři Liberec,1514.64
2025-26,R 58,58,HC Dynamo Pardubice,1584.27
2025-26,R 58,58,HC Energie Karlovy Vary,1534.79
2025-26,R 58,58,HC Kometa Brno,1459.41
2025-26,R 58,58,HC Oceláři Třinec,1542.09
2025-26,R 58,58,HC Olomouc,1476.29
2025-26,R 58,58,HC Sparta Praha,1534.12
2025-26,R 58,58,HC VERVA Litvínov,1424.97
2025-26,R 58,58,HC VÍTKOVICE RIDERA,1469.32
2025-26,R 58,58,HC Škoda Plzeň,1542.04
2025-26,R 58,58,Mountfield HK,1557.92
2025-26,R 58,58,Rytíři Kladno,1458.73
2025-26,R 58,58,Č. Budějovice,1481.51
2025-26,R 59,59,BK Mladá Boleslav,1411.01
2025-26,R 59,59,Bílí Tygři Liberec,1506.62
2025-26,R 59,59,HC Dynamo Pardubice,1592.29
2025-26,R 59,59,HC Energie Karlovy Vary,1521.73
2025-26,R 59,59,HC Kometa Brno,1468.28
2025-26,R 59,59,HC Oceláři Třinec,1552.79
2025-26,R 59,59,HC Olomouc,1476.29
2025-26,R 59,59,HC Sparta Praha,1523.42
2025-26,R 59,59,HC VERVA Litvínov,1438.03
2025-26,R 59,59,HC VÍTKOVICE RIDERA,1448.0
2025-26,R 59,59,HC Škoda Plzeň,1542.04
2025-26,R 59,59,Mountfield HK,1539.0
2025-26,R 59,59,Rytíři Kladno,1480.06
2025-26,R 59,59,Č. Budějovice,1500.43
2025-26,R 60,60,BK Mladá Boleslav,1411.01
2025-26,R 60,60,Bílí Tygři Liberec,1506.62
2025-26,R 60,60,HC Dynamo Pardubice,1592.29
2025-26,R 60,60,HC Energie Karlovy Vary,1521.73
2025-26,R 60,60,HC Kometa Brno,1468.28
2025-26,R 60,60,HC Oceláři Třinec,1552.79
2025-26,R 60,60,HC Olomouc,1468.16
2025-26,R 60,60,HC Sparta Praha,1523.42
2025-26,R 60,60,HC VERVA Litvínov,1438.03
2025-26,R 60,60,HC VÍTKOVICE RIDERA,1448.0
2025-26,R 60,60,HC Škoda Plzeň,1550.17
2025-26,R 60,60,Mountfield HK,1539.0
2025-26,R 60,60,Rytíři Kladno,1480.06
2025-26,R 60,60,Č. Budějovice,1500.43
2025-26,R 61,61,BK Mladá Boleslav,1425.06
2025-26,R 61,61,Bílí Tygři Liberec,1520.2
2025-26,R 61,61,HC Dynamo Pardubice,1592.29
2025-26,R 61,61,HC Energie Karlovy Vary,1521.73
2025-26,R 61,61,HC Kometa Brno,1468.28
2025-26,R 61,61,HC Oceláři Třinec,1552.79
2025-26,R 61,61,HC Olomouc,1468.16
2025-26,R 61,61,HC Sparta Praha,1535.18
2025-26,R 61,61,HC VERVA Litvínov,1426.27
2025-26,R 61,61,HC VÍTKOVICE RIDERA,1448.0
2025-26,R 61,61,HC Škoda Plzeň,1550.17
2025-26,R 61,61,Mountfield HK,1524.95
2025-26,R 61,61,Rytíři Kladno,1480.06
2025-26,R 61,61,Č. Budějovice,1486.85
2025-26,R 62,62,BK Mladá Boleslav,1425.06
2025-26,R 62,62,Bílí Tygři Liberec,1520.2
2025-26,R 62,62,HC Dynamo Pardubice,1592.29
2025-26,R 62,62,HC Energie Karlovy Vary,1521.73
2025-26,R 62,62,HC Kometa Brno,1480.97
2025-26,R 62,62,HC Oceláři Třinec,1552.79
2025-26,R 62,62,HC Olomouc,1468.16
2025-26,R 62,62,HC Sparta Praha,1522.49
2025-26,R 62,62,HC VERVA Litvínov,1426.27
2025-26,R 62,62,HC VÍTKOVICE RIDERA,1448.0
2025-26,R 62,62,HC Škoda Plzeň,1550.17
2025-26,R 62,62,Mountfield HK,1524.95
2025-26,R 62,62,Rytíři Kladno,1480.06
2025-26,R 62,62,Č. Budějovice,1486.85
2025-26,R 63,63,BK Mladá Boleslav,1439.83
2025-26,R 63,63,Bílí Tygři Liberec,1532.04
2025-26,R 63,63,HC Dynamo Pardubice,1577.52
2025-26,R 63,63,HC Energie Karlovy Vary,1535.04
2025-26,R 63,63,HC Kometa Brno,1480.97
2025-26,R 63,63,HC Oceláři Třinec,1540.95
2025-26,R 63,63,HC Olomouc,1454.86
2025-26,R 63,63,HC Sparta Praha,1522.49
2025-26,R 63,63,HC VERVA Litvínov,1413.4
2025-26,R 63,63,HC VÍTKOVICE RIDERA,1460.87
2025-26,R 63,63,HC Škoda Plzeň,1531.71
2025-26,R 63,63,Mountfield HK,1533.67
2025-26,R 63,63,Rytíři Kladno,1471.34
2025-26,R 63,63,Č. Budějovice,1505.31
2025-26,R 64,64,BK Mladá Boleslav,1452.66
2025-26,R 64,64,Bílí Tygři Liberec,1540.87
2025-26,R 64,64,HC Dynamo Pardubice,1589.91
2025-26,R 64,64,HC Energie Karlovy Vary,1524.68
2025-26,R 64,64,HC Kometa Brno,1490.39
2025-26,R 64,64,HC Oceláři Třinec,1528.12
2025-26,R 64,64,HC Olomouc,1444.47
2025-26,R 64,64,HC Sparta Praha,1532.86
2025-26,R 64,64,HC VERVA Litvínov,1404.57
2025-26,R 64,64,HC VÍTKOVICE RIDERA,1451.44
2025-26,R 64,64,HC Škoda Plzeň,1521.77
2025-26,R 64,64,Mountfield HK,1543.61
2025-26,R 64,64,Rytíři Kladno,1481.73
2025-26,R 64,64,Č. Budějovice,1492.92
2025-26,R 65,65,BK Mladá Boleslav,1452.66
2025-26,R 65,65,Bílí Tygři Liberec,1540.87
2025-26,R 65,65,HC Dynamo Pardubice,1589.91
2025-26,R 65,65,HC Energie Karlovy Vary,1524.68
2025-26,R 65,65,HC Kometa Brno,1490.39
2025-26,R 65,65,HC Oceláři Třinec,1517.94
2025-26,R 65,65,HC Olomouc,1444.47
2025-26,R 65,65,HC Sparta Praha,1523.16
2025-26,R 65,65,HC VERVA Litvínov,1404.57
2025-26,R 65,65,HC VÍTKOVICE RIDERA,1451.44
2025-26,R 65,65,HC Škoda Plzeň,1531.95
2025-26,R 65,65,Mountfield HK,1553.3
2025-26,R 65,65,Rytíři Kladno,1481.73
2025-26,R 65,65,Č. Budějovice,1492.92
2025-26,R 66,66,BK Mladá Boleslav,1452.66
2025-26,R 66,66,Bílí Tygři Liberec,1540.87
2025-26,R 66,66,HC Dynamo Pardubice,1603.33
2025-26,R 66,66,HC Energie Karlovy Vary,1524.68
2025-26,R 66,66,HC Kometa Brno,1476.96
2025-26,R 66,66,HC Oceláři Třinec,1517.94
2025-26,R 66,66,HC Olomouc,1444.47
2025-26,R 66,66,HC Sparta Praha,1523.16
2025-26,R 66,66,HC VERVA Litvínov,1404.57
2025-26,R 66,66,HC VÍTKOVICE RIDERA,1451.44
2025-26,R 66,66,HC Škoda Plzeň,1531.95
2025-26,R 66,66,Mountfield HK,1553.3
2025-26,R 66,66,Rytíři Kladno,1481.73
2025-26,R 66,66,Č. Budějovice,1492.92
2025-26,R 67,67,BK Mladá Boleslav,1462.63
2025-26,R 67,67,Bílí Tygři Liberec,1553.66
2025-26,R 67,67,HC Dynamo Pardubice,1609.05
2025-26,R 67,67,HC Energie Karlovy Vary,1535.5
2025-26,R 67,67,HC Kometa Brno,1464.17
2025-26,R 67,67,HC Oceláři Třinec,1517.94
2025-26,R 67,67,HC Olomouc,1438.75
2025-26,R 67,67,HC Sparta Praha,1523.16
2025-26,R 67,67,HC VERVA Litvínov,1404.57
2025-26,R 67,67,HC VÍTKOVICE RIDERA,1441.48
2025-26,R 67,67,HC Škoda Plzeň,1531.95
2025-26,R 67,67,Mountfield HK,1542.48
2025-26,R 67,67,Rytíři Kladno,1492.05
2025-26,R 67,67,Č. Budějovice,1482.6
2025-26,R 68,68,BK Mladá Boleslav,1450.27
2025-26,R 68,68,Bílí Tygři Liberec,1562.47
2025-26,R 68,68,HC Dynamo Pardubice,1596.87
2025-26,R 68,68,HC Energie Karlovy Vary,1547.86
2025-26,R 68,68,HC Kometa Brno,1476.38
2025-26,R 68,68,HC Oceláři Třinec,1526.92
2025-26,R 68,68,HC Olomouc,1448.51
2025-26,R 68,68,HC Sparta Praha,1523.16
2025-26,R 68,68,HC VERVA Litvínov,1394.82
2025-26,R 68,68,HC VÍTKOVICE RIDERA,1441.48
2025-26,R 68,68,HC Škoda Plzeň,1544.13
2025-26,R 68,68,Mountfield HK,1530.26
2025-26,R 68,68,Rytíři Kladno,1483.24
2025-26,R 68,68,Č. Budějovice,1473.62
2025-26,R 69,69,BK Mladá Boleslav,1450.27
2025-26,R 69,69,Bílí Tygři Liberec,1562.47
2025-26,R 69,69,HC Dynamo Pardubice,1596.87
2025-26,R 69,69,HC Energie Karlovy Vary,1547.86
2025-26,R 69,69,HC Kometa Brno,1476.38
2025-26,R 69,69,HC Oceláři Třinec,1526.92
2025-26,R 69,69,HC Olomouc,1437.93
2025-26,R 69,69,HC Sparta Praha,1533.73
2025-26,R 69,69,HC VERVA Litvínov,1394.82
2025-26,R 69,69,HC VÍTKOVICE RIDERA,1441.48
2025-26,R 69,69,HC Škoda Plzeň,1544.13
2025-26,R 69,69,Mountfield HK,1530.26
2025-26,R 69,69,Rytíři Kladno,1483.24
2025-26,R 69,69,Č. Budějovice,1473.62
2025-26,R 70,70,BK Mladá Boleslav,1458.69
2025-26,R 70,70,Bílí Tygři Liberec,1572.62
2025-26,R 70,70,HC Dynamo Pardubice,1603.71
2025-26,R 70,70,HC Energie Karlovy Vary,1558.45
2025-26,R 70,70,HC Kometa Brno,1463.78
2025-26,R 70,70,HC Oceláři Třinec,1513.22
2025-26,R 70,70,HC Olomouc,1437.93
2025-26,R 70,70,HC Sparta Praha,1533.73
2025-26,R 70,70,HC VERVA Litvínov,1386.4
2025-26,R 70,70,HC VÍTKOVICE RIDERA,1431.33
2025-26,R 70,70,HC Škoda Plzeň,1556.74
2025-26,R 70,70,Mountfield HK,1543.97
2025-26,R 70,70,Rytíři Kladno,1476.4
2025-26,R 70,70,Č. Budějovice,1463.03
2025-26,R 71,71,BK Mladá Boleslav,1448.13
2025-26,R 71,71,Bílí Tygři Liberec,1562.21
2025-26,R 71,71,HC Dynamo Pardubice,1591.16
2025-26,R 71,71,HC Energie Karlovy Vary,1568.86
2025-26,R 71,71,HC Kometa Brno,1463.78
2025-26,R 71,71,HC Oceláři Třinec,1525.76
2025-26,R 71,71,HC Olomouc,1437.93
2025-26,R 71,71,HC Sparta Praha,1544.29
2025-26,R 71,71,HC VERVA Litvínov,1378.96
2025-26,R 71,71,HC VÍTKOVICE RIDERA,1431.33
2025-26,R 71,71,HC Škoda Plzeň,1540.33
2025-26,R 71,71,Mountfield HK,1551.41
2025-26,R 71,71,Rytíři Kladno,1492.81
2025-26,R 71,71,Č. Budějovice,1463.03
2025-26,R 72,72,BK Mladá Boleslav,1448.13
2025-26,R 72,72,Bílí Tygři Liberec,1552.4
2025-26,R 72,72,HC Dynamo Pardubice,1591.16
2025-26,R 72,72,HC Energie Karlovy Vary,1578.66
2025-26,R 72,72,HC Kometa Brno,1473.75
2025-26,R 72,72,HC Oceláři Třinec,1525.76
2025-26,R 72,72,HC Olomouc,1437.93
2025-26,R 72,72,HC Sparta Praha,1544.29
2025-26,R 72,72,HC VERVA Litvínov,1378.96
2025-26,R 72,72,HC VÍTKOVICE RIDERA,1431.33
2025-26,R 72,72,HC Škoda Plzeň,1540.33
2025-26,R 72,72,Mountfield HK,1551.41
2025-26,R 72,72,Rytíři Kladno,1492.81
2025-26,R 72,72,Č. Budějovice,1453.05
2025-26,R 73,73,BK Mladá Boleslav,1448.13
2025-26,R 73,73,Bílí Tygři Liberec,1552.4
2025-26,R 73,73,HC Dynamo Pardubice,1591.16
2025-26,R 73,73,HC Energie Karlovy Vary,1578.66
2025-26,R 73,73,HC Kometa Brno,1473.75
2025-26,R 73,73,HC Oceláři Třinec,1525.76
2025-26,R 73,73,HC Olomouc,1437.93
2025-26,R 73,73,HC Sparta Praha,1551.72
2025-26,R 73,73,HC VERVA Litvínov,1378.96
2025-26,R 73,73,HC VÍTKOVICE RIDERA,1431.33
2025-26,R 73,73,HC Škoda Plzeň,1540.33
2025-26,R 73,73,Mountfield HK,1551.41
2025-26,R 73,73,Rytíři Kladno,1492.81
2025-26,R 73,73,Č. Budějovice,1445.62
2025-26,R 74,74,BK Mladá Boleslav,1448.13
2025-26,R 74,74,Bílí Tygři Liberec,1552.4
2025-26,R 74,74,HC Dynamo Pardubice,1591.16
2025-26,R 74,74,HC Energie Karlovy Vary,1578.66
2025-26,R 74,74,HC Kometa Brno,1473.75
2025-26,R 74,74,HC Oceláři Třinec,1525.76
2025-26,R 74,74,HC Olomouc,1437.93
2025-26,R 74,74,HC Sparta Praha,1537.48
2025-26,R 74,74,HC VERVA Litvínov,1378.96
2025-26,R 74,74,HC VÍTKOVICE RIDERA,1431.33
2025-26,R 74,74,HC Škoda Plzeň,1554.57
2025-26,R 74,74,Mountfield HK,1551.41
2025-26,R 74,74,Rytíři Kladno,1492.81
2025-26,R 74,74,Č. Budějovice,1445.62
2025-26,R 75,75,BK Mladá Boleslav,1440.65
2025-26,R 75,75,Bílí Tygři Liberec,1552.4
2025-26,R 75,75,HC Dynamo Pardubice,1591.16
2025-26,R 75,75,HC Energie Karlovy Vary,1578.66
2025-26,R 75,75,HC Kometa Brno,1473.75
2025-26,R 75,75,HC Oceláři Třinec,1525.76
2025-26,R 75,75,HC Olomouc,1437.93
2025-26,R 75,75,HC Sparta Praha,1544.96
2025-26,R 75,75,HC VERVA Litvínov,1378.96
2025-26,R 75,75,HC VÍTKOVICE RIDERA,1431.33
2025-26,R 75,75,HC Škoda Plzeň,1554.57
2025-26,R 75,75,Mountfield HK,1551.41
2025-26,R 75,75,Rytíři Kladno,1492.81
2025-26,R 75,75,Č. Budějovice,1445.62
2025-26,R 76,76,BK Mladá Boleslav,1450.57
2025-26,R 76,76,Bílí Tygři Liberec,1552.4
2025-26,R 76,76,HC Dynamo Pardubice,1591.16
2025-26,R 76,76,HC Energie Karlovy Vary,1578.66
2025-26,R 76,76,HC Kometa Brno,1473.75
2025-26,R 76,76,HC Oceláři Třinec,1525.76
2025-26,R 76,76,HC Olomouc,1428.01
2025-26,R 76,76,HC Sparta Praha,1544.96
2025-26,R 76,76,HC VERVA Litvínov,1378.96
2025-26,R 76,76,HC VÍTKOVICE RIDERA,1431.33
2025-26,R 76,76,HC Škoda Plzeň,1554.57
2025-26,R 76,76,Mountfield HK,1551.41
2025-26,R 76,76,Rytíři Kladno,1492.81
2025-26,R 76,76,Č. Budějovice,1445.62
2025-26,R 77,77,BK Mladá Boleslav,1450.57
2025-26,R 77,77,Bílí Tygři Liberec,1542.19
2025-26,R 77,77,HC Dynamo Pardubice,1598.2
2025-26,R 77,77,HC Energie Karlovy Vary,1567.04
2025-26,R 77,77,HC Kometa Brno,1466.72
2025-26,R 77,77,HC Oceláři Třinec,1535.56
2025-26,R 77,77,HC Olomouc,1428.01
2025-26,R 77,77,HC Sparta Praha,1555.18
2025-26,R 77,77,HC VERVA Litvínov,1370.32
2025-26,R 77,77,HC VÍTKOVICE RIDERA,1421.14
2025-26,R 77,77,HC Škoda Plzeň,1566.19
2025-26,R 77,77,Mountfield HK,1561.6
2025-26,R 77,77,Rytíři Kladno,1483.01
2025-26,R 77,77,Č. Budějovice,1454.26
2025-26,R 78,78,BK Mladá Boleslav,1443.15
2025-26,R 78,78,Bílí Tygři Liberec,1549.61
2025-26,R 78,78,HC Dynamo Pardubice,1603.53
2025-26,R 78,78,HC Energie Karlovy Vary,1553.95
2025-26,R 78,78,HC Kometa Brno,1485.38
2025-26,R 78,78,HC Oceláři Třinec,1516.9
2025-26,R 78,78,HC Olomouc,1421.45
2025-26,R 78,78,HC Sparta Praha,1569.41
2025-26,R 78,78,HC VERVA Litvínov,1364.99
2025-26,R 78,78,HC VÍTKOVICE RIDERA,1432.09
2025-26,R 78,78,HC Škoda Plzeň,1551.96
2025-26,R 78,78,Mountfield HK,1568.16
2025-26,R 78,78,Rytíři Kladno,1496.1
2025-26,R 78,78,Č. Budějovice,1443.31
2025-26,R 79,79,BK Mladá Boleslav,1429.29
2025-26,R 79,79,Bílí Tygři Liberec,1558.09
2025-26,R 79,79,HC Dynamo Pardubice,1612.11
2025-26,R 79,79,HC Energie Karlovy Vary,1545.37
2025-26,R 79,79,HC Kometa Brno,1474.78
2025-26,R 79,79,HC Oceláři Třinec,1524.51
2025-26,R 79,79,HC Olomouc,1412.98
2025-26,R 79,79,HC Sparta Praha,1555.5
2025-26,R 79,79,HC VERVA Litvínov,1359.9
2025-26,R 79,79,HC VÍTKOVICE RIDERA,1424.49
2025-26,R 79,79,HC Škoda Plzeň,1557.04
2025-26,R 79,79,Mountfield HK,1582.07
2025-26,R 79,79,Rytíři Kladno,1506.7
2025-26,R 79,79,Č. Budějovice,1457.16
2025-26,R 80,80,BK Mladá Boleslav,1422.57
2025-26,R 80,80,Bílí Tygři Liberec,1575.11
2025-26,R 80,80,HC Dynamo Pardubice,1597.0
2025-26,R 80,80,HC Energie Karlovy Vary,1553.37
2025-26,R 80,80,HC Kometa Brno,1466.79
2025-26,R 80,80,HC Oceláři Třinec,1531.72
2025-26,R 80,80,HC Olomouc,1424.24
2025-26,R 80,80,HC Sparta Praha,1567.17
2025-26,R 80,80,HC VERVA Litvínov,1352.7
2025-26,R 80,80,HC VÍTKOVICE RIDERA,1439.6
2025-26,R 80,80,HC Škoda Plzeň,1563.77
2025-26,R 80,80,Mountfield HK,1565.05
2025-26,R 80,80,Rytíři Kladno,1495.03
2025-26,R 80,80,Č. Budějovice,1445.9
2025-26,R 81,81,BK Mladá Boleslav,1416.26
2025-26,R 81,81,Bílí Tygři Liberec,1561.55
2025-26,R 81,81,HC Dynamo Pardubice,1606.14
2025-26,R 81,81,HC Energie Karlovy Vary,1562.74
2025-26,R 81,81,HC Kometa Brno,1475.57
2025-26,R 81,81,HC Oceláři Třinec,1522.34
2025-26,R 81,81,HC Olomouc,1415.46
2025-26,R 81,81,HC Sparta Praha,1558.03
2025-26,R 81,81,HC VERVA Litvínov,1346.38
2025-26,R 81,81,HC VÍTKOVICE RIDERA,1430.98
2025-26,R 81,81,HC Škoda Plzeň,1572.39
2025-26,R 81,81,Mountfield HK,1571.36
2025-26,R 81,81,Rytíři Kladno,1501.34
2025-26,R 81,81,Č. Budějovice,1459.46
2025-26,R 82,82,BK Mladá Boleslav,1416.26
2025-26,R 82,82,Bílí Tygři Liberec,1561.55
2025-26,R 82,82,HC Dynamo Pardubice,1606.14
2025-26,R 82,82,HC Energie Karlovy Vary,1569.36
2025-26,R 82,82,HC Kometa Brno,1485.11
2025-26,R 82,82,HC Oceláři Třinec,1529.36
2025-26,R 82,82,HC Olomouc,1408.44
2025-26,R 82,82,HC Sparta Praha,1546.41
2025-26,R 82,82,HC VERVA Litvínov,1346.38
2025-26,R 82,82,HC VÍTKOVICE RIDERA,1424.37
2025-26,R 82,82,HC Škoda Plzeň,1572.39
2025-26,R 82,82,Mountfield HK,1571.36
2025-26,R 82,82,Rytíři Kladno,1512.96
2025-26,R 82,82,Č. Budějovice,1449.92
2025-26,R 83,83,BK Mladá Boleslav,1416.26
2025-26,R 83,83,Bílí Tygři Liberec,1561.55
2025-26,R 83,83,HC Dynamo Pardubice,1606.14
2025-26,R 83,83,HC Energie Karlovy Vary,1577.23
2025-26,R 83,83,HC Kometa Brno,1474.1
2025-26,R 83,83,HC Oceláři Třinec,1536.01
2025-26,R 83,83,HC Olomouc,1401.79
2025-26,R 83,83,HC Sparta Praha,1555.45
2025-26,R 83,83,HC VERVA Litvínov,1346.38
2025-26,R 83,83,HC VÍTKOVICE RIDERA,1416.49
2025-26,R 83,83,HC Škoda Plzeň,1572.39
2025-26,R 83,83,Mountfield HK,1571.36
2025-26,R 83,83,Rytíři Kladno,1503.92
2025-26,R 83,83,Č. Budějovice,1460.93
2025-26,R 84,84,BK Mladá Boleslav,1416.26
2025-26,R 84,84,Bílí Tygři Liberec,1561.55
2025-26,R 84,84,HC Dynamo Pardubice,1606.14
2025-26,R 84,84,HC Energie Karlovy Vary,1582.91
2025-26,R 84,84,HC Kometa Brno,1484.6
2025-26,R 84,84,HC Oceláři Třinec,1542.33
2025-26,R 84,84,HC Olomouc,1395.47
2025-26,R 84,84,HC Sparta Praha,1543.98
2025-26,R 84,84,HC VERVA Litvínov,1346.38
2025-26,R 84,84,HC VÍTKOVICE RIDERA,1410.82
2025-26,R 84,84,HC Škoda Plzeň,1572.39
2025-26,R 84,84,Mountfield HK,1571.36
2025-26,R 84,84,Rytíři Kladno,1515.39
2025-26,R 84,84,Č. Budějovice,1450.42
2025-26,R 85,85,BK Mladá Boleslav,1416.26
2025-26,R 85,85,Bílí Tygři Liberec,1561.55
2025-26,R 85,85,HC Dynamo Pardubice,1606.14
2025-26,R 85,85,HC Energie Karlovy Vary,1582.91
2025-26,R 85,85,HC Kometa Brno,1493.62
2025-26,R 85,85,HC Oceláři Třinec,1542.33
2025-26,R 85,85,HC Olomouc,1395.47
2025-26,R 85,85,HC Sparta Praha,1556.54
2025-26,R 85,85,HC VERVA Litvínov,1346.38
2025-26,R 85,85,HC VÍTKOVICE RIDERA,1410.82
2025-26,R 85,85,HC Škoda Plzeň,1572.39
2025-26,R 85,85,Mountfield HK,1571.36
2025-26,R 85,85,Rytíři Kladno,1502.83
2025-26,R 85,85,Č. Budějovice,1441.4
2025-26,R 86,86,BK Mladá Boleslav,1416.26
2025-26,R 86,86,Bílí Tygři Liberec,1561.55
2025-26,R 86,86,HC Dynamo Pardubice,1606.14
2025-26,R 86,86,HC Energie Karlovy Vary,1582.91
2025-26,R 86,86,HC Kometa Brno,1493.62
2025-26,R 86,86,HC Oceláři Třinec,1542.33
2025-26,R 86,86,HC Olomouc,1395.47
2025-26,R 86,86,HC Sparta Praha,1565.01
2025-26,R 86,86,HC VERVA Litvínov,1346.38
2025-26,R 86,86,HC VÍTKOVICE RIDERA,1410.82
2025-26,R 86,86,HC Škoda Plzeň,1572.39
2025-26,R 86,86,Mountfield HK,1571.36
2025-26,R 86,86,Rytíři Kladno,1494.36
2025-26,R 86,86,Č. Budějovice,1441.4
2025-26,R 87,87,BK Mladá Boleslav,1416.26
2025-26,R 87,87,Bílí Tygři Liberec,1561.55
2025-26,R 87,87,HC Dynamo Pardubice,1616.66
2025-26,R 87,87,HC Energie Karlovy Vary,1582.91
2025-26,R 87,87,HC Kometa Brno,1483.1
2025-26,R 87,87,HC Oceláři Třinec,1542.33
2025-26,R 87,87,HC Olomouc,1395.47
2025-26,R 87,87,HC Sparta Praha,1576.19
2025-26,R 87,87,HC VERVA Litvínov,1346.38
2025-26,R 87,87,HC VÍTKOVICE RIDERA,1410.82
2025-26,R 87,87,HC Škoda Plzeň,1561.21
2025-26,R 87,87,Mountfield HK,1571.36
2025-26,R 87,87,Rytíři Kladno,1494.36
2025-26,R 87,87,Č. Budějovice,1441.4
2025-26,R 88,88,BK Mladá Boleslav,1416.26
2025-26,R 88,88,Bílí Tygři Liberec,1561.55
2025-26,R 88,88,HC Dynamo Pardubice,1626.27
2025-26,R 88,88,HC Energie Karlovy Vary,1582.91
2025-26,R 88,88,HC Kometa Brno,1473.49
2025-26,R 88,88,HC Oceláři Třinec,1542.33
2025-26,R 88,88,HC Olomouc,1395.47
2025-26,R 88,88,HC Sparta Praha,1564.81
2025-26,R 88,88,HC VERVA Litvínov,1346.38
2025-26,R 88,88,HC VÍTKOVICE RIDERA,1410.82
2025-26,R 88,88,HC Škoda Plzeň,1572.59
2025-26,R 88,88,Mountfield HK,1571.36
2025-26,R 88,88,Rytíři Kladno,1494.36
2025-26,R 88,88,Č. Budějovice,1441.4
2025-26,R 89,89,BK Mladá Boleslav,1416.26
2025-26,R 89,89,Bílí Tygři Liberec,1552.16
2025-26,R 89,89,HC Dynamo Pardubice,1626.27
2025-26,R 89,89,HC Energie Karlovy Vary,1592.29
2025-26,R 89,89,HC Kometa Brno,1473.49
2025-26,R 89,89,HC Oceláři Třinec,1554.08
2025-26,R 89,89,HC Olomouc,1395.47
2025-26,R 89,89,HC Sparta Praha,1564.81
2025-26,R 89,89,HC VERVA Litvínov,1346.38
2025-26,R 89,89,HC VÍTKOVICE RIDERA,1410.82
2025-26,R 89,89,HC Škoda Plzeň,1572.59
2025-26,R 89,89,Mountfield HK,1559.61
2025-26,R 89,89,Rytíři Kladno,1494.36
2025-26,R 89,89,Č. Budějovice,1441.4
2025-26,R 90,90,BK Mladá Boleslav,1416.26
2025-26,R 90,90,Bílí Tygři Liberec,1542.61
2025-26,R 90,90,HC Dynamo Pardubice,1626.27
2025-26,R 90,90,HC Energie Karlovy Vary,1601.84
2025-26,R 90,90,HC Kometa Brno,1473.49
2025-26,R 90,90,HC Oceláři Třinec,1564.24
2025-26,R 90,90,HC Olomouc,1395.47
2025-26,R 90,90,HC Sparta Praha,1564.81
2025-26,R 90,90,HC VERVA Litvínov,1346.38
2025-26,R 90,90,HC VÍTKOVICE RIDERA,1410.82
2025-26,R 90,90,HC Škoda Plzeň,1572.59
2025-26,R 90,90,Mountfield HK,1549.45
2025-26,R 90,90,Rytíři Kladno,1494.36
2025-26,R 90,90,Č. Budějovice,1441.4
2025-26,R 91,91,BK Mladá Boleslav,1416.26
2025-26,R 91,91,Bílí Tygři Liberec,1542.61
2025-26,R 91,91,HC Dynamo Pardubice,1632.3
2025-26,R 91,91,HC Energie Karlovy Vary,1601.84
2025-26,R 91,91,HC Kometa Brno,1467.47
2025-26,R 91,91,HC Oceláři Třinec,1564.24
2025-26,R 91,91,HC Olomouc,1395.47
2025-26,R 91,91,HC Sparta Praha,1555.03
2025-26,R 91,91,HC VERVA Litvínov,1346.38
2025-26,R 91,91,HC VÍTKOVICE RIDERA,1410.82
2025-26,R 91,91,HC Škoda Plzeň,1582.37
2025-26,R 91,91,Mountfield HK,1549.45
2025-26,R 91,91,Rytíři Kladno,1494.36
2025-26,R 91,91,Č. Budějovice,1441.4
2025-26,R 92,92,BK Mladá Boleslav,1416.26
2025-26,R 92,92,Bílí Tygři Liberec,1542.61
2025-26,R 92,92,HC Dynamo Pardubice,1637.88
2025-26,R 92,92,HC Energie Karlovy Vary,1601.84
2025-26,R 92,92,HC Kometa Brno,1461.88
2025-26,R 92,92,HC Oceláři Třinec,1564.24
2025-26,R 92,92,HC Olomouc,1395.47
2025-26,R 92,92,HC Sparta Praha,1545.82
2025-26,R 92,92,HC VERVA Litvínov,1346.38
2025-26,R 92,92,HC VÍTKOVICE RIDERA,1410.82
2025-26,R 92,92,HC Škoda Plzeň,1591.58
2025-26,R 92,92,Mountfield HK,1549.45
2025-26,R 92,92,Rytíři Kladno,1494.36
2025-26,R 92,92,Č. Budějovice,1441.4
2025-26,R 93,93,BK Mladá Boleslav,1416.26
2025-26,R 93,93,Bílí Tygři Liberec,1558.39
2025-26,R 93,93,HC Dynamo Pardubice,1637.88
2025-26,R 93,93,HC Energie Karlovy Vary,1586.06
2025-26,R 93,93,HC Kometa Brno,1461.88
2025-26,R 93,93,HC Oceláři Třinec,1553.81
2025-26,R 93,93,HC Olomouc,1395.47
2025-26,R 93,93,HC Sparta Praha,1545.82
2025-26,R 93,93,HC VERVA Litvínov,1346.38
2025-26,R 93,93,HC VÍTKOVICE RIDERA,1410.82
2025-26,R 93,93,HC Škoda Plzeň,1591.58
2025-26,R 93,93,Mountfield HK,1559.88
2025-26,R 93,93,Rytíři Kladno,1494.36
2025-26,R 93,93,Č. Budějovice,1441.4
2025-26,R 94,94,BK Mladá Boleslav,1416.26
2025-26,R 94,94,Bílí Tygři Liberec,1573.17
2025-26,R 94,94,HC Dynamo Pardubice,1637.88
2025-26,R 94,94,HC Energie Karlovy Vary,1571.28
2025-26,R 94,94,HC Kometa Brno,1461.88
2025-26,R 94,94,HC Oceláři Třinec,1564.96
2025-26,R 94,94,HC Olomouc,1395.47
2025-26,R 94,94,HC Sparta Praha,1545.82
2025-26,R 94,94,HC VERVA Litvínov,1346.38
2025-26,R 94,94,HC VÍTKOVICE RIDERA,1410.82
2025-26,R 94,94,HC Škoda Plzeň,1591.58
2025-26,R 94,94,Mountfield HK,1548.73
2025-26,R 94,94,Rytíři Kladno,1494.36
2025-26,R 94,94,Č. Budějovice,1441.4
2025-26,R 95,95,BK Mladá Boleslav,1416.26
2025-26,R 95,95,Bílí Tygři Liberec,1573.17
2025-26,R 95,95,HC Dynamo Pardubice,1637.88
2025-26,R 95,95,HC Energie Karlovy Vary,1571.28
2025-26,R 95,95,HC Kometa Brno,1461.88
2025-26,R 95,95,HC Oceláři Třinec,1564.96
2025-26,R 95,95,HC Olomouc,1395.47
2025-26,R 95,95,HC Sparta Praha,1561.18
2025-26,R 95,95,HC VERVA Litvínov,1346.38
2025-26,R 95,95,HC VÍTKOVICE RIDERA,1410.82
2025-26,R 95,95,HC Škoda Plzeň,1576.22
2025-26,R 95,95,Mountfield HK,1548.73
2025-26,R 95,95,Rytíři Kladno,1494.36
2025-26,R 95,95,Č. Budějovice,1441.4
2025-26,R 96,96,BK Mladá Boleslav,1416.26
2025-26,R 96,96,Bílí Tygři Liberec,1584.09
2025-26,R 96,96,HC Dynamo Pardubice,1637.88
2025-26,R 96,96,HC Energie Karlovy Vary,1560.37
2025-26,R 96,96,HC Kometa Brno,1461.88
2025-26,R 96,96,HC Oceláři Třinec,1574.49
2025-26,R 96,96,HC Olomouc,1395.47
2025-26,R 96,96,HC Sparta Praha,1561.18
2025-26,R 96,96,HC VERVA Litvínov,1346.38
2025-26,R 96,96,HC VÍTKOVICE RIDERA,1410.82
2025-26,R 96,96,HC Škoda Plzeň,1576.22
2025-26,R 96,96,Mountfield HK,1539.2
2025-26,R 96,96,Rytíři Kladno,1494.36
2025-26,R 96,96,Č. Budějovice,1441.4
2025-26,R 97,97,BK Mladá Boleslav,1416.26
2025-26,R 97,97,Bílí Tygři Liberec,1584.09
2025-26,R 97,97,HC Dynamo Pardubice,1637.88
2025-26,R 97,97,HC Energie Karlovy Vary,1560.37
2025-26,R 97,97,HC Kometa Brno,1461.88
2025-26,R 97,97,HC Oceláři Třinec,1574.49
2025-26,R 97,97,HC Olomouc,1395.47
2025-26,R 97,97,HC Sparta Praha,1572.56
2025-26,R 97,97,HC VERVA Litvínov,1346.38
2025-26,R 97,97,HC VÍTKOVICE RIDERA,1410.82
2025-26,R 97,97,HC Škoda Plzeň,1564.84
2025-26,R 97,97,Mountfield HK,1539.2
2025-26,R 97,97,Rytíři Kladno,1494.36
2025-26,R 97,97,Č. Budějovice,1441.4
2025-26,R 98,98,BK Mladá Boleslav,1416.26
2025-26,R 98,98,Bílí Tygři Liberec,1567.08
2025-26,R 98,98,HC Dynamo Pardubice,1637.88
2025-26,R 98,98,HC Energie Karlovy Vary,1577.37
2025-26,R 98,98,HC Kometa Brno,1461.88
2025-26,R 98,98,HC Oceláři Třinec,1574.49
2025-26,R 98,98,HC Olomouc,1395.47
2025-26,R 98,98,HC Sparta Praha,1572.56
2025-26,R 98,98,HC VERVA Litvínov,1346.38
2025-26,R 98,98,HC VÍTKOVICE RIDERA,1410.82
2025-26,R 98,98,HC Škoda Plzeň,1564.84
2025-26,R 98,98,Mountfield HK,1539.2
2025-26,R 98,98,Rytíři Kladno,1494.36
2025-26,R 98,98,Č. Budějovice,1441.4
2025-26,R 99,99,BK Mladá Boleslav,1416.26
2025-26,R 99,99,Bílí Tygři Liberec,1567.08
2025-26,R 99,99,HC Dynamo Pardubice,1637.88
2025-26,R 99,99,HC Energie Karlovy Vary,1577.37
2025-26,R 99,99,HC Kometa Brno,1461.88
2025-26,R 99,99,HC Oceláři Třinec,1574.49
2025-26,R 99,99,HC Olomouc,1395.47
2025-26,R 99,99,HC Sparta Praha,1582.34
2025-26,R 99,99,HC VERVA Litvínov,1346.38
2025-26,R 99,99,HC VÍTKOVICE RIDERA,1410.82
2025-26,R 99,99,HC Škoda Plzeň,1555.06
2025-26,R 99,99,Mountfield HK,1539.2
2025-26,R 99,99,Rytíři Kladno,1494.36
2025-26,R 99,99,Č. Budějovice,1441.4
