game_id,date,home_team,away_team,score,away_fow,away_pim,away_pp_goals,away_pp_opps,away_score,away_shots,home_fow,home_pim,home_pp_goals,home_pp_opps,home_score,home_shots,is_overtime,is_shootout,ot_score,period_scores,spectators,venue
20261105000001,2025-09-09,HC Ambri-Piotta,EHC Kloten,2:1,26,4,0,2,1,17,24,4,0,2,2,31,0,0,,0:0 | 1:1 | 1:0,6149,Gottardo Arena
20261105000002,2025-09-09,HC Davos,Lausanne HC,4:1,29,33,1,6,1,23,31,12,1,6,4,28,0,0,,0:0 | 1:0 | 3:1,3696,zondacrypto-Arena
20261105000003,2025-09-09,Fribourg-Gottéron,HC Lugano,3:2,25,33,0,1,2,25,27,6,0,5,3,30,1,0,1:0,1:0 | 0:1 | 1:1,9280,BCF Arena
20261105000004,2025-09-09,Genève-Servette HC,HC Ajoie,5:3,21,14,1,5,3,25,36,16,1,4,5,43,0,0,,0:1 | 2:0 | 3:2,6003,Les Vernets
20261105000005,2025-09-09,SC Rapperswil-Jona Lakers,SCL Tigers,5:1,30,18,0,3,1,24,31,16,1,4,5,46,0,0,,2:0 | 2:0 | 1:1,4293,St.Galler Kantonalbank Arena
20261105000006,2025-09-09,ZSC Lions,EHC Biel-Bienne,4:3,33,4,1,2,3,21,33,4,1,2,4,29,0,0,,0:1 | 1:0 | 3:2,10152,Swiss Life Arena
20261105000007,2025-09-09,EV Zug,SC Bern,3:0,30,4,0,1,0,26,20,2,1,2,3,19,0,0,,2:0 | 0:0 | 1:0,7073,OYM hall
20261105000008,2025-09-12,HC Ajoie,ZSC Lions,0:4,23,33,0,3,4,38,24,37,0,2,0,15,0,0,,0:1 | 0:3 | 0:0,3963,Raiffeisen Arena
20261105000009,2025-09-12,SC Bern,Genève-Servette HC,2:1,40,6,0,1,1,31,30,2,0,3,2,30,1,1,0:0,1:0 | 0:1 | 0:0,14523,PostFinance Arena
20261105000010,2025-09-11,EHC Biel-Bienne,HC Davos,1:4,27,14,1,2,4,17,17,10,0,4,1,33,0,0,,1:1 | 0:2 | 0:1,5705,Tissot Arena
20261105000011,2025-09-12,EHC Kloten,SCRJ Lakers,5:3,27,51,1,4,3,33,31,10,3,8,5,34,0,0,,0:2 | 0:1 | 5:0,5090,SWISS Arena
20261105000012,2025-09-12,HC Lugano,EV Zug,1:2,35,6,1,2,2,15,19,4,0,3,1,21,0,0,,0:0 | 1:2 | 0:0,5160,Cornèr Arena
20261105000013,2025-09-12,Lausanne HC,Fribourg-Gottéron,5:1,34,8,0,2,1,24,26,8,0,2,5,25,0,0,,2:0 | 2:1 | 1:0,9600,Vaudoise Aréna
20261105000014,2025-09-12,SCL Tigers,HC Ambri-Piotta,3:2,36,4,0,2,2,34,34,4,0,2,3,30,0,0,,2:1 | 0:1 | 1:0,5685,emmental versicherung arena
20261105000015,2025-09-13,HC Ambri-Piotta,Lausanne HC,0:3,30,8,1,2,3,30,35,4,0,4,0,40,0,0,,0:1 | 0:1 | 0:1,6333,Gottardo Arena
20261105000016,2025-09-14,HC Davos,HC Ajoie,6:0,34,16,0,3,0,13,32,6,1,9,6,38,0,0,,1:0 | 2:0 | 3:0,4859,zondacrypto-Arena
20261105000017,2025-09-13,Fribourg-Gottéron,EHC Biel-Bienne,4:0,24,17,0,3,0,25,25,10,0,5,4,31,0,0,,1:0 | 0:0 | 3:0,9280,BCF Arena
20261105000018,2025-09-13,Genève-Servette HC,EHC Kloten,4:2,20,2,0,1,2,29,30,2,0,1,4,27,0,0,,1:0 | 2:1 | 1:1,5817,Les Vernets
20261105000019,2025-09-13,SCRJ Lakers,SC Bern,2:1,21,6,0,1,1,31,43,2,0,3,2,38,0,0,,2:1 | 0:0 | 0:0,4678,St.Galler Kantonalbank Arena
20261105000020,2025-09-13,ZSC Lions,HC Lugano,5:1,40,10,0,2,1,35,28,6,1,4,5,32,0,0,,1:1 | 1:0 | 3:0,10644,Swiss Life Arena
20261105000021,2025-09-13,EV Zug,SCL Tigers,3:4,31,4,3,5,4,26,15,33,1,2,3,21,1,0,0:1,0:0 | 3:1 | 0:2,7157,OYM hall
20261105000022,2025-09-16,HC Ajoie,SCRJ Lakers,2:4,25,2,1,2,4,19,36,4,0,1,2,31,0,0,,1:1 | 0:2 | 1:1,3437,Raiffeisen Arena
20261105000023,2025-09-16,SC Bern,HC Ambri-Piotta,3:1,31,8,1,2,1,21,28,6,1,3,3,31,0,0,,0:1 | 2:0 | 1:0,14301,PostFinance Arena
20261105000024,2025-09-16,EHC Biel-Bienne,HC Lugano,3:2,29,33,1,3,2,19,36,6,0,5,3,35,1,0,1:0,0:0 | 0:1 | 2:1,5321,Tissot Arena
20261105000025,2025-09-16,HC Davos,EHC Kloten,4:2,26,6,1,5,2,23,24,10,1,3,4,21,0,0,,2:0 | 1:1 | 1:1,3492,zondacrypto-Arena
20261105000026,2025-09-16,Lausanne HC,Genève-Servette HC,11:0,32,8,0,3,0,27,34,6,2,5,11,33,0,0,,2:0 | 6:0 | 3:0,9525,Vaudoise Aréna
20261105000027,2025-09-16,SCL Tigers,ZSC Lions,2:1,31,8,0,1,1,38,40,6,0,1,2,23,0,0,,1:0 | 0:0 | 1:1,5100,emmental versicherung arena
20261105000028,2025-09-16,EV Zug,Fribourg-Gottéron,4:5,29,6,1,4,5,19,27,8,0,3,4,25,1,1,0:0,1:1 | 1:3 | 2:0,6879,OYM hall
20261105000029,2025-09-19,HC Ambri-Piotta,ZSC Lions,2:5,39,2,0,2,5,30,33,4,0,1,2,30,0,0,,1:3 | 1:1 | 0:1,6309,Gottardo Arena
20261105000030,2025-12-03,SC Bern,EHC Biel-Bienne,6:2,23,6,0,1,2,28,22,4,1,2,6,24,0,0,,2:1 | 1:1 | 3:0,15027,PostFinance Arena
20261105000031,2025-09-18,Genève-Servette HC,Fribourg-Gottéron,3:2,41,8,2,4,2,30,31,10,0,3,3,22,0,0,,0:1 | 1:0 | 2:1,5217,Les Vernets
20261105000032,2025-09-19,EHC Kloten,EV Zug,2:5,21,12,2,2,5,28,32,4,1,6,2,29,0,0,,0:2 | 1:0 | 1:3,4482,SWISS Arena
20261105000033,2025-09-19,HC Lugano,HC Ajoie,2:0,23,6,0,2,0,24,22,6,0,2,2,35,0,0,,0:0 | 1:0 | 1:0,4950,Cornèr Arena
20261105000034,2025-09-19,SCRJ Lakers,Lausanne HC,0:4,30,4,2,3,4,31,27,6,0,2,0,25,0,0,,0:0 | 0:2 | 0:2,4157,St.Galler Kantonalbank Arena
20261105000035,2025-09-19,SCL Tigers,HC Davos,3:4,33,8,1,2,4,24,32,6,1,3,3,30,0,0,,1:0 | 1:4 | 1:0,5633,emmental versicherung arena
20261105000036,2025-09-20,HC Ajoie,SC Bern,4:0,22,4,0,1,0,25,29,2,1,2,4,30,0,0,,1:0 | 3:0 | 0:0,4204,Raiffeisen Arena
20261105000037,2025-09-20,EHC Biel-Bienne,HC Ambri-Piotta,3:2,22,8,1,1,2,27,32,2,1,4,3,36,1,1,0:0,1:0 | 1:2 | 0:0,6039,Tissot Arena
20261105000038,2025-09-20,HC Davos,HC Lugano,2:0,20,2,0,4,0,35,26,8,0,1,2,30,0,0,,2:0 | 0:0 | 0:0,4754,zondacrypto-Arena
20261105000039,2025-09-20,Fribourg-Gottéron,SCL Tigers,5:2,30,14,0,5,2,22,28,10,2,7,5,37,0,0,,2:0 | 3:2 | 0:0,9280,BCF Arena
20261105000040,2025-09-20,Lausanne HC,EHC Kloten,3:5,21,6,1,1,5,30,26,2,1,3,3,39,0,0,,2:3 | 0:2 | 1:0,8933,Vaudoise Aréna
20261105000041,2025-09-20,ZSC Lions,Genève-Servette HC,2:4,39,8,1,3,4,25,25,6,0,3,2,29,0,0,,1:1 | 0:0 | 1:3,10177,Swiss Life Arena
20261105000042,2025-09-20,EV Zug,SCRJ Lakers,0:6,25,6,2,4,6,22,28,7,0,3,0,25,0,0,,0:2 | 0:4 | 0:0,6992,OYM hall
20261105000043,2025-09-23,Fribourg-Gottéron,ZSC Lions,3:2,24,6,0,2,2,25,31,6,0,2,3,29,1,1,0:0,0:1 | 2:1 | 0:0,9280,BCF Arena
20261105000044,2025-09-23,Genève-Servette HC,HC Ambri-Piotta,5:4,23,10,1,3,4,23,50,6,1,6,5,33,0,0,,1:2 | 3:2 | 1:0,5063,Les Vernets
20261105000045,2025-09-23,EHC Kloten,HC Ajoie,2:1,26,4,0,2,1,20,18,4,0,2,2,34,1,0,1:0,0:0 | 1:0 | 0:1,3725,SWISS Arena
20261105000046,2025-09-23,HC Lugano,SC Bern,0:3,31,7,2,4,3,40,40,6,0,2,0,26,0,0,,0:1 | 0:0 | 0:2,4545,Cornèr Arena
20261105000047,2025-09-23,Lausanne HC,SCL Tigers,4:1,34,8,1,4,1,19,23,8,2,4,4,43,0,0,,2:0 | 2:0 | 0:1,7718,Vaudoise Aréna
20261105000048,2025-09-23,SCRJ Lakers,EHC Biel-Bienne,5:2,30,8,1,2,2,26,33,6,1,4,5,35,0,0,,2:0 | 0:1 | 3:1,3854,St.Galler Kantonalbank Arena
20261105000049,2025-09-23,EV Zug,HC Davos,3:4,32,8,1,3,4,35,26,31,0,2,3,29,1,1,0:0,1:2 | 1:0 | 1:1,7450,OYM hall
20261105000050,2025-09-26,HC Ajoie,Fribourg-Gottéron,2:5,26,10,1,1,5,27,34,4,1,4,2,30,0,0,,0:2 | 1:1 | 1:2,4575,Raiffeisen Arena
20261105000051,2025-09-26,HC Ambri-Piotta,EV Zug,0:4,19,6,0,1,4,25,30,4,0,2,0,20,0,0,,0:0 | 0:1 | 0:3,6328,Gottardo Arena
20261105000052,2025-09-26,SC Bern,EHC Kloten,0:1,18,12,0,1,1,20,29,2,0,6,0,40,0,0,,0:1 | 0:0 | 0:0,15421,PostFinance Arena
20261105000053,2025-09-26,Genève-Servette HC,SCRJ Lakers,3:4,34,6,0,1,4,23,29,4,0,1,3,36,0,0,,1:2 | 2:1 | 0:1,5387,Les Vernets
20261105000054,2025-09-26,HC Lugano,Lausanne HC,4:5,34,8,1,4,5,34,29,8,2,4,4,31,0,0,,1:1 | 2:2 | 1:2,4702,Cornèr Arena
20261105000055,2025-09-26,SCL Tigers,EHC Biel-Bienne,3:4,31,8,2,3,4,32,39,6,0,4,3,38,1,1,0:0,0:1 | 2:1 | 1:1,5605,emmental versicherung arena
20261105000056,2025-09-26,ZSC Lions,HC Davos,2:5,28,12,1,2,5,22,25,6,0,5,2,42,0,0,,1:3 | 1:0 | 0:2,12000,Swiss Life Arena
20261105000057,2025-09-27,EHC Biel-Bienne,HC Ajoie,5:4,29,4,2,3,4,16,28,6,1,2,5,47,1,1,0:0,1:0 | 1:1 | 2:3,6151,Tissot Arena
20261105000058,2025-09-27,HC Davos,Genève-Servette HC,3:2,32,6,0,2,2,37,35,4,0,3,3,34,1,1,0:0,1:2 | 0:0 | 1:0,4914,zondacrypto-Arena
20261105000059,2025-09-27,Fribourg-Gottéron,HC Ambri-Piotta,3:1,18,8,0,1,1,19,29,2,1,5,3,30,0,0,,1:1 | 1:0 | 1:0,9280,BCF Arena
20261105000060,2025-09-27,EHC Kloten,SCL Tigers,2:3,25,6,1,3,3,31,25,6,1,3,2,27,1,1,0:0,0:1 | 1:1 | 1:0,4209,SWISS Arena
20261105000061,2025-09-28,Lausanne HC,SC Bern,6:3,30,8,2,5,3,35,25,35,0,3,6,27,0,0,,3:1 | 1:1 | 2:1,9600,Vaudoise Aréna
20261105000062,2025-09-27,SC Rapperswil-Jona Lakers,HC Lugano,1:4,29,6,1,4,4,31,26,8,0,3,1,34,0,0,,0:0 | 1:2 | 0:2,4938,St.Galler Kantonalbank Arena
20261105000063,2025-09-27,EV Zug,ZSC Lions,2:1,21,6,1,1,1,24,27,2,1,3,2,26,1,0,1:0,0:1 | 0:0 | 1:0,7450,OYM hall
20261105000064,2025-09-30,HC Ajoie,Lausanne HC,1:2,28,4,2,3,2,26,27,6,1,2,1,23,0,0,,1:2 | 0:0 | 0:0,3761,Raiffeisen Arena
20261105000065,2025-09-30,SC Bern,Fribourg-Gottéron,1:5,25,10,2,3,5,22,29,8,1,4,1,21,0,0,,0:0 | 1:3 | 0:2,15093,PostFinance Arena
20261105000066,2025-09-30,EHC Biel-Bienne,EV Zug,2:0,29,0,0,2,0,23,21,4,0,0,2,27,0,0,,0:0 | 1:0 | 1:0,5481,Tissot Arena
20261105000067,2025-09-30,HC Lugano,HC Ambri-Piotta,1:2,21,4,0,1,2,31,23,2,0,2,1,24,0,0,,0:1 | 1:0 | 0:1,6733,Cornèr Arena
20261105000068,2025-09-30,SC Rapperswil-Jona Lakers,HC Davos,4:3,23,37,0,2,3,29,42,6,3,6,4,34,1,1,0:0,2:1 | 1:0 | 0:2,5727,St.Galler Kantonalbank Arena
20261105000069,2025-09-30,SCL Tigers,Genève-Servette HC,3:4,36,6,1,2,4,22,28,4,0,3,3,40,0,0,,0:1 | 1:1 | 2:2,5022,emmental versicherung arena
20261105000070,2025-09-30,ZSC Lions,EHC Kloten,2:0,30,2,0,0,0,27,16,0,1,1,2,28,0,0,,2:0 | 0:0 | 0:0,11343,Swiss Life Arena
20261105000071,2025-10-05,HC Ambri-Piotta,HC Davos,4:6,21,8,0,3,6,28,35,10,1,3,4,28,0,0,,1:2 | 2:1 | 1:3,6605,Gottardo Arena
20261105000072,2025-10-03,Fribourg-Gottéron,SC Rapperswil-Jona Lakers,2:3,19,10,0,3,3,27,37,10,1,3,2,27,0,0,,1:2 | 1:1 | 0:0,9280,BCF Arena
20261105000073,2025-10-03,Genève-Servette HC,HC Lugano,1:5,22,10,1,2,5,22,24,8,0,3,1,25,0,0,,1:1 | 0:2 | 0:2,5584,Les Vernets
20261105000074,2025-10-03,EHC Kloten,EHC Biel-Bienne,2:1,24,10,0,3,1,34,23,8,1,4,2,22,0,0,,0:1 | 1:0 | 1:0,4053,SWISS Arena
20261105000075,2025-10-03,SCL Tigers,HC Ajoie,1:0,23,6,0,3,0,36,24,6,0,3,1,35,0,0,,1:0 | 0:0 | 0:0,5411,emmental versicherung arena
20261105000076,2025-10-03,ZSC Lions,SC Bern,7:3,41,6,1,3,3,24,23,6,2,3,7,30,0,0,,2:2 | 2:0 | 3:1,10906,Swiss Life Arena
20261105000077,2025-10-03,EV Zug,Lausanne HC,4:2,28,8,1,2,2,24,32,4,1,4,4,28,0,0,,2:1 | 1:0 | 1:1,7140,OYM hall
20261105000078,2025-10-04,HC Ajoie,EV Zug,1:3,22,6,0,1,3,23,30,2,0,3,1,23,0,0,,0:1 | 1:1 | 0:1,4157,Raiffeisen Arena
20261105000079,2025-10-04,SC Bern,SCL Tigers,2:1,29,6,0,2,1,28,27,6,0,2,2,27,0,0,,1:0 | 1:1 | 0:0,16131,PostFinance Arena
20261105000080,2025-10-05,EHC Biel-Bienne,Genève-Servette HC,8:0,22,43,0,3,0,32,31,10,4,10,8,30,0,0,,1:0 | 3:0 | 4:0,6325,Tissot Arena
20261105000081,2025-10-04,HC Davos,Fribourg-Gottéron,4:2,29,8,1,5,2,18,28,10,1,4,4,29,0,0,,1:1 | 0:0 | 3:1,5727,zondacrypto-Arena
20261105000082,2025-10-05,HC Lugano,EHC Kloten,5:4,44,6,2,2,4,28,27,4,1,3,5,35,1,1,0:0,1:1 | 1:2 | 2:1,5468,Cornèr Arena
20261105000083,2025-10-04,Lausanne HC,ZSC Lions,1:3,30,8,1,4,3,28,17,35,0,1,1,33,0,0,,1:0 | 0:2 | 0:1,9600,Vaudoise Aréna
20261105000084,2025-10-04,SCRJ Lakers,HC Ambri-Piotta,4:2,27,31,0,4,2,27,25,12,0,4,4,31,0,0,,2:0 | 1:0 | 1:2,5075,St.Galler Kantonalbank Arena
20261105000085,2025-10-10,HC Ambri-Piotta,HC Ajoie,3:2,34,6,0,2,2,29,28,4,1,3,3,23,0,0,,1:1 | 2:0 | 0:1,6546,Gottardo Arena
20261105000086,2025-10-12,HC Davos,SC Bern,2:1,23,28,1,4,1,25,29,29,0,4,2,23,0,0,,2:0 | 0:0 | 0:1,6547,zondacrypto-Arena
20261105000087,2025-10-09,Fribourg-Gottéron,EHC Kloten,4:3,40,2,0,1,3,33,15,2,0,1,4,30,1,1,0:0,0:0 | 1:0 | 2:3,9280,BCF Arena
20261105000088,2025-10-10,HC Lugano,SCL Tigers,2:5,29,8,1,3,5,26,24,8,0,3,2,33,0,0,,1:1 | 1:1 | 0:3,4811,Cornèr Arena
20261105000089,2025-10-10,Lausanne HC,EHC Biel-Bienne,3:4,35,41,1,4,4,30,33,43,2,3,3,23,0,0,,0:2 | 3:1 | 0:1,9505,Vaudoise Aréna
20261105000090,2025-10-10,SC Rapperswil-Jona Lakers,ZSC Lions,3:2,29,16,0,3,2,30,23,10,2,6,3,22,0,0,,2:0 | 1:2 | 0:0,5962,St.Galler Kantonalbank Arena
20261105000091,2025-10-10,EV Zug,Genève-Servette HC,1:4,35,6,1,1,4,27,21,2,1,3,1,35,0,0,,0:0 | 0:2 | 1:2,7034,OYM hall
20261105000092,2025-10-12,HC Ajoie,HC Lugano,1:2,26,12,0,4,2,36,27,12,1,4,1,18,0,0,,1:0 | 0:1 | 0:1,4720,Raiffeisen Arena
20261105000093,2025-10-11,SC Bern,EV Zug,3:0,23,0,0,2,0,20,22,4,0,0,3,35,0,0,,0:0 | 2:0 | 1:0,16322,PostFinance Arena
20261105000094,2025-10-11,EHC Biel-Bienne,Fribourg-Gottéron,2:1,33,12,1,6,1,39,34,16,0,4,2,21,1,1,0:0,0:0 | 1:1 | 0:0,6556,Tissot Arena
20261105000095,2025-10-12,Genève-Servette HC,Lausanne HC,5:3,22,10,1,3,3,27,27,12,0,2,5,21,0,0,,1:1 | 3:2 | 1:0,7135,Les Vernets
20261105000096,2025-10-11,EHC Kloten,HC Davos,2:3,26,8,0,2,3,29,24,4,1,4,2,25,0,0,,1:0 | 1:1 | 0:2,6151,SWISS Arena
20261105000097,2025-10-11,SCL Tigers,SCRJ Lakers,1:4,24,6,0,1,4,24,25,4,0,2,1,39,0,0,,0:2 | 0:1 | 1:1,5726,emmental versicherung arena
20261105000098,2025-10-11,ZSC Lions,HC Ambri-Piotta,1:2,26,6,0,3,2,28,30,6,0,3,1,28,0,0,,1:1 | 0:0 | 0:1,11078,Swiss Life Arena
20261105000099,2025-10-17,HC Ajoie,EHC Kloten,0:3,24,8,0,1,3,23,23,4,0,3,0,23,0,0,,0:0 | 0:1 | 0:2,4141,Raiffeisen Arena
20261105000100,2025-10-17,HC Ambri-Piotta,SCL Tigers,2:4,40,4,1,1,4,22,22,2,0,2,2,36,0,0,,1:2 | 1:2 | 0:0,6356,Gottardo Arena
20261105000101,2025-10-17,SC Bern,Lausanne HC,0:2,29,10,0,2,2,23,20,6,0,4,0,31,0,0,,0:1 | 0:0 | 0:1,14793,PostFinance Arena
20261105000102,2025-10-17,EHC Biel-Bienne,SCRJ Lakers,4:6,24,10,2,3,6,30,36,8,2,4,4,23,0,0,,1:1 | 3:2 | 0:3,5931,Tissot Arena
20261105000103,2025-10-17,Fribourg-Gottéron,Genève-Servette HC,6:2,24,12,1,2,2,20,32,4,3,7,6,21,0,0,,2:0 | 3:1 | 1:1,9280,BCF Arena
20261105000104,2025-10-16,HC Lugano,HC Davos,0:3,18,8,1,2,3,17,22,27,0,3,0,35,0,0,,0:1 | 0:0 | 0:2,5696,Cornèr Arena
20261105000105,2025-10-17,ZSC Lions,EV Zug,2:3,32,6,0,2,3,20,38,4,1,3,2,43,1,1,0:0,0:1 | 1:1 | 1:0,11529,Swiss Life Arena
20261105000106,2025-10-18,HC Davos,ZSC Lions,3:1,30,6,0,2,1,29,25,4,2,3,3,30,0,0,,1:0 | 0:0 | 2:1,6547,zondacrypto-Arena
20261105000107,2025-10-18,Genève-Servette HC,SC Bern,2:1,23,6,1,4,1,31,32,10,0,2,2,26,1,0,1:0,0:0 | 0:0 | 1:1,7135,Les Vernets
20261105000108,2025-10-18,EHC Kloten,HC Ambri-Piotta,1:3,18,6,0,0,3,16,27,0,0,3,1,30,0,0,,0:1 | 0:0 | 1:2,5474,SWISS Arena
20261105000109,2025-10-18,Lausanne HC,HC Lugano,1:5,25,9,0,0,5,23,21,2,1,2,1,27,0,0,,1:2 | 0:1 | 0:2,9600,Vaudoise Aréna
20261105000110,2025-10-19,SCRJ Lakers,HC Ajoie,3:2,31,2,1,2,2,27,34,4,0,1,3,38,0,0,,1:1 | 2:0 | 0:1,5619,St.Galler Kantonalbank Arena
20261105000111,2025-10-18,SCL Tigers,Fribourg-Gottéron,6:0,24,10,0,3,0,25,24,8,0,4,6,31,0,0,,3:0 | 2:0 | 1:0,6000,emmental versicherung arena
20261105000112,2025-10-19,EV Zug,EHC Biel-Bienne,4:3,29,6,0,2,3,33,28,4,1,3,4,23,0,0,,2:0 | 2:0 | 0:3,7450,OYM hall
20261105000113,2025-10-21,HC Ajoie,SCL Tigers,2:1,28,6,0,5,1,28,22,10,1,4,2,19,0,0,,1:0 | 1:0 | 0:1,3498,Raiffeisen Arena
20261105000114,2025-10-21,HC Ambri-Piotta,SC Bern,0:5,27,8,0,2,5,34,31,4,0,3,0,31,0,0,,0:1 | 0:4 | 0:0,6031,Gottardo Arena
20261105000115,2025-10-21,HC Davos,EHC Biel-Bienne,4:3,25,4,1,2,3,28,35,4,0,2,4,25,1,0,1:0,0:0 | 2:1 | 1:2,4099,zondacrypto-Arena
20261105000116,2025-10-21,Fribourg-Gottéron,EV Zug,5:2,30,14,2,3,2,16,31,8,2,6,5,24,0,0,,1:0 | 2:1 | 2:1,9372,BCF Arena
20261105000117,2025-10-21,EHC Kloten,Genève-Servette HC,2:3,18,29,1,1,3,33,34,4,0,4,2,23,1,1,0:0,2:1 | 0:0 | 0:1,3721,SWISS Arena
20261105000118,2025-10-21,HC Lugano,ZSC Lions,5:1,25,6,0,0,1,24,29,0,0,3,5,30,0,0,,3:1 | 2:0 | 0:0,4958,Cornèr Arena
20261105000119,2025-10-21,Lausanne HC,SC Rapperswil-Jona Lakers,2:1,44,8,0,3,1,19,29,6,1,4,2,33,1,0,1:0,0:0 | 1:1 | 0:0,9223,Vaudoise Aréna
20261105000120,2025-10-24,HC Ajoie,HC Davos,2:4,22,4,1,2,4,22,29,4,0,2,2,29,0,0,,1:1 | 1:0 | 0:3,4092,Raiffeisen Arena
20261105000121,2025-10-24,HC Ambri-Piotta,Genève-Servette HC,5:2,35,10,2,5,2,36,21,8,1,5,5,33,0,0,,5:1 | 0:1 | 0:0,6227,Gottardo Arena
20261105000122,2025-10-24,SC Bern,HC Lugano,1:4,21,4,0,0,4,29,24,0,0,2,1,28,0,0,,0:2 | 1:1 | 0:1,14502,PostFinance Arena
20261105000123,2025-10-24,EHC Biel-Bienne,EHC Kloten,5:1,30,4,0,3,1,33,19,8,0,1,5,31,0,0,,1:0 | 1:0 | 3:1,6021,Tissot Arena
20261105000124,2025-10-24,SC Rapperswil-Jona Lakers,EV Zug,2:6,26,10,1,2,6,36,24,8,0,3,2,27,0,0,,2:2 | 0:2 | 0:2,5225,St.Galler Kantonalbank Arena
20261105000125,2025-10-24,SCL Tigers,Lausanne HC,1:2,35,4,0,2,2,28,26,29,0,1,1,31,1,1,0:0,0:0 | 1:1 | 0:0,5406,emmental versicherung arena
20261105000126,2025-10-24,ZSC Lions,Fribourg-Gottéron,1:2,25,6,0,2,2,32,28,6,0,2,1,27,1,0,0:1,1:1 | 0:0 | 0:0,11651,Swiss Life Arena
20261105000127,2025-10-25,HC Davos,SCL Tigers,5:3,47,6,2,4,3,30,34,8,2,3,5,26,0,0,,1:1 | 1:0 | 3:2,6547,zondacrypto-Arena
20261105000128,2025-10-25,Fribourg-Gottéron,SC Bern,1:2,29,4,0,6,2,30,19,12,0,2,1,38,1,1,0:0,0:0 | 0:1 | 1:0,9372,BCF Arena
20261105000129,2025-10-25,Genève-Servette HC,EHC Biel-Bienne,6:0,20,6,0,3,0,19,21,8,2,3,6,23,0,0,,4:0 | 0:0 | 2:0,6704,Les Vernets
20261105000130,2025-10-25,EHC Kloten,ZSC Lions,1:4,27,8,0,2,4,35,32,8,0,2,1,30,0,0,,0:0 | 0:1 | 1:3,7453,SWISS Arena
20261105000131,2025-10-25,HC Lugano,SCRJ Lakers,3:0,16,4,0,2,0,30,23,4,0,2,3,35,0,0,,1:0 | 2:0 | 0:0,5495,Cornèr Arena
20261105000132,2025-10-25,Lausanne HC,HC Ambri-Piotta,5:1,29,6,0,1,1,29,31,4,1,2,5,39,0,0,,2:0 | 1:0 | 2:1,9600,Vaudoise Aréna
20261105000133,2025-10-23,EV Zug,HC Ajoie,8:3,32,4,0,1,3,21,27,2,1,2,8,31,0,0,,1:0 | 3:3 | 4:0,6886,OYM hall
20261105000134,2025-10-28,HC Ambri-Piotta,HC Lugano,2:5,31,14,0,2,5,40,31,10,1,3,2,25,0,0,,1:0 | 1:2 | 0:3,6775,Gottardo Arena
20261105000135,2025-10-28,SC Bern,HC Ajoie,4:5,30,2,2,3,5,14,30,6,0,1,4,35,0,0,,1:2 | 1:1 | 2:2,13468,PostFinance Arena
20261105000136,2025-10-28,EHC Biel-Bienne,Lausanne HC,6:1,29,2,0,2,1,28,29,4,0,1,6,25,0,0,,1:0 | 2:1 | 3:0,5627,Tissot Arena
20261105000137,2025-10-28,Genève-Servette HC,HC Davos,7:0,24,8,0,4,0,26,25,8,3,4,7,32,0,0,,4:0 | 1:0 | 2:0,6171,Les Vernets
20261105000138,2025-10-28,EHC Kloten,Fribourg-Gottéron,4:2,18,6,1,2,2,20,36,4,1,3,4,21,0,0,,1:2 | 1:0 | 2:0,4081,SWISS Arena
20261105000139,2025-10-28,SCL Tigers,EV Zug,4:2,22,2,0,0,2,25,28,0,1,1,4,22,0,0,,0:0 | 2:0 | 2:2,5103,emmental versicherung arena
20261105000140,2025-10-28,ZSC Lions,SC Rapperswil-Jona Lakers,7:0,23,8,0,3,0,23,37,8,1,3,7,32,0,0,,2:0 | 4:0 | 1:0,10949,Swiss Life Arena
20261105000141,2025-10-31,HC Ajoie,HC Ambri-Piotta,4:5,34,0,2,2,5,31,20,24,0,0,4,26,0,0,,3:1 | 1:3 | 0:1,4547,Raiffeisen Arena
20261105000142,2025-10-31,EHC Biel-Bienne,SC Bern,5:6,13,10,2,2,6,27,46,6,0,4,5,36,1,1,0:0,0:2 | 3:2 | 2:1,6556,Tissot Arena
20261105000143,2025-11-01,HC Lugano,Genève-Servette HC,6:2,29,6,1,3,2,23,28,6,1,3,6,31,0,0,,2:0 | 1:1 | 3:1,5300,Cornèr Arena
20261105000144,2025-10-29,Lausanne HC,HC Davos,3:2,27,4,2,4,2,27,23,10,0,1,3,26,0,0,,1:1 | 2:0 | 0:1,9600,Vaudoise Aréna
20261105000145,2025-10-31,SC Rapperswil-Jona Lakers,Fribourg-Gottéron,0:1,31,6,0,4,1,26,29,8,0,3,0,30,1,1,0:0,0:0 | 0:0 | 0:0,4982,St.Galler Kantonalbank Arena
20261105000146,2025-10-31,ZSC Lions,SCL Tigers,4:2,28,10,1,2,2,28,30,8,1,2,4,25,0,0,,1:0 | 2:1 | 1:1,10673,Swiss Life Arena
20261105000147,2025-12-17,EV Zug,EHC Kloten,5:4,22,8,1,2,4,24,25,4,3,4,5,32,0,0,,1:1 | 1:2 | 3:1,7049,OYM hall
20261105000148,2025-11-01,HC Ambri-Piotta,EHC Biel-Bienne,3:1,21,4,0,1,1,36,26,2,0,2,3,32,0,0,,0:0 | 1:1 | 2:0,6512,Gottardo Arena
20261105000149,2025-11-01,SC Bern,ZSC Lions,0:3,28,4,0,3,3,30,16,6,0,2,0,29,0,0,,0:0 | 0:0 | 0:3,15645,PostFinance Arena
20261105000150,2025-11-01,HC Davos,SCRJ Lakers,6:1,26,14,0,3,1,26,25,35,2,4,6,25,0,0,,0:0 | 2:1 | 4:0,6547,zondacrypto-Arena
20261105000151,2025-11-12,Fribourg-Gottéron,HC Ajoie,5:1,22,12,0,2,1,22,33,6,1,5,5,38,0,0,,2:1 | 2:0 | 1:0,9372,BCF Arena
20261105000152,2025-10-30,Genève-Servette HC,EV Zug,0:1,27,10,1,2,1,17,22,10,0,2,0,26,0,0,,0:1 | 0:0 | 0:0,5583,Les Vernets
20261105000153,2025-11-01,EHC Kloten,Lausanne HC,2:1,20,10,0,3,1,28,26,8,1,4,2,23,0,0,,1:0 | 1:0 | 0:1,4481,SWISS Arena
20261105000154,2025-11-12,SCL Tigers,HC Lugano,3:0,27,16,0,3,0,28,32,10,1,6,3,33,0,0,,1:0 | 2:0 | 0:0,5234,emmental versicherung arena
20261105000155,2025-11-14,SC Bern,SCRJ Lakers,5:2,24,10,0,2,2,18,30,6,1,4,5,22,0,0,,0:1 | 3:0 | 2:1,14975,PostFinance Arena
20261105000156,2025-11-14,EHC Biel-Bienne,ZSC Lions,0:2,32,6,0,3,2,35,23,6,0,3,0,25,0,0,,0:1 | 0:0 | 0:1,6239,Tissot Arena
20261105000157,2025-11-14,Fribourg-Gottéron,HC Davos,5:3,23,8,1,3,3,20,25,6,2,4,5,29,0,0,,1:2 | 0:0 | 4:1,9372,BCF Arena
20261105000158,2025-11-13,Genève-Servette HC,SCL Tigers,3:1,15,2,1,4,1,28,29,8,1,1,3,37,0,0,,1:0 | 0:1 | 2:0,5841,Les Vernets
20261105000159,2025-11-14,EHC Kloten,HC Lugano,1:2,16,6,0,1,2,16,28,2,0,3,1,21,0,0,,1:2 | 0:0 | 0:0,4601,SWISS Arena
20261105000160,2025-11-14,Lausanne HC,HC Ajoie,3:2,34,8,1,4,2,22,30,8,3,4,3,42,1,0,1:0,0:1 | 2:0 | 0:1,9600,Vaudoise Aréna
20261105000161,2025-11-14,EV Zug,HC Ambri-Piotta,4:2,32,6,0,2,2,27,31,6,0,2,4,17,0,0,,0:2 | 1:0 | 3:0,7450,OYM hall
20261105000162,2025-11-15,HC Ajoie,Genève-Servette HC,2:0,22,9,0,2,0,42,24,4,1,4,2,13,0,0,,1:0 | 0:0 | 1:0,4324,Raiffeisen Arena
20261105000163,2025-11-15,HC Ambri-Piotta,Fribourg-Gottéron,4:2,34,6,1,3,2,29,30,8,0,2,4,20,0,0,,1:0 | 0:2 | 3:0,6775,Gottardo Arena
20261105000164,2025-11-16,HC Davos,EV Zug,5:1,40,8,0,4,1,35,26,8,0,4,5,28,0,0,,1:0 | 2:1 | 2:0,6547,zondacrypto-Arena
20261105000165,2025-11-15,HC Lugano,EHC Biel-Bienne,6:0,28,10,0,1,0,21,25,8,2,2,6,31,0,0,,1:0 | 3:0 | 2:0,5507,Cornèr Arena
20261105000166,2025-11-15,SC Rapperswil-Jona Lakers,EHC Kloten,3:2,32,12,0,3,2,15,42,8,0,5,3,45,1,0,1:0,0:0 | 0:2 | 2:0,5352,St.Galler Kantonalbank Arena
20261105000167,2025-11-15,SCL Tigers,SC Bern,3:4,23,4,1,1,4,36,28,2,0,2,3,20,1,0,0:1,0:1 | 2:1 | 1:1,6000,emmental versicherung arena
20261105000168,2025-11-16,ZSC Lions,Lausanne HC,1:2,27,8,1,3,2,24,28,12,0,2,1,22,1,1,0:0,1:0 | 0:0 | 0:1,12000,Swiss Life Arena
20261105000169,2025-11-21,EHC Biel-Bienne,SCL Tigers,6:5,46,8,0,1,5,28,24,4,1,3,6,41,0,0,,1:2 | 3:2 | 2:1,6436,Tissot Arena
20261105000170,2025-11-20,HC Davos,HC Ambri-Piotta,4:6,22,6,2,4,6,21,28,8,0,3,4,33,0,0,,1:2 | 2:1 | 1:3,4505,zondacrypto-Arena
20261105000171,2025-11-21,Fribourg-Gottéron,Lausanne HC,2:1,26,8,0,2,1,25,26,4,0,4,2,31,0,0,,0:0 | 1:1 | 1:0,9372,BCF Arena
20261105000172,2025-11-21,EHC Kloten,SC Bern,4:2,19,4,0,2,2,28,37,4,1,2,4,24,0,0,,1:0 | 2:1 | 1:1,5127,SWISS Arena
20261105000173,2025-11-21,SCRJ Lakers,Genève-Servette HC,2:5,33,6,0,2,5,28,32,4,0,3,2,32,0,0,,1:2 | 0:0 | 1:3,4512,St.Galler Kantonalbank Arena
20261105000174,2025-11-21,ZSC Lions,HC Ajoie,2:3,29,4,0,2,3,17,33,4,0,1,2,44,0,0,,2:0 | 0:2 | 0:1,10810,Swiss Life Arena
20261105000175,2025-11-21,EV Zug,HC Lugano,2:3,19,33,1,5,3,28,25,12,1,6,2,35,0,0,,0:1 | 2:1 | 0:1,7450,OYM hall
20261105000176,2025-11-19,HC Ajoie,EHC Biel-Bienne,3:4,29,10,1,3,4,45,32,35,0,1,3,20,1,0,0:1,2:0 | 1:2 | 0:1,4178,Raiffeisen Arena
20261105000177,2025-11-22,HC Ambri-Piotta,SCRJ Lakers,1:5,27,16,0,3,5,25,24,14,0,4,1,32,0,0,,0:3 | 0:2 | 1:0,6590,Gottardo Arena
20261105000178,2025-11-22,SC Bern,HC Davos,0:3,27,33,0,3,3,22,25,31,0,4,0,30,0,0,,0:0 | 0:0 | 0:3,16002,PostFinance Arena
20261105000179,2025-11-22,Genève-Servette HC,ZSC Lions,4:1,23,10,0,3,1,30,41,10,1,3,4,27,0,0,,1:1 | 2:0 | 1:0,6407,Les Vernets
20261105000180,2025-11-20,HC Lugano,Fribourg-Gottéron,0:4,34,6,1,4,4,20,27,10,0,2,0,30,0,0,,0:1 | 0:1 | 0:2,5512,Cornèr Arena
20261105000181,2025-11-22,Lausanne HC,EV Zug,5:2,36,6,1,2,2,33,27,6,1,2,5,31,0,0,,0:1 | 2:1 | 3:0,9600,Vaudoise Aréna
20261105000182,2025-11-22,SCL Tigers,EHC Kloten,6:1,27,2,1,2,1,31,28,4,1,1,6,35,0,0,,4:1 | 1:0 | 1:0,6000,emmental versicherung arena
20261105000183,2026-01-14,HC Ajoie,SCL Tigers,2:1,23,4,0,3,1,42,30,6,1,2,2,19,1,1,0:0,0:1 | 1:0 | 0:0,3496,Raiffeisen Arena
20261105000184,2025-11-25,EHC Biel-Bienne,EHC Kloten,3:1,22,6,0,1,1,22,20,4,1,2,3,22,0,0,,1:1 | 0:0 | 2:0,5545,Tissot Arena
20261105000185,2025-12-20,HC Davos,HC Lugano,5:4,28,35,1,3,4,25,26,12,3,3,5,33,0,0,,2:1 | 3:1 | 0:2,6547,zondacrypto-Arena
20261105000186,2025-11-25,Fribourg-Gottéron,Genève-Servette HC,2:5,28,10,0,1,5,25,28,4,1,4,2,35,0,0,,1:0 | 1:1 | 0:4,9372,BCF Arena
20261105000187,2025-11-25,SCRJ Lakers,Lausanne HC,3:4,37,12,1,4,4,26,35,10,1,5,3,37,0,0,,1:3 | 1:1 | 1:0,4256,St.Galler Kantonalbank Arena
20261105000188,2025-11-25,ZSC Lions,HC Ambri-Piotta,3:2,29,30,0,4,2,42,22,8,1,5,3,31,1,0,1:0,0:0 | 0:1 | 2:1,11184,Swiss Life Arena
20261105000189,2025-11-25,EV Zug,SC Bern,4:2,20,2,0,0,2,32,27,0,0,1,4,26,0,0,,2:0 | 1:2 | 1:0,7179,OYM hall
20261105000190,2025-11-28,SC Bern,ZSC Lions,2:1,25,6,0,1,1,35,17,4,0,2,2,24,0,0,,0:0 | 1:1 | 1:0,14756,PostFinance Arena
20261105000191,2025-11-28,EHC Biel-Bienne,Fribourg-Gottéron,2:3,24,6,1,3,3,25,31,6,0,3,2,20,0,0,,0:2 | 1:1 | 1:0,6472,Tissot Arena
20261105000192,2025-11-28,HC Davos,SCRJ Lakers,4:3,28,35,1,3,3,25,35,6,1,7,4,46,1,1,0:0,0:1 | 1:1 | 2:1,5073,zondacrypto-Arena
20261105000193,2025-11-28,EHC Kloten,HC Ajoie,2:3,27,10,2,2,3,13,30,8,1,3,2,33,0,0,,1:2 | 0:1 | 1:0,4107,SWISS Arena
20261105000194,2025-11-28,HC Lugano,HC Ambri-Piotta,5:1,21,29,1,7,1,29,29,39,0,2,5,31,0,0,,1:1 | 3:0 | 1:0,6733,Cornèr Arena
20261105000195,2025-11-30,SCL Tigers,Lausanne HC,3:4,22,10,1,3,4,27,31,6,1,5,3,27,0,0,,0:1 | 1:0 | 2:3,6000,emmental versicherung arena
20261105000196,2025-11-27,EV Zug,Genève-Servette HC,3:1,28,6,0,3,1,28,22,6,1,3,3,21,0,0,,2:0 | 0:1 | 1:0,7103,OYM hall
20261105000197,2025-11-29,HC Ajoie,EV Zug,3:2,21,6,0,1,2,24,27,2,0,3,3,25,1,1,0:0,0:1 | 0:1 | 2:0,4708,Raiffeisen Arena
20261105000198,2025-11-29,HC Ambri-Piotta,EHC Biel-Bienne,5:4,27,2,2,2,4,29,29,4,1,1,5,37,1,1,0:0,2:2 | 1:2 | 1:0,6429,Gottardo Arena
20261105000199,2025-11-29,Fribourg-Gottéron,SC Bern,2:1,21,4,0,1,1,19,19,2,0,2,2,28,0,0,,0:0 | 0:0 | 2:1,9372,BCF Arena
20261105000200,2025-11-29,Genève-Servette HC,HC Davos,3:2,24,6,1,4,2,27,24,8,1,3,3,30,1,0,1:0,0:0 | 1:0 | 1:2,6722,Les Vernets
20261105000201,2025-10-01,Lausanne HC,EHC Kloten,2:1,20,2,0,2,1,29,14,4,0,1,2,16,0,0,,2:0 | 0:1 | 0:0,7918,Vaudoise Aréna
20261105000202,2025-11-30,SCRJ Lakers,HC Lugano,3:2,32,4,2,6,2,35,44,10,0,2,3,29,1,1,0:0,0:1 | 0:1 | 2:0,5798,St.Galler Kantonalbank Arena
20261105000203,2025-11-29,ZSC Lions,SCL Tigers,2:3,19,4,1,2,3,33,25,6,0,1,2,31,1,0,0:1,1:1 | 0:0 | 1:1,11559,Swiss Life Arena
20261105000204,2025-12-05,HC Ajoie,Fribourg-Gottéron,1:5,22,10,1,3,5,18,21,8,0,3,1,23,0,0,,0:0 | 1:3 | 0:2,5195,Raiffeisen Arena
20261105000205,2025-12-04,HC Ambri-Piotta,Genève-Servette HC,5:2,38,4,0,2,2,40,18,4,0,2,5,25,0,0,,3:0 | 0:0 | 2:2,5924,Gottardo Arena
20261105000206,2025-12-05,HC Davos,ZSC Lions,2:3,37,8,1,2,3,27,32,4,0,4,2,24,1,1,0:0,1:1 | 0:1 | 1:0,6547,zondacrypto-Arena
20261105000207,2025-12-05,HC Lugano,EHC Kloten,4:1,32,6,0,2,1,28,20,4,1,3,4,25,0,0,,2:0 | 1:1 | 1:0,5125,Cornèr Arena
20261105000208,2025-12-22,Lausanne HC,SC Bern,2:3,18,4,0,0,3,21,29,0,0,2,2,33,1,0,0:1,0:0 | 1:0 | 1:2,9600,Vaudoise Aréna
20261105000209,2025-12-05,SCRJ Lakers,EHC Biel-Bienne,2:3,29,4,1,2,3,39,26,4,0,2,2,20,1,1,0:0,1:0 | 1:2 | 0:0,4722,St.Galler Kantonalbank Arena
20261105000210,2025-12-05,SCL Tigers,EV Zug,3:1,24,8,0,2,1,22,14,4,0,4,3,25,0,0,,1:0 | 0:1 | 2:0,5575,emmental versicherung arena
20261105000211,2025-12-06,SC Bern,SCL Tigers,5:1,38,6,0,3,1,27,22,6,1,3,5,27,0,0,,2:0 | 1:0 | 2:1,16503,PostFinance Arena
20261105000212,2025-12-06,EHC Biel-Bienne,Lausanne HC,1:2,19,10,0,0,2,22,24,0,0,5,1,28,0,0,,1:0 | 0:0 | 0:2,6240,Tissot Arena
20261105000213,2025-12-07,Fribourg-Gottéron,HC Davos,4:0,23,8,0,3,0,18,26,8,0,3,4,43,0,0,,1:0 | 2:0 | 1:0,9372,BCF Arena
20261105000214,2025-12-06,Genève-Servette HC,HC Ajoie,6:1,19,30,0,5,1,22,36,39,1,2,6,49,0,0,,1:0 | 3:1 | 2:0,6337,Les Vernets
20261105000215,2025-12-07,EHC Kloten,HC Ambri-Piotta,2:1,27,4,1,5,1,28,44,10,0,2,2,19,0,0,,1:0 | 0:0 | 1:1,6632,SWISS Arena
20261105000216,2025-12-07,ZSC Lions,SCRJ Lakers,3:1,34,4,1,2,1,21,28,4,0,2,3,28,0,0,,1:0 | 1:0 | 1:1,12000,Swiss Life Arena
20261105000217,2026-01-14,EV Zug,HC Lugano,2:3,26,2,0,5,3,41,17,35,0,0,2,15,0,0,,0:1 | 1:2 | 1:0,6930,OYM hall
20261105000218,2025-12-19,HC Ajoie,Lausanne HC,3:4,34,8,0,3,4,34,32,6,1,4,3,39,1,0,0:1,1:1 | 1:1 | 1:1,4989,Raiffeisen Arena
20261105000219,2025-12-19,HC Ambri-Piotta,Fribourg-Gottéron,5:6,38,8,2,3,6,35,26,14,0,1,5,30,1,0,0:1,3:2 | 1:2 | 1:1,6552,Gottardo Arena
20261105000220,2025-12-19,SC Bern,HC Davos,2:3,38,29,0,1,3,24,30,27,0,2,2,41,1,0,0:1,0:1 | 0:1 | 2:0,15689,PostFinance Arena
20261105000221,2025-12-19,Genève-Servette HC,SCL Tigers,1:4,22,6,0,1,4,23,32,2,0,3,1,34,0,0,,0:2 | 0:0 | 1:2,6043,Les Vernets
20261105000222,2025-12-19,EHC Kloten,SC Rapperswil-Jona Lakers,5:2,22,4,0,5,2,43,30,10,2,2,5,20,0,0,,3:0 | 0:1 | 2:1,5035,SWISS Arena
20261105000223,2025-12-17,ZSC Lions,HC Lugano,5:3,24,4,1,4,3,27,31,8,0,2,5,32,0,0,,2:1 | 0:1 | 3:1,11195,Swiss Life Arena
20261105000224,2025-12-19,EV Zug,EHC Biel-Bienne,4:0,20,2,0,1,0,34,30,2,0,1,4,28,0,0,,0:0 | 1:0 | 3:0,7246,OYM hall
20261105000225,2025-12-20,EHC Biel-Bienne,Genève-Servette HC,3:2,27,2,0,3,2,23,22,6,1,1,3,29,0,0,,2:1 | 0:0 | 1:1,6365,Tissot Arena
20261105000226,2025-11-25,HC Davos,HC Ajoie,8:0,19,0,0,1,0,30,26,2,0,0,8,28,0,0,,2:0 | 4:0 | 2:0,3904,zondacrypto-Arena
20261105000227,2025-12-20,Fribourg-Gottéron,ZSC Lions,4:2,20,6,0,3,2,24,35,6,1,3,4,25,0,0,,1:2 | 0:0 | 3:0,9372,BCF Arena
20261105000228,2025-12-07,HC Lugano,SC Bern,3:1,19,10,0,3,1,26,30,6,3,5,3,34,0,0,,1:0 | 1:1 | 1:0,5703,Cornèr Arena
20261105000229,2025-12-20,Lausanne HC,HC Ambri-Piotta,5:1,24,18,0,0,1,23,33,12,1,3,5,38,0,0,,1:0 | 2:0 | 2:1,9600,Vaudoise Aréna
20261105000230,2025-12-20,SC Rapperswil-Jona Lakers,EV Zug,4:2,22,4,0,2,2,16,28,4,1,2,4,35,0,0,,0:2 | 1:0 | 3:0,5940,St.Galler Kantonalbank Arena
20261105000231,2025-12-20,SCL Tigers,EHC Kloten,4:3,23,4,1,4,3,28,30,8,0,1,4,21,1,0,1:0,1:1 | 2:0 | 0:2,6000,emmental versicherung arena
20261105000232,2025-12-23,HC Ambri-Piotta,HC Ajoie,2:5,45,10,1,2,5,20,33,4,2,5,2,42,0,0,,1:2 | 1:1 | 0:2,6775,Gottardo Arena
20261105000233,2025-12-23,SC Bern,SCRJ Lakers,3:2,19,8,1,4,2,28,35,10,0,3,3,44,1,1,0:0,0:2 | 1:0 | 1:0,15876,PostFinance Arena
20261105000234,2025-12-23,Genève-Servette HC,Lausanne HC,7:3,33,41,0,4,3,32,41,18,3,6,7,35,0,0,,2:1 | 4:2 | 1:0,7135,Les Vernets
20261105000235,2025-12-23,EHC Kloten,Fribourg-Gottéron,4:3,22,6,0,2,3,39,25,8,0,1,4,27,0,0,,3:0 | 0:1 | 1:2,6158,SWISS Arena
20261105000236,2025-12-23,SCL Tigers,HC Lugano,2:4,22,4,1,3,4,40,30,6,0,2,2,28,0,0,,1:1 | 1:2 | 0:1,6000,emmental versicherung arena
20261105000237,2025-12-23,ZSC Lions,EHC Biel-Bienne,4:2,24,41,0,3,2,23,36,16,3,7,4,34,0,0,,1:0 | 0:1 | 3:1,12000,Swiss Life Arena
20261105000238,2025-12-23,EV Zug,HC Davos,3:2,25,6,0,2,2,25,22,4,1,3,3,30,1,1,0:0,1:1 | 1:0 | 0:1,7450,OYM hall
20261105000239,2026-01-02,HC Ajoie,SC Bern,3:4,25,2,0,0,4,35,21,2,0,0,3,23,0,0,,0:0 | 2:1 | 1:3,5276,Raiffeisen Arena
20261105000240,2026-01-02,HC Ambri-Piotta,SCL Tigers,0:3,25,4,0,3,3,39,18,8,0,1,0,22,0,0,,0:1 | 0:0 | 0:2,6447,Gottardo Arena
20261105000241,2026-01-02,EHC Biel-Bienne,HC Lugano,3:1,27,10,1,4,1,31,28,8,1,6,3,30,0,0,,1:1 | 1:0 | 1:0,6556,Tissot Arena
20261105000242,2025-12-03,Fribourg-Gottéron,SCRJ Lakers,2:4,26,0,0,2,4,36,38,4,0,0,2,29,0,0,,0:1 | 0:1 | 2:2,9372,BCF Arena
20261105000243,2026-01-02,Genève-Servette HC,ZSC Lions,5:3,27,4,0,1,3,18,22,2,1,2,5,25,0,0,,2:0 | 1:2 | 2:1,6696,Les Vernets
20261105000244,2026-01-02,EHC Kloten,HC Davos,4:1,29,8,1,3,1,34,27,6,2,4,4,31,0,0,,0:0 | 2:1 | 2:0,7161,SWISS Arena
20261105000245,2026-01-02,Lausanne HC,EV Zug,7:0,18,8,0,1,0,20,29,2,0,4,7,35,0,0,,0:0 | 6:0 | 1:0,9600,Vaudoise Aréna
20261105000246,2026-01-03,SC Bern,Genève-Servette HC,0:3,18,10,0,1,3,25,25,4,0,4,0,39,0,0,,0:0 | 0:2 | 0:1,17001,PostFinance Arena
20261105000247,2026-01-03,HC Davos,HC Ambri-Piotta,7:3,24,4,0,4,3,31,28,8,1,2,7,34,0,0,,1:0 | 2:1 | 4:2,6547,zondacrypto-Arena
20261105000248,2026-01-03,HC Lugano,Fribourg-Gottéron,3:2,27,10,1,1,2,23,23,4,1,4,3,19,0,0,,2:1 | 1:1 | 0:0,6422,Cornèr Arena
20261105000249,2026-01-03,SCRJ Lakers,HC Ajoie,2:1,29,31,0,3,1,24,29,31,1,3,2,38,1,0,1:0,1:1 | 0:0 | 0:0,5026,St.Galler Kantonalbank Arena
20261105000250,2026-01-03,SCL Tigers,EHC Biel-Bienne,4:0,25,12,0,1,0,21,23,2,2,6,4,29,0,0,,2:0 | 1:0 | 1:0,6000,emmental versicherung arena
20261105000251,2026-01-03,ZSC Lions,Lausanne HC,3:2,24,0,0,2,2,32,18,4,0,0,3,30,0,0,,1:1 | 1:1 | 1:0,12000,Swiss Life Arena
20261105000252,2026-01-03,EV Zug,EHC Kloten,1:2,18,4,0,0,2,23,21,2,0,1,1,29,1,0,0:1,0:0 | 1:1 | 0:0,7450,OYM hall
20261105000253,2026-01-06,HC Ajoie,ZSC Lions,3:5,35,2,2,3,5,29,23,6,0,1,3,25,0,0,,0:4 | 2:0 | 1:1,3551,Raiffeisen Arena
20261105000254,2026-01-06,HC Ambri-Piotta,EV Zug,4:0,32,10,0,3,0,28,24,6,0,5,4,27,0,0,,0:0 | 1:0 | 3:0,6185,Gottardo Arena
20261105000255,2026-01-06,EHC Biel-Bienne,HC Davos,4:3,30,14,1,4,3,27,19,10,1,6,4,46,1,1,0:0,0:1 | 1:0 | 2:2,5844,Tissot Arena
20261105000256,2026-01-06,Fribourg-Gottéron,SCL Tigers,4:3,28,6,2,6,3,27,39,10,0,3,4,44,1,1,0:0,0:1 | 1:0 | 2:2,9372,BCF Arena
20261105000257,2026-01-06,Genève-Servette HC,SCRJ Lakers,3:1,21,6,1,3,1,29,34,8,0,2,3,38,0,0,,0:0 | 0:0 | 3:1,5513,Les Vernets
20261105000258,2026-01-06,EHC Kloten,SC Bern,2:3,21,4,0,1,3,25,23,2,1,2,2,33,0,0,,0:1 | 1:2 | 1:0,4218,SWISS Arena
20261105000259,2026-01-07,Lausanne HC,HC Lugano,2:5,27,12,2,3,5,44,28,10,1,4,2,42,0,0,,0:0 | 1:2 | 1:3,9246,Vaudoise Aréna
20261105000260,2026-01-09,HC Ajoie,EHC Biel-Bienne,1:2,25,6,0,2,2,32,23,4,1,3,1,19,0,0,,0:0 | 1:2 | 0:0,5021,Raiffeisen Arena
20261105000261,2026-01-09,SC Bern,HC Ambri-Piotta,0:1,31,6,0,2,1,22,29,4,0,3,0,44,1,1,0:0,0:0 | 0:0 | 0:0,15087,PostFinance Arena
20261105000262,2026-01-09,HC Davos,Lausanne HC,5:1,27,4,0,2,1,26,25,7,0,2,5,41,0,0,,1:0 | 1:0 | 3:1,6547,zondacrypto-Arena
20261105000263,2026-01-08,Fribourg-Gottéron,EV Zug,3:2,23,12,1,6,2,17,32,14,0,4,3,41,1,1,0:0,0:1 | 1:1 | 1:0,9372,BCF Arena
20261105000264,2026-01-08,Genève-Servette HC,HC Lugano,2:1,25,4,0,3,1,28,23,26,0,2,2,24,1,0,1:0,0:0 | 0:1 | 1:0,6023,Les Vernets
20261105000265,2026-01-08,SCRJ Lakers,SCL Tigers,2:1,26,12,0,5,1,32,30,33,0,5,2,39,0,0,,0:1 | 0:0 | 2:0,4291,St.Galler Kantonalbank Arena
20261105000266,2026-01-11,ZSC Lions,EHC Kloten,1:0,27,4,0,3,0,39,14,6,0,2,1,24,0,0,,0:0 | 0:0 | 1:0,12000,Swiss Life Arena
20261105000267,2026-01-10,HC Ambri-Piotta,SCRJ Lakers,4:3,24,8,0,4,3,37,35,8,0,4,4,29,1,0,1:0,1:1 | 1:2 | 1:0,6553,Gottardo Arena
20261105000268,2026-01-10,EHC Biel-Bienne,SC Bern,1:2,19,2,0,1,2,27,28,2,0,1,1,26,0,0,,0:1 | 0:1 | 1:0,6556,Tissot Arena
20261105000269,2026-01-10,EHC Kloten,Genève-Servette HC,1:3,22,27,1,4,3,32,33,8,0,2,1,25,0,0,,0:1 | 1:1 | 0:1,4441,SWISS Arena
20261105000270,2025-12-22,HC Lugano,HC Ajoie,6:1,28,6,0,2,1,18,28,4,1,2,6,35,0,0,,1:1 | 4:0 | 1:0,6292,Cornèr Arena
20261105000271,2026-01-10,Lausanne HC,Fribourg-Gottéron,0:4,27,6,1,3,4,23,17,6,0,3,0,19,0,0,,0:1 | 0:0 | 0:3,9600,Vaudoise Aréna
20261105000272,2026-01-10,SCL Tigers,HC Davos,3:1,34,6,0,1,1,33,28,2,1,1,3,24,0,0,,1:0 | 1:1 | 1:0,6000,emmental versicherung arena
20261105000273,2026-01-10,EV Zug,ZSC Lions,2:3,28,2,1,4,3,35,28,8,0,1,2,19,1,0,0:1,1:1 | 0:0 | 1:1,7450,OYM hall
20261105000274,2026-01-16,SC Bern,HC Lugano,1:4,23,2,0,0,4,20,13,0,1,1,1,33,0,0,,0:2 | 0:1 | 1:1,14854,PostFinance Arena
20261105000275,2026-01-15,EHC Biel-Bienne,HC Ambri-Piotta,3:2,32,8,0,1,2,35,23,2,1,4,3,33,1,0,1:0,1:0 | 1:1 | 0:1,5817,Tissot Arena
20261105000276,2026-02-01,HC Davos,Fribourg-Gottéron,5:2,20,6,2,2,2,30,28,6,1,2,5,27,0,0,,2:1 | 1:0 | 2:1,6547,zondacrypto-Arena
20261105000277,2026-01-16,EHC Kloten,Lausanne HC,2:3,20,10,0,1,3,32,30,2,1,5,2,25,1,0,0:1,0:0 | 1:1 | 1:1,4467,SWISS Arena
20261105000278,2026-01-16,SC Rapperswil-Jona Lakers,ZSC Lions,1:3,28,2,1,2,3,33,36,6,0,0,1,30,0,0,,0:1 | 0:0 | 1:2,6100,St.Galler Kantonalbank Arena
20261105000279,2026-01-16,SCL Tigers,Genève-Servette HC,3:0,36,4,0,2,0,41,32,4,1,2,3,37,0,0,,0:0 | 1:0 | 2:0,5820,emmental versicherung arena
20261105000280,2026-01-16,EV Zug,HC Ajoie,2:4,38,2,1,3,4,30,20,6,0,1,2,31,0,0,,1:0 | 1:3 | 0:1,7251,OYM hall
20261105000281,2026-01-17,HC Ajoie,HC Davos,2:5,27,8,1,2,5,39,26,4,2,4,2,28,0,0,,0:0 | 1:2 | 1:3,4391,Raiffeisen Arena
20261105000282,2026-01-17,HC Ambri-Piotta,EHC Kloten,2:5,36,9,1,3,5,33,30,6,1,4,2,34,0,0,,2:2 | 0:2 | 0:1,6495,Gottardo Arena
20261105000283,2026-01-17,Fribourg-Gottéron,EHC Biel-Bienne,6:1,29,6,0,2,1,28,27,4,1,3,6,25,0,0,,2:0 | 0:1 | 4:0,9372,BCF Arena
20261105000284,2026-01-17,Genève-Servette HC,EV Zug,4:1,28,8,1,3,1,22,28,6,2,4,4,33,0,0,,1:0 | 3:1 | 0:0,7135,Les Vernets
20261105000285,2026-01-18,HC Lugano,SCL Tigers,4:3,26,25,0,1,3,30,20,27,0,0,4,40,1,1,0:0,1:0 | 1:1 | 1:2,6233,Cornèr Arena
20261105000286,2026-01-18,Lausanne HC,SCRJ Lakers,3:4,29,10,1,3,4,33,27,8,1,4,3,24,1,0,0:1,0:0 | 2:2 | 1:1,9600,Vaudoise Aréna
20261105000287,2026-01-17,ZSC Lions,SC Bern,3:4,20,10,0,1,4,25,29,8,2,2,3,37,1,0,0:1,0:1 | 1:1 | 2:1,12000,Swiss Life Arena
20261105000288,2026-01-23,HC Ambri-Piotta,ZSC Lions,2:4,33,8,0,1,4,26,31,4,1,3,2,30,0,0,,1:1 | 1:0 | 0:3,6500,Gottardo Arena
20261105000289,2025-12-03,HC Davos,Genève-Servette HC,6:2,28,27,0,2,2,38,35,4,2,4,6,36,0,0,,2:1 | 3:0 | 1:1,4554,zondacrypto-Arena
20261105000290,2026-01-23,Fribourg-Gottéron,HC Lugano,3:2,23,4,0,2,2,19,25,4,0,2,3,27,1,1,0:0,1:0 | 0:1 | 1:1,9372,BCF Arena
20261105000291,2026-01-23,EHC Kloten,EV Zug,1:2,22,6,1,2,2,29,32,4,0,3,1,30,0,0,,0:0 | 0:0 | 1:2,5031,SWISS Arena
20261105000292,2026-01-23,Lausanne HC,EHC Biel-Bienne,2:1,19,10,0,2,1,26,39,4,1,6,2,40,1,0,1:0,0:1 | 1:0 | 0:0,9600,Vaudoise Aréna
20261105000293,2026-01-23,SCRJ Lakers,SC Bern,0:2,20,6,1,3,2,37,17,6,0,3,0,33,0,0,,0:0 | 0:1 | 0:1,5560,St.Galler Kantonalbank Arena
20261105000294,2026-01-23,SCL Tigers,HC Ajoie,2:3,24,6,0,0,3,28,23,0,1,3,2,41,1,0,0:1,0:0 | 2:1 | 0:1,5905,emmental versicherung arena
20261105000295,2026-01-24,HC Ajoie,EHC Kloten,4:2,27,6,0,1,2,39,17,2,0,3,4,16,0,0,,3:1 | 0:1 | 1:0,4422,Raiffeisen Arena
20261105000296,2026-01-24,SC Bern,Lausanne HC,3:1,25,8,0,2,1,24,27,4,0,4,3,31,0,0,,0:0 | 2:1 | 1:0,16501,PostFinance Arena
20261105000297,2026-01-24,EHC Biel-Bienne,SCRJ Lakers,5:4,37,31,1,4,4,34,23,10,2,4,5,36,0,0,,2:1 | 1:2 | 2:1,6033,Tissot Arena
20261105000298,2026-01-26,Genève-Servette HC,HC Ambri-Piotta,3:4,22,6,1,3,4,25,35,8,0,2,3,39,1,0,0:1,0:0 | 2:1 | 1:2,5938,Les Vernets
20261105000299,2026-01-24,HC Lugano,HC Davos,1:4,27,4,0,1,4,32,23,2,0,2,1,18,0,0,,0:0 | 0:2 | 1:2,6614,Cornèr Arena
20261105000300,2026-01-24,ZSC Lions,Fribourg-Gottéron,3:4,24,6,0,2,4,28,36,6,0,2,3,34,1,1,0:0,0:2 | 2:0 | 1:1,12000,Swiss Life Arena
20261105000301,2026-01-24,EV Zug,SCL Tigers,3:1,31,6,1,5,1,34,28,10,0,3,3,37,0,0,,1:0 | 0:1 | 2:0,7429,OYM hall
20261105000302,2026-01-27,EHC Biel-Bienne,HC Ajoie,6:3,29,6,1,2,3,12,15,6,0,2,6,29,0,0,,2:0 | 1:1 | 3:2,6131,Tissot Arena
20261105000303,2026-01-27,HC Davos,EV Zug,4:1,25,33,0,4,1,22,29,33,1,4,4,28,0,0,,2:0 | 0:0 | 2:1,6076,zondacrypto-Arena
20261105000304,2026-01-27,Fribourg-Gottéron,HC Ambri-Piotta,4:3,29,4,1,4,3,19,22,29,0,2,4,30,1,0,1:0,1:0 | 1:3 | 1:0,9372,BCF Arena
20261105000305,2026-01-27,EHC Kloten,ZSC Lions,2:4,42,8,0,3,4,33,19,8,1,3,2,29,0,0,,0:1 | 0:1 | 2:2,6296,SWISS Arena
20261105000306,2026-01-27,HC Lugano,SC Rapperswil-Jona Lakers,7:3,29,34,0,2,3,31,28,4,2,7,7,46,0,0,,3:0 | 0:3 | 4:0,5072,Cornèr Arena
20261105000307,2026-01-14,Lausanne HC,Genève-Servette HC,0:3,25,2,0,0,3,25,28,2,0,0,0,40,0,0,,0:0 | 0:2 | 0:1,9600,Vaudoise Aréna
20261105000308,2026-01-27,SCL Tigers,SC Bern,3:4,27,4,1,3,4,37,26,8,1,1,3,26,1,0,0:1,1:0 | 1:3 | 1:0,6000,emmental versicherung arena
20261105000309,2026-01-29,HC Ambri-Piotta,HC Lugano,3:2,31,2,0,2,2,36,27,6,0,0,3,33,0,0,,1:1 | 1:0 | 1:1,6775,Gottardo Arena
20261105000310,2026-02-01,SC Bern,HC Ajoie,5:0,31,8,0,2,0,22,16,6,2,3,5,32,0,0,,1:0 | 2:0 | 2:0,17031,PostFinance Arena
20261105000311,2026-01-29,Genève-Servette HC,Fribourg-Gottéron,3:5,30,14,0,3,5,21,27,12,0,3,3,32,0,0,,1:4 | 0:0 | 2:1,7135,Les Vernets
20261105000312,2026-02-01,EHC Kloten,EHC Biel-Bienne,3:2,23,10,0,1,2,28,33,4,1,4,3,27,1,0,1:0,0:0 | 0:1 | 2:1,6189,SWISS Arena
20261105000313,2025-11-26,Lausanne HC,SCL Tigers,6:4,30,4,3,4,4,37,23,10,1,1,6,26,0,0,,1:0 | 3:1 | 2:3,9600,Vaudoise Aréna
20261105000314,2026-01-29,SCRJ Lakers,HC Davos,3:4,26,8,2,2,4,45,31,4,1,4,3,31,0,0,,1:0 | 0:2 | 2:2,6025,St.Galler Kantonalbank Arena
20261105000315,2026-01-31,ZSC Lions,EV Zug,2:4,26,2,0,2,4,33,28,4,0,1,2,35,0,0,,0:0 | 0:1 | 2:3,12000,Swiss Life Arena
20261105000316,2026-01-30,HC Ajoie,SCRJ Lakers,2:5,22,6,0,2,5,30,30,4,0,3,2,27,0,0,,0:2 | 0:1 | 2:2,4153,Raiffeisen Arena
20261105000317,2026-01-30,EHC Biel-Bienne,ZSC Lions,1:5,32,6,3,4,5,31,26,8,0,3,1,25,0,0,,1:1 | 0:2 | 0:2,6382,Tissot Arena
20261105000318,2026-01-30,HC Davos,SC Bern,2:1,25,8,0,4,1,23,28,33,1,4,2,33,0,0,,0:0 | 2:1 | 0:0,6547,zondacrypto-Arena
20261105000319,2026-01-30,Fribourg-Gottéron,EHC Kloten,3:2,25,10,0,3,2,23,27,6,0,5,3,27,1,0,1:0,1:0 | 0:1 | 1:1,9372,BCF Arena
20261105000320,2026-01-31,HC Lugano,Genève-Servette HC,5:1,33,6,0,2,1,25,21,4,2,3,5,24,0,0,,1:0 | 0:1 | 4:0,5602,Cornèr Arena
20261105000321,2026-01-31,SCL Tigers,HC Ambri-Piotta,6:3,29,6,0,2,3,30,30,6,2,3,6,33,0,0,,0:0 | 2:1 | 4:2,6000,emmental versicherung arena
20261105000322,2026-01-30,EV Zug,Lausanne HC,1:4,20,8,0,2,4,20,34,4,1,4,1,29,0,0,,0:1 | 0:1 | 1:2,7371,OYM hall
20261105000323,2026-02-24,HC Ambri-Piotta,Lausanne HC,3:2,25,4,0,2,2,29,20,26,1,1,3,20,1,0,1:0,0:2 | 2:0 | 0:0,6093,Gottardo Arena
20261105000324,2026-02-24,SC Bern,EHC Kloten,1:2,24,6,0,1,2,21,24,2,0,3,1,25,1,0,0:1,1:0 | 0:0 | 0:1,14789,PostFinance Arena
20261105000325,2026-02-24,HC Davos,SCL Tigers,4:3,29,6,1,3,3,22,31,6,1,3,4,37,0,0,,1:0 | 1:3 | 2:0,6130,zondacrypto-Arena
20261105000326,2026-02-24,HC Lugano,EHC Biel-Bienne,3:4,33,6,0,2,4,27,22,6,0,2,3,33,1,1,0:0,2:1 | 0:2 | 1:0,4922,Cornèr Arena
20261105000327,2026-02-24,SCRJ Lakers,Genève-Servette HC,4:1,42,6,0,3,1,29,38,6,0,3,4,31,0,0,,1:1 | 1:0 | 2:0,4086,St.Galler Kantonalbank Arena
20261105000328,2026-02-24,ZSC Lions,HC Ajoie,2:1,22,6,1,7,1,26,26,14,0,3,2,22,0,0,,1:0 | 1:1 | 0:0,11263,Swiss Life Arena
20261105000329,2026-02-24,EV Zug,Fribourg-Gottéron,1:3,31,6,1,3,3,35,26,6,0,3,1,25,0,0,,0:1 | 1:0 | 0:2,7194,OYM hall
20261105000330,2026-02-27,HC Ajoie,HC Lugano,0:1,29,2,0,3,1,38,29,6,0,1,0,19,0,0,,0:0 | 0:1 | 0:0,4235,Raiffeisen Arena
20261105000331,2026-02-27,HC Ambri-Piotta,HC Davos,2:5,20,2,0,1,5,36,28,2,0,1,2,19,0,0,,1:1 | 0:2 | 1:2,6765,Gottardo Arena
20261105000332,2026-02-27,EHC Biel-Bienne,EV Zug,2:3,26,8,1,5,3,27,28,12,0,3,2,33,0,0,,1:0 | 0:1 | 1:2,6497,Tissot Arena
20261105000333,2026-02-27,Genève-Servette HC,SC Bern,4:3,35,8,2,3,3,26,24,6,1,4,4,31,1,0,1:0,2:1 | 1:2 | 0:0,7135,Les Vernets
20261105000334,2026-02-27,EHC Kloten,SCL Tigers,3:1,30,10,0,3,1,23,29,6,2,5,3,37,0,0,,1:0 | 0:1 | 2:0,5168,SWISS Arena
20261105000335,2026-02-27,Lausanne HC,ZSC Lions,3:4,37,16,3,4,4,20,37,10,0,2,3,40,1,1,0:0,0:1 | 0:0 | 3:2,9600,Vaudoise Aréna
20261105000336,2026-02-27,SCRJ Lakers,Fribourg-Gottéron,2:3,30,10,0,4,3,25,24,10,1,4,2,23,0,0,,1:0 | 1:1 | 0:2,5515,St.Galler Kantonalbank Arena
20261105000337,2026-02-28,SC Bern,EHC Biel-Bienne,2:3,31,10,0,1,3,25,29,4,0,4,2,39,0,0,,2:2 | 0:0 | 0:1,16806,PostFinance Arena
20261105000338,2026-02-28,HC Davos,EHC Kloten,0:2,30,6,1,3,2,20,22,29,0,2,0,24,0,0,,0:1 | 0:1 | 0:0,6547,zondacrypto-Arena
20261105000339,2025-12-17,Fribourg-Gottéron,HC Ajoie,4:2,13,2,0,1,2,18,29,2,1,1,4,29,0,0,,2:0 | 2:1 | 0:1,9372,BCF Arena
20261105000340,2026-02-28,HC Lugano,Lausanne HC,1:4,24,8,0,3,4,29,20,6,0,4,1,26,0,0,,0:2 | 0:1 | 1:1,5725,Cornèr Arena
20261105000341,2026-02-28,SCL Tigers,SCRJ Lakers,3:4,24,31,0,3,4,20,35,8,1,4,3,34,0,0,,0:1 | 1:2 | 2:1,6000,emmental versicherung arena
20261105000342,2026-02-28,ZSC Lions,Genève-Servette HC,2:3,24,2,2,2,3,22,24,4,0,1,2,22,0,0,,2:1 | 0:1 | 0:1,12000,Swiss Life Arena
20261105000343,2026-02-28,EV Zug,HC Ambri-Piotta,4:1,25,0,0,0,1,21,28,0,0,0,4,23,0,0,,0:0 | 2:1 | 2:0,7450,OYM hall
20261105000344,2026-03-05,HC Ajoie,HC Ambri-Piotta,2:3,34,12,0,1,3,21,27,8,0,3,2,37,1,1,0:0,0:1 | 1:1 | 1:0,3913,Raiffeisen Arena
20261105000345,2026-03-05,SC Bern,EV Zug,2:1,28,6,1,3,1,29,30,6,0,3,2,25,1,1,0:0,0:1 | 1:0 | 0:0,15553,PostFinance Arena
20261105000346,2026-03-05,Genève-Servette HC,EHC Biel-Bienne,5:3,28,6,0,5,3,29,23,10,0,2,5,21,0,0,,2:1 | 2:1 | 1:1,7135,Les Vernets
20261105000347,2026-03-05,HC Lugano,ZSC Lions,1:4,21,8,0,0,4,25,28,2,0,3,1,27,0,0,,0:1 | 1:2 | 0:1,5640,Cornèr Arena
20261105000348,2026-03-05,Lausanne HC,HC Davos,2:6,24,4,2,2,6,25,36,4,0,2,2,45,0,0,,1:1 | 1:2 | 0:3,9600,Vaudoise Aréna
20261105000349,2026-03-05,SC Rapperswil-Jona Lakers,EHC Kloten,6:4,33,8,2,3,4,40,24,8,2,3,6,34,0,0,,0:1 | 3:1 | 3:2,4995,St.Galler Kantonalbank Arena
20261105000350,2026-03-05,SCL Tigers,Fribourg-Gottéron,3:4,29,16,3,6,4,28,29,12,1,8,3,30,0,0,,0:2 | 2:0 | 1:2,6000,emmental versicherung arena
20261105000351,2026-03-07,HC Ajoie,Genève-Servette HC,2:6,30,8,0,2,6,47,21,6,1,3,2,21,0,0,,1:2 | 1:4 | 0:0,4275,Raiffeisen Arena
20261105000352,2026-03-07,HC Ambri-Piotta,SC Bern,4:1,21,4,0,3,1,17,22,29,0,2,4,20,0,0,,1:0 | 1:1 | 2:0,6775,Gottardo Arena
20261105000353,2026-03-07,EHC Biel-Bienne,SCL Tigers,5:1,32,14,1,4,1,28,25,12,2,5,5,37,0,0,,0:1 | 2:0 | 3:0,6556,Tissot Arena
20261105000354,2026-03-07,Fribourg-Gottéron,Lausanne HC,3:4,27,6,1,2,4,31,32,4,0,3,3,30,0,0,,1:2 | 1:2 | 1:0,9372,BCF Arena
20261105000355,2026-03-07,EHC Kloten,HC Lugano,2:1,26,6,0,2,1,30,30,4,0,3,2,29,1,0,1:0,0:1 | 0:0 | 1:0,6404,SWISS Arena
20261105000356,2026-03-07,ZSC Lions,HC Davos,1:2,25,8,0,1,2,30,28,4,0,5,1,36,0,0,,0:2 | 1:0 | 0:0,12000,Swiss Life Arena
20261105000357,2026-03-07,EV Zug,SCRJ Lakers,2:3,31,10,2,4,3,39,32,8,1,4,2,29,1,0,0:1,0:0 | 0:2 | 2:0,7450,OYM hall
20261105000358,2026-03-09,SC Bern,Fribourg-Gottéron,3:4,24,6,2,4,4,20,22,8,1,3,3,48,0,0,,0:2 | 2:0 | 1:2,16471,PostFinance Arena
20261105000359,2026-03-09,HC Davos,EHC Biel-Bienne,5:2,21,4,0,1,2,40,31,2,1,2,5,27,0,0,,2:0 | 2:0 | 1:2,4656,zondacrypto-Arena
20261105000360,2026-03-09,Genève-Servette HC,EHC Kloten,7:0,25,10,0,3,0,23,20,6,1,5,7,28,0,0,,2:0 | 3:0 | 2:0,6342,Les Vernets
20261105000361,2026-03-09,HC Lugano,EV Zug,4:1,26,8,0,3,1,26,28,8,0,3,4,29,0,0,,2:0 | 0:0 | 2:1,5941,Cornèr Arena
20261105000362,2026-03-09,Lausanne HC,HC Ajoie,2:3,29,6,1,2,3,17,19,27,1,2,2,37,1,1,0:0,0:0 | 2:2 | 0:0,9600,Vaudoise Aréna
20261105000363,2026-03-09,SCRJ Lakers,HC Ambri-Piotta,6:2,26,8,0,5,2,30,25,10,1,4,6,29,0,0,,2:1 | 0:0 | 4:1,4562,St.Galler Kantonalbank Arena
20261105000364,2026-03-09,SCL Tigers,ZSC Lions,0:2,21,8,0,2,2,24,34,4,0,4,0,32,0,0,,0:0 | 0:2 | 0:0,5416,emmental versicherung arena
20261105000367,2026-03-12,EV Zug,SCRJ Lakers,5:2,35,10,1,3,2,28,34,10,0,5,5,36,0,0,,0:0 | 2:2 | 3:0,6887,OYM hall
20261105000368,2026-03-14,SCRJ Lakers,EV Zug,2:1,33,0,0,1,1,22,17,2,0,0,2,24,0,0,,0:1 | 1:0 | 1:0,6019,St.Galler Kantonalbank Arena
20261105000369,2026-03-12,EHC Biel-Bienne,SC Bern,4:3,26,10,1,4,3,39,28,8,2,6,4,24,0,0,,1:1 | 2:0 | 1:2,6556,Tissot Arena
20261105000370,2026-03-14,SC Bern,EHC Biel-Bienne,4:0,22,10,0,4,0,20,25,12,0,3,4,25,0,0,,0:0 | 2:0 | 2:0,16243,PostFinance Arena
20261105000371,2026-03-16,SC Bern,SCRJ Lakers,1:2,34,6,0,3,2,21,33,6,0,1,1,32,0,0,,1:2 | 0:0 | 0:0,13965,PostFinance Arena
20261105000372,2026-03-18,SCRJ Lakers,SC Bern,4:0,20,26,0,3,0,27,31,8,2,7,4,40,0,0,,0:0 | 2:0 | 2:0,5178,St.Galler Kantonalbank Arena
20261105000373,2026-03-20,HC Davos,EV Zug,4:3,25,8,1,2,3,25,24,6,1,3,4,33,0,0,,0:0 | 0:2 | 4:1,6547,zondacrypto-Arena
20261105000374,2026-03-20,Fribourg-Gottéron,SCRJ Lakers,2:5,32,107,0,5,5,29,30,111,0,6,2,31,0,0,,0:1 | 0:1 | 2:3,9372,BCF Arena
20261105000375,2026-03-21,Genève-Servette HC,Lausanne HC,1:0,35,10,0,0,0,17,28,4,0,3,1,29,0,0,,0:0 | 0:0 | 1:0,7135,Les Vernets
20261105000376,2026-03-21,ZSC Lions,HC Lugano,3:0,25,4,0,0,0,24,30,2,1,1,3,21,0,0,,1:0 | 0:0 | 2:0,12000,Swiss Life Arena
20261105000377,2026-03-22,EV Zug,HC Davos,0:2,15,4,0,1,2,23,29,4,0,1,0,24,0,0,,0:0 | 0:1 | 0:1,7450,OYM hall
20261105000378,2026-03-22,SC Rapperswil-Jona Lakers,Fribourg-Gottéron,2:1,28,14,0,4,1,35,26,10,1,6,2,23,0,0,,0:1 | 2:0 | 0:0,5771,St.Galler Kantonalbank Arena
20261105000379,2026-03-23,Lausanne HC,Genève-Servette HC,5:1,37,39,1,6,1,37,29,21,3,6,5,30,0,0,,1:0 | 2:1 | 2:0,9600,Vaudoise Aréna
20261105000380,2026-03-23,HC Lugano,ZSC Lions,4:5,29,10,1,4,5,23,32,12,1,3,4,43,0,0,,1:3 | 1:2 | 2:0,6116,Cornèr Arena
20261105000381,2026-03-24,HC Davos,EV Zug,7:3,26,10,0,1,3,27,24,2,3,5,7,26,0,0,,4:0 | 3:2 | 0:1,6006,zondacrypto-Arena
20261105000382,2026-03-24,Fribourg-Gottéron,SCRJ Lakers,4:0,22,14,0,3,0,18,39,6,0,7,4,35,0,0,,1:0 | 2:0 | 1:0,9372,BCF Arena
20261105000383,2026-03-25,Genève-Servette HC,Lausanne HC,2:5,24,18,2,3,5,30,35,56,2,4,2,40,0,0,,1:2 | 0:1 | 1:2,7135,Les Vernets
20261105000384,2026-03-25,ZSC Lions,HC Lugano,4:0,21,31,0,3,0,24,21,35,0,1,4,24,0,0,,2:0 | 1:0 | 1:0,12000,Swiss Life Arena
20261105000385,2026-03-26,EV Zug,HC Davos,5:2,23,6,1,3,2,20,29,6,1,3,5,21,0,0,,3:0 | 0:2 | 2:0,7450,OYM hall
20261105000386,2026-03-26,SCRJ Lakers,Fribourg-Gottéron,2:6,31,10,0,3,6,30,23,8,0,5,2,27,0,0,,0:1 | 1:2 | 1:3,5829,St.Galler Kantonalbank Arena
20261105000387,2026-03-27,Lausanne HC,Genève-Servette HC,2:4,27,12,1,4,4,24,25,37,1,4,2,38,0,0,,0:1 | 0:1 | 2:2,9600,Vaudoise Aréna
20261105000388,2026-03-27,HC Lugano,ZSC Lions,1:2,22,6,0,1,2,23,25,2,1,3,1,26,0,0,,0:1 | 1:1 | 0:0,6733,Cornèr Arena
20261105000389,2026-03-28,HC Davos,EV Zug,4:1,27,8,1,4,1,24,29,8,1,4,4,31,0,0,,0:1 | 2:0 | 2:0,6547,zondacrypto-Arena
20261105000390,2026-03-28,Fribourg-Gottéron,SCRJ Lakers,1:2,28,32,0,4,2,29,27,12,0,5,1,23,0,0,,1:1 | 0:0 | 0:1,9372,BCF Arena
20261105000391,2026-03-29,Genève-Servette HC,Lausanne HC,2:3,22,4,1,3,3,30,36,6,1,2,2,35,0,0,,0:1 | 2:1 | 0:1,7135,Les Vernets
20261105000394,2026-03-30,SCRJ Lakers,Fribourg-Gottéron,1:3,20,39,0,3,3,16,34,6,0,7,1,34,0,0,,0:2 | 1:1 | 0:0,6100,St.Galler Kantonalbank Arena
20261105000431,2026-03-21,HC Ambri-Piotta,HC Ajoie,5:3,27,10,1,4,3,33,33,10,1,4,5,40,0,0,,1:0 | 0:2 | 4:1,6357,Gottardo Arena
20261105000432,2026-03-24,HC Ajoie,HC Ambri-Piotta,3:6,23,14,0,3,6,26,32,8,1,6,3,29,0,0,,0:1 | 0:2 | 3:3,3570,Raiffeisen Arena
20261105000433,2026-03-28,HC Ambri-Piotta,HC Ajoie,3:2,28,10,0,2,2,21,31,8,1,3,3,22,0,0,,2:1 | 0:0 | 1:1,6594,Gottardo Arena
20266105000080,2026-02-20,HC Davos,HC Lugano,4:1,0,8,0,1,1,0,0,6,0,2,4,0,0,0,,0:1 | 2:0 | 2:0,,zondacrypto-Arena
20266105000081,2026-02-19,EHC Biel-Bienne,Genève-Servette HC,5:1,0,10,0,2,1,0,0,4,0,5,5,0,0,0,,3:0 | 2:0 | 0:1,,Palladium de Champéry
20266105000082,2026-02-12,ZSC Lions,EV Zug,4:1,14,2,0,2,1,18,12,4,1,1,4,26,0,0,,2:1 | 2:0 | 0:0,,SZ Dieschen
20266105000083,2026-02-19,EHC Kloten,SCRJ Lakers,4:2,17,4,0,2,2,25,24,4,1,2,4,23,0,0,,2:1 | 2:0 | 0:1,,SWISS Arena
20266105000084,2026-02-19,HC Ajoie,,3:2,0,6,1,3,2,0,0,6,0,3,3,0,0,0,,0:1 | 1:1 | 2:0,,Raiffeisen Arena
20266105000085,2026-02-14,,SCRJ Lakers,1:4,32,6,0,2,4,38,25,4,0,3,1,26,0,0,,0:0 | 0:3 | 1:1,,SKZA Obersee
20266105000086,2026-02-13,HC Ambri-Piotta,Fribourg-Gottéron,5:0,0,4,0,5,0,0,0,10,0,2,5,0,0,0,,1:0 | 3:0 | 1:0,,EZ Luzern
20266105000087,2026-02-20,EV Zug,HC Ambri-Piotta,3:2,0,6,0,1,2,0,0,2,1,3,3,0,1,0,1:0,0:0 | 1:0 | 1:2,,EZ Luzern
20266105000089,2026-02-17,HC Ajoie,Lausanne HC,1:7,28,6,0,0,7,48,28,0,0,3,1,17,0,0,,1:1 | 0:4 | 0:2,,Patinoire ALLIANZ ARENA
20266105000092,2026-02-13,HC Lugano,EHC Kloten,1:1,15,2,0,3,1,27,18,6,0,1,1,24,0,0,,0:1 | 0:0 | 1:0,,Cornèr Arena
20266105000093,2026-02-21,SCL Tigers,,2:4,0,2,1,6,4,0,0,14,0,0,2,0,0,0,,1:2 | 0:0 | 1:2,,emmental versicherung arena
