game_id,date,home_team,away_team,score,away_abbr,away_faceoffs,away_hits,away_pim,away_score,away_shots,home_abbr,home_faceoffs,home_hits,home_pim,home_score,home_shots,is_overtime,is_shootout,period_scores
2921768,2025-09-09,Č. Budějovice,HC Sparta Praha,2:3,SPA,28,2,6,3,26,CEB,23,1,4,2,28,0,0,"1:1, 0:1, 1:1"
2921766,2025-09-10,HC Oceláři Třinec,HC Olomouc,8:2,OLO,36,1,6,2,30,TRI,37,3,8,8,38,0,0,"1:1, 4:1, 3:0"
2921763,2025-09-10,Bílí Tygři Liberec,HC Škoda Plzeň,1:3,PLZ,22,3,10,3,25,LIB,39,3,12,1,24,0,0,"0:2, 1:0, 0:1"
2921764,2025-09-10,HC Dynamo Pardubice,Mountfield HK,7:1,MHK,24,5,19,1,33,PCE,33,4,15,7,29,0,0,"5:0, 2:1, 0:0"
2921765,2025-09-10,Rytíři Kladno,BK Mladá Boleslav,1:2,MBL,24,4,10,2,15,KLA,26,2,10,1,28,0,0,"0:0, 0:2, 1:0"
2921767,2025-09-10,HC Energie Karlovy Vary,HC VÍTKOVICE RIDERA,4:7,VIT,37,7,12,7,24,KVA,32,12,12,4,31,0,0,"2:3, 1:3, 1:1"
2921769,2025-09-10,HC Kometa Brno,HC VERVA Litvínov,4:2,LIT,25,3,14,2,14,KOM,33,5,10,4,28,0,0,"1:1, 1:0, 2:1"
2921771,2025-09-12,HC VÍTKOVICE RIDERA,Rytíři Kladno,1:0,KLA,28,2,10,0,41,VIT,28,3,6,1,24,0,0,"0:0, 0:0, 0:0 - 0:0 - 1:0"
2921772,2025-09-12,HC VERVA Litvínov,HC Energie Karlovy Vary,0:4,KVA,34,5,20,4,26,LIT,24,8,12,0,24,0,0,"0:0, 0:1, 0:3"
2921776,2025-09-12,BK Mladá Boleslav,HC Kometa Brno,1:3,KOM,27,4,8,3,29,MBL,22,8,6,1,30,0,0,"0:1, 0:0, 1:2"
2921770,2025-09-12,Mountfield HK,Č. Budějovice,3:4,CEB,34,1,8,4,21,MHK,35,4,8,3,18,0,0,"2:1, 1:3, 0:0"
2921773,2025-09-12,HC Olomouc,HC Škoda Plzeň,1:4,PLZ,38,5,4,4,29,OLO,20,5,4,1,26,0,0,"1:0, 0:3, 0:1"
2921774,2025-09-12,Bílí Tygři Liberec,HC Dynamo Pardubice,4:2,PCE,41,2,16,2,29,LIB,30,2,12,4,36,0,0,"1:2, 1:0, 2:0"
2921775,2025-09-12,HC Sparta Praha,HC Oceláři Třinec,5:2,TRI,20,2,36,2,21,SPA,34,2,15,5,39,0,0,"1:1, 2:0, 2:1"
2921781,2025-09-14,Rytíři Kladno,Mountfield HK,4:2,MHK,40,2,10,2,34,KLA,32,1,10,4,31,0,0,"1:0, 2:2, 1:0"
2921783,2025-09-14,HC Energie Karlovy Vary,HC Olomouc,2:4,OLO,35,4,6,4,41,KVA,31,2,10,2,23,0,0,"0:0, 2:1, 0:3"
2921778,2025-09-14,HC Škoda Plzeň,Č. Budějovice,1:4,CEB,18,2,20,4,28,PLZ,41,1,14,1,24,0,0,"0:1, 0:1, 1:2"
2921779,2025-09-14,HC Kometa Brno,HC Sparta Praha,2:0,SPA,31,4,16,0,27,KOM,29,1,39,2,21,0,0,"1:0, 1:0, 0:0"
2921777,2025-09-14,HC Oceláři Třinec,Bílí Tygři Liberec,4:2,LIB,38,7,10,2,26,TRI,29,6,6,4,23,0,0,"0:0, 1:1, 3:1"
2921780,2025-09-14,HC Dynamo Pardubice,BK Mladá Boleslav,4:1,MBL,21,7,12,1,14,PCE,32,12,8,4,43,0,0,"0:0, 3:1, 1:0"
2921782,2025-09-14,HC VERVA Litvínov,HC VÍTKOVICE RIDERA,0:3,VIT,24,2,4,3,22,LIT,38,3,8,0,32,0,0,"0:0, 0:1, 0:2"
2921788,2025-09-16,Č. Budějovice,HC Dynamo Pardubice,4:1,PCE,41,4,12,1,31,CEB,36,3,12,4,33,0,0,"0:1, 2:0, 2:0"
2921789,2025-09-16,BK Mladá Boleslav,HC Oceláři Třinec,2:1,TRI,32,3,4,1,22,MBL,30,4,2,2,22,0,0,"1:1, 1:0, 0:0"
2921784,2025-09-16,HC Kometa Brno,HC VÍTKOVICE RIDERA,5:2,VIT,26,1,6,2,21,KOM,26,1,4,5,17,0,0,"1:0, 1:0, 3:2"
2921785,2025-09-16,Mountfield HK,HC Škoda Plzeň,4:3,PLZ,22,5,37,3,29,MHK,32,6,6,4,32,0,0,"2:2, 0:1, 1:0 - 1:0"
2921787,2025-09-16,Bílí Tygři Liberec,HC VERVA Litvínov,2:4,LIT,39,10,16,4,16,LIB,42,9,6,2,60,0,0,"0:1, 1:2, 1:1"
2921790,2025-09-16,HC Sparta Praha,HC Energie Karlovy Vary,1:2,KVA,30,4,6,2,32,SPA,30,4,6,1,38,0,0,"0:2, 1:0, 0:0"
2921786,2025-09-17,HC Olomouc,Rytíři Kladno,4:1,KLA,37,5,12,1,31,OLO,26,1,8,4,34,0,0,"1:0, 1:0, 2:1"
2921791,2025-09-19,HC Oceláři Třinec,HC Škoda Plzeň,2:1,PLZ,35,7,2,1,31,TRI,28,5,4,2,31,0,0,"0:0, 1:1, 0:0 - 1:0"
2921792,2025-09-19,HC VÍTKOVICE RIDERA,BK Mladá Boleslav,2:4,MBL,28,1,4,4,23,VIT,40,1,2,2,27,0,0,"0:2, 0:1, 2:1"
2921796,2025-09-19,HC VERVA Litvínov,HC Sparta Praha,1:5,SPA,34,7,4,5,34,LIT,20,7,4,1,20,0,0,"0:3, 1:1, 0:1"
2921793,2025-09-19,HC Dynamo Pardubice,HC Olomouc,3:1,OLO,23,3,6,1,20,PCE,33,1,6,3,41,0,0,"0:0, 1:1, 2:0"
2921794,2025-09-19,Rytíři Kladno,Č. Budějovice,1:4,CEB,35,3,16,4,20,KLA,31,1,16,1,34,0,0,"0:1, 1:1, 0:2"
2921795,2025-09-19,HC Energie Karlovy Vary,Mountfield HK,3:1,MHK,29,2,12,1,42,KVA,33,5,8,3,25,0,0,"1:1, 2:0, 0:0"
2921797,2025-09-19,HC Kometa Brno,Bílí Tygři Liberec,4:5,LIB,32,9,12,5,36,KOM,33,7,6,4,21,0,0,"1:0, 1:2, 2:3"
2921801,2025-09-21,BK Mladá Boleslav,HC Energie Karlovy Vary,2:3,KVA,33,4,27,3,25,MBL,21,9,6,2,33,0,0,"1:1, 1:0, 0:2"
2921799,2025-09-21,HC VÍTKOVICE RIDERA,HC Sparta Praha,2:3,SPA,31,10,33,3,34,VIT,23,16,6,2,32,0,0,"1:1, 0:0, 1:1 - 0:0 - 0:1"
2921802,2025-09-21,Mountfield HK,HC Kometa Brno,3:5,KOM,35,12,10,5,30,MHK,36,4,10,3,36,0,0,"1:0, 2:0, 0:5"
2921798,2025-09-21,HC Škoda Plzeň,HC Dynamo Pardubice,2:1,PCE,34,9,34,1,27,PLZ,16,7,13,2,13,0,0,"1:0, 1:1, 0:0"
2921803,2025-09-21,Č. Budějovice,HC Oceláři Třinec,2:3,TRI,31,2,33,3,12,CEB,43,1,6,2,43,0,0,"0:2, 1:0, 1:1"
2921804,2025-09-21,Bílí Tygři Liberec,Rytíři Kladno,4:1,KLA,27,4,12,1,31,LIB,45,2,10,4,31,0,0,"2:1, 2:0, 0:0"
2921806,2025-09-23,HC VÍTKOVICE RIDERA,Bílí Tygři Liberec,4:2,LIB,40,10,9,2,30,VIT,22,4,11,4,23,0,0,"1:1, 1:1, 2:0"
2921810,2025-09-23,HC VERVA Litvínov,BK Mladá Boleslav,4:2,MBL,26,7,8,2,40,LIT,31,1,8,4,29,0,0,"0:0, 2:1, 2:1"
2921805,2025-09-23,HC Olomouc,HC Sparta Praha,4:2,SPA,33,3,14,2,33,OLO,31,4,10,4,23,0,0,"1:0, 0:2, 3:0"
2921807,2025-09-23,Rytíři Kladno,HC Dynamo Pardubice,4:5,PCE,31,7,6,5,22,KLA,34,5,4,4,39,0,0,"0:3, 2:0, 2:2"
2921808,2025-09-23,HC Kometa Brno,HC Škoda Plzeň,4:2,PLZ,21,6,27,2,18,KOM,29,6,9,4,29,0,0,"1:1, 2:1, 1:0"
2921809,2025-09-23,HC Energie Karlovy Vary,Č. Budějovice,3:1,CEB,29,2,6,1,22,KVA,28,8,8,3,39,0,0,"0:0, 2:0, 1:1"
2921818,2025-09-25,HC Dynamo Pardubice,HC Oceláři Třinec,4:5,TRI,33,3,6,5,18,PCE,25,1,6,4,27,0,0,"0:2, 1:2, 3:1"
2921812,2025-09-26,BK Mladá Boleslav,HC Sparta Praha,2:7,SPA,24,8,8,7,33,MBL,30,11,10,2,21,0,0,"1:3, 1:2, 0:2"
2921813,2025-09-26,HC Škoda Plzeň,Rytíři Kladno,3:1,KLA,22,5,8,1,28,PLZ,34,5,14,3,18,0,0,"2:0, 0:1, 1:0"
2921817,2025-09-26,Č. Budějovice,HC Kometa Brno,8:0,KOM,32,4,12,0,21,CEB,31,2,6,8,35,0,0,"3:0, 3:0, 2:0"
2921814,2025-09-26,Mountfield HK,HC VERVA Litvínov,2:0,LIT,30,8,10,0,14,MHK,38,6,14,2,41,0,0,"2:0, 0:0, 0:0"
2921815,2025-09-26,HC Olomouc,HC VÍTKOVICE RIDERA,2:3,VIT,29,2,6,3,25,OLO,32,5,6,2,29,0,0,"1:0, 0:2, 1:0 - 0:0 - 0:1"
2921816,2025-09-26,Bílí Tygři Liberec,HC Energie Karlovy Vary,2:1,KVA,34,6,4,1,23,LIB,33,3,4,2,23,0,0,"1:1, 1:0, 0:0"
2921824,2025-09-28,HC Škoda Plzeň,HC Energie Karlovy Vary,3:2,KVA,33,6,17,2,27,PLZ,21,8,17,3,31,0,0,"2:1, 0:0, 0:1 - 0:0 - 1:0"
2921820,2025-09-28,HC VÍTKOVICE RIDERA,Mountfield HK,0:4,MHK,32,12,2,4,37,VIT,29,8,12,0,16,0,0,"0:3, 0:0, 0:1"
2921821,2025-09-28,HC Sparta Praha,Bílí Tygři Liberec,1:3,LIB,27,6,12,3,17,SPA,36,11,10,1,45,0,0,"1:0, 0:0, 0:3"
2921819,2025-09-28,HC Oceláři Třinec,Rytíři Kladno,3:2,KLA,39,8,6,2,41,TRI,31,5,6,3,27,0,0,"1:0, 1:1, 0:1 - 1:0"
2921822,2025-09-28,HC Olomouc,BK Mladá Boleslav,3:1,MBL,36,5,8,1,32,OLO,35,5,16,3,25,0,0,"1:0, 1:0, 1:1"
2921823,2025-09-28,HC Kometa Brno,HC Dynamo Pardubice,1:2,PCE,31,2,8,2,21,KOM,24,3,4,1,24,0,0,"1:0, 0:1, 0:0 - 0:1"
2921825,2025-09-28,HC VERVA Litvínov,Č. Budějovice,3:6,CEB,38,4,8,6,34,LIT,30,7,8,3,26,0,0,"2:1, 1:4, 0:1"
2921832,2025-09-30,HC Oceláři Třinec,HC Kometa Brno,1:0,KOM,23,5,8,0,23,TRI,29,0,4,1,20,0,0,"0:0, 1:0, 0:0"
2921831,2025-09-30,Č. Budějovice,HC VÍTKOVICE RIDERA,2:1,VIT,32,5,6,1,28,CEB,31,4,8,2,29,0,0,"1:0, 1:0, 0:1"
2921827,2025-09-30,Mountfield HK,HC Olomouc,0:1,OLO,29,3,10,1,20,MHK,27,5,6,0,31,0,0,"0:0, 0:1, 0:0"
2921828,2025-09-30,HC Dynamo Pardubice,HC VERVA Litvínov,2:1,LIT,27,4,8,1,20,PCE,35,7,6,2,43,0,0,"0:0, 1:0, 0:1 - 1:0"
2921829,2025-09-30,Rytíři Kladno,HC Energie Karlovy Vary,1:3,KVA,32,4,8,3,29,KLA,31,4,6,1,33,0,0,"1:1, 0:1, 0:1"
2921830,2025-09-30,Bílí Tygři Liberec,BK Mladá Boleslav,0:3,MBL,21,12,4,3,23,LIB,36,5,6,0,33,0,0,"0:1, 0:0, 0:2"
2921826,2025-09-30,HC Sparta Praha,HC Škoda Plzeň,0:2,PLZ,33,3,12,2,34,SPA,37,1,12,0,41,0,0,"0:1, 0:0, 0:1"
2921839,2025-10-03,HC Oceláři Třinec,HC VÍTKOVICE RIDERA,4:5,VIT,35,0,10,5,34,TRI,36,3,4,4,44,0,0,"2:1, 1:1, 1:2 - 0:0 - 0:1"
2921833,2025-10-03,BK Mladá Boleslav,Č. Budějovice,3:4,CEB,22,1,6,4,18,MBL,30,8,6,3,27,0,0,"0:1, 2:2, 1:1"
2921836,2025-10-03,HC VERVA Litvínov,HC Škoda Plzeň,1:2,PLZ,31,4,8,2,21,LIT,29,3,6,1,22,0,0,"0:0, 1:0, 0:2"
2921834,2025-10-03,HC Kometa Brno,Rytíři Kladno,3:4,KLA,31,5,12,4,37,KOM,33,10,6,3,35,0,0,"0:1, 3:0, 0:2 - 0:0 - 0:1"
2921835,2025-10-03,HC Energie Karlovy Vary,HC Dynamo Pardubice,0:3,PCE,26,13,8,3,23,KVA,31,15,6,0,26,0,0,"0:1, 0:1, 0:1"
2921837,2025-10-03,HC Olomouc,Bílí Tygři Liberec,0:1,LIB,27,6,10,1,28,OLO,21,5,4,0,30,0,0,"0:1, 0:0, 0:0"
2921838,2025-10-03,HC Sparta Praha,Mountfield HK,0:2,MHK,29,2,8,2,29,SPA,29,3,10,0,36,0,0,"0:0, 0:2, 0:0"
2921842,2025-10-05,Mountfield HK,Bílí Tygři Liberec,4:3,LIB,35,2,4,3,32,MHK,33,7,10,4,30,0,0,"2:0, 0:3, 1:0 - 1:0"
2921844,2025-10-05,Rytíři Kladno,HC Sparta Praha,5:4,SPA,39,6,10,4,27,KLA,31,6,12,5,26,0,0,"1:2, 3:1, 1:1"
2921840,2025-10-05,Č. Budějovice,HC Olomouc,1:3,OLO,24,5,14,3,14,CEB,25,3,2,1,31,0,0,"0:1, 0:1, 1:1"
2921843,2025-10-05,HC Dynamo Pardubice,HC VÍTKOVICE RIDERA,3:4,VIT,19,5,13,4,20,PCE,29,2,19,3,49,0,0,"2:2, 0:2, 1:0"
2921845,2025-10-05,HC Oceláři Třinec,HC VERVA Litvínov,3:1,LIT,25,2,10,1,21,TRI,37,10,6,3,42,0,0,"0:0, 1:1, 2:0"
2921846,2025-10-05,HC Kometa Brno,HC Energie Karlovy Vary,3:1,KVA,32,3,6,1,30,KOM,26,2,0,3,26,0,0,"1:1, 1:0, 1:0"
2921841,2025-10-08,HC Škoda Plzeň,BK Mladá Boleslav,2:0,MBL,26,9,6,0,25,PLZ,17,8,6,2,20,0,0,"0:0, 2:0, 0:0"
2921853,2025-10-10,HC Energie Karlovy Vary,HC Oceláři Třinec,1:3,TRI,30,5,6,3,25,KVA,28,3,4,1,31,0,0,"0:0, 1:2, 0:1"
2921849,2025-10-10,HC VERVA Litvínov,Rytíři Kladno,1:3,KLA,33,3,8,3,24,LIT,28,6,8,1,24,0,0,"0:1, 0:2, 1:0"
2921851,2025-10-10,BK Mladá Boleslav,Mountfield HK,2:3,MHK,21,4,8,3,32,MBL,24,4,6,2,14,0,0,"1:0, 0:0, 1:2 - 0:0 - 0:1"
2921852,2025-10-10,Č. Budějovice,Bílí Tygři Liberec,4:2,LIB,33,6,8,2,42,CEB,26,6,4,4,22,0,0,"1:1, 1:1, 2:0"
2921850,2025-10-10,HC Olomouc,HC Kometa Brno,1:2,KOM,33,3,12,2,28,OLO,21,0,6,1,26,0,0,"0:0, 1:0, 0:2"
2921847,2025-10-10,HC Sparta Praha,HC Dynamo Pardubice,3:6,PCE,44,4,14,6,32,SPA,33,6,14,3,27,0,0,"1:2, 0:1, 2:3"
2921856,2025-10-12,BK Mladá Boleslav,Rytíři Kladno,2:1,KLA,32,3,10,1,38,MBL,20,3,4,2,30,0,0,"0:0, 1:0, 0:1 - 0:0 - 1:0"
2921858,2025-10-12,HC VÍTKOVICE RIDERA,HC Energie Karlovy Vary,3:0,KVA,23,4,6,0,26,VIT,31,5,6,3,21,0,0,"1:0, 1:0, 1:0"
2921859,2025-10-12,HC Sparta Praha,Č. Budějovice,4:2,CEB,18,2,19,2,27,SPA,32,5,13,4,40,0,0,"2:1, 1:0, 1:1"
2921854,2025-10-12,HC Škoda Plzeň,Bílí Tygři Liberec,0:1,LIB,19,5,8,1,18,PLZ,29,4,4,0,32,0,0,"0:0, 0:1, 0:0"
2921855,2025-10-12,Mountfield HK,HC Dynamo Pardubice,2:1,PCE,31,6,15,1,18,MHK,26,8,13,2,26,0,0,"0:1, 0:0, 1:0 - 1:0"
2921857,2025-10-12,HC Olomouc,HC Oceláři Třinec,3:5,TRI,30,3,4,5,26,OLO,30,7,4,3,31,0,0,"1:3, 1:1, 1:1"
2921860,2025-10-12,HC VERVA Litvínov,HC Kometa Brno,2:5,KOM,29,4,8,5,32,LIT,28,3,8,2,16,0,0,"1:0, 0:4, 1:1"
2921873,2025-10-15,HC VÍTKOVICE RIDERA,HC VERVA Litvínov,8:2,LIT,36,6,35,2,38,VIT,29,6,8,8,37,0,0,"5:1, 3:0, 0:1"
2921864,2025-10-16,HC Škoda Plzeň,HC Olomouc,2:3,OLO,23,0,4,3,20,PLZ,32,7,4,2,28,0,0,"1:0, 1:3, 0:0"
2921862,2025-10-17,Rytíři Kladno,HC VÍTKOVICE RIDERA,3:1,VIT,27,5,10,1,23,KLA,30,1,14,3,35,0,0,"1:0, 1:1, 1:0"
2921863,2025-10-17,HC Energie Karlovy Vary,HC VERVA Litvínov,3:0,LIT,38,1,8,0,34,KVA,36,1,4,3,33,0,0,"1:0, 0:0, 2:0"
2921865,2025-10-17,HC Dynamo Pardubice,Bílí Tygři Liberec,0:5,LIB,43,3,6,5,41,PCE,27,6,8,0,31,0,0,"0:1, 0:3, 0:1"
2921867,2025-10-17,HC Kometa Brno,BK Mladá Boleslav,1:4,MBL,43,3,4,4,26,KOM,23,4,33,1,29,0,0,"0:1, 1:2, 0:1"
2921868,2025-10-19,Bílí Tygři Liberec,HC Oceláři Třinec,0:1,TRI,29,6,14,1,20,LIB,35,2,10,0,42,0,0,"0:1, 0:0, 0:0"
2921870,2025-10-19,HC Sparta Praha,HC Kometa Brno,4:1,KOM,18,3,40,1,23,SPA,39,2,11,4,40,0,0,"0:0, 3:1, 1:0"
2921871,2025-10-19,BK Mladá Boleslav,HC Dynamo Pardubice,0:2,PCE,23,5,6,2,27,MBL,20,5,6,0,18,0,0,"0:0, 0:2, 0:0"
2921872,2025-10-19,Mountfield HK,Rytíři Kladno,4:1,KLA,31,5,6,1,25,MHK,32,4,8,4,36,0,0,"2:0, 2:1, 0:0"
2921869,2025-10-19,Č. Budějovice,HC Škoda Plzeň,0:3,PLZ,28,4,6,3,27,CEB,21,3,6,0,20,0,0,"0:0, 0:1, 0:2"
2921874,2025-10-19,HC Olomouc,HC Energie Karlovy Vary,5:3,KVA,33,5,2,3,27,OLO,30,6,8,5,32,0,0,"2:1, 0:0, 3:2"
2921861,2025-10-21,Č. Budějovice,Mountfield HK,0:3,MHK,18,12,4,3,26,CEB,25,5,6,0,22,0,0,"0:1, 0:1, 0:1"
2921800,2025-10-21,HC Olomouc,HC VERVA Litvínov,3:2,LIT,24,4,12,2,30,OLO,42,5,4,3,40,0,0,"1:2, 0:0, 2:0"
2921866,2025-10-21,HC Sparta Praha,HC Oceláři Třinec,1:4,TRI,30,1,10,4,36,SPA,30,10,31,1,23,0,0,"1:1, 0:0, 0:3"
2922072,2025-10-22,HC Sparta Praha,HC VÍTKOVICE RIDERA,5:4,VIT,34,2,8,4,40,SPA,34,5,8,5,30,0,0,"3:0, 1:2, 0:2 - 1:0"
2921879,2025-10-23,HC Dynamo Pardubice,Č. Budějovice,5:2,CEB,23,7,8,2,25,PCE,34,5,10,5,25,0,0,"2:1, 3:0, 0:1"
2921880,2025-10-24,HC Oceláři Třinec,BK Mladá Boleslav,2:1,MBL,31,3,10,1,22,TRI,29,4,2,2,43,0,0,"0:0, 1:0, 1:1"
2921876,2025-10-24,HC Škoda Plzeň,Mountfield HK,2:3,MHK,28,3,8,3,20,PLZ,28,5,8,2,34,0,0,"1:3, 0:0, 1:0"
2921878,2025-10-24,HC VERVA Litvínov,Bílí Tygři Liberec,4:3,LIB,38,4,14,3,26,LIT,31,5,31,4,30,0,0,"1:3, 1:0, 1:0 - 1:0"
2921875,2025-10-24,HC Kometa Brno,HC VÍTKOVICE RIDERA,4:1,VIT,21,6,10,1,28,KOM,27,4,6,4,31,0,0,"2:0, 0:0, 2:1"
2921877,2025-10-24,Rytíři Kladno,HC Olomouc,3:2,OLO,33,1,10,2,20,KLA,28,3,12,3,29,0,0,"1:0, 2:2, 0:0"
2921881,2025-10-24,HC Energie Karlovy Vary,HC Sparta Praha,4:3,SPA,27,6,10,3,29,KVA,39,6,10,4,34,0,0,"1:1, 0:1, 2:1 - 0:0 - 1:0"
2921882,2025-10-26,HC Škoda Plzeň,HC Oceláři Třinec,1:2,TRI,19,3,42,2,20,PLZ,26,4,4,1,26,0,0,"0:1, 0:0, 1:0 - 0:0 - 0:1"
2921883,2025-10-26,BK Mladá Boleslav,HC VÍTKOVICE RIDERA,1:2,VIT,21,4,8,2,21,MBL,27,2,6,1,31,0,0,"0:1, 0:0, 1:1"
2921886,2025-10-26,Mountfield HK,HC Energie Karlovy Vary,4:5,KVA,36,4,8,5,26,MHK,26,0,4,4,30,0,0,"0:3, 2:2, 2:0"
2921888,2025-10-26,Bílí Tygři Liberec,HC Kometa Brno,4:3,KOM,27,3,4,3,23,LIB,34,4,4,4,37,0,0,"0:1, 1:1, 3:1"
2921884,2025-10-26,HC Olomouc,HC Dynamo Pardubice,2:1,PCE,32,1,18,1,44,OLO,33,9,14,2,17,0,0,"1:0, 0:0, 0:1 - 1:0"
2921885,2025-10-26,Č. Budějovice,Rytíři Kladno,4:3,KLA,22,6,10,3,21,CEB,42,2,8,4,39,0,0,"0:1, 0:2, 3:0 - 1:0"
2921887,2025-10-26,HC Sparta Praha,HC VERVA Litvínov,2:1,LIT,41,3,10,1,33,SPA,31,5,12,2,26,0,0,"2:0, 0:0, 0:1"
2921891,2025-10-28,HC VERVA Litvínov,HC Olomouc,1:0,OLO,29,3,10,0,26,LIT,25,7,2,1,32,0,0,"0:0, 1:0, 0:0"
2921892,2025-10-28,HC Energie Karlovy Vary,BK Mladá Boleslav,4:5,MBL,27,3,12,5,25,KVA,33,7,31,4,36,0,0,"1:3, 2:0, 1:1 - 0:1"
2921895,2025-10-28,Rytíři Kladno,Bílí Tygři Liberec,4:3,LIB,40,5,10,3,43,KLA,33,3,8,4,21,0,0,"2:2, 1:0, 0:1 - 0:0 - 1:0"
2921889,2025-10-28,HC Dynamo Pardubice,HC Škoda Plzeň,1:3,PLZ,33,4,15,3,19,PCE,25,8,13,1,23,0,0,"0:1, 0:1, 1:1"
2921893,2025-10-28,HC Kometa Brno,Mountfield HK,1:2,MHK,23,0,8,2,22,KOM,30,5,4,1,18,0,0,"1:0, 0:0, 0:2"
2921894,2025-10-28,HC Oceláři Třinec,Č. Budějovice,6:3,CEB,31,4,20,3,25,TRI,29,2,4,6,23,0,0,"3:2, 3:0, 0:1"
2921890,2025-10-29,HC VÍTKOVICE RIDERA,HC Sparta Praha,1:4,SPA,36,5,6,4,35,VIT,20,4,4,1,22,0,0,"0:1, 0:1, 1:2"
2921899,2025-10-31,HC Škoda Plzeň,HC Kometa Brno,4:3,KOM,29,6,6,3,19,PLZ,32,6,8,4,34,0,0,"0:1, 2:0, 1:2 - 0:0 - 1:0"
2921900,2025-10-31,Č. Budějovice,HC Energie Karlovy Vary,3:2,KVA,25,6,4,2,23,CEB,22,7,6,3,27,0,0,"1:0, 1:1, 1:1"
2921901,2025-10-31,BK Mladá Boleslav,HC VERVA Litvínov,3:2,LIT,19,1,8,2,32,MBL,23,2,6,3,29,0,0,"0:0, 1:0, 2:2"
2921896,2025-10-31,HC Olomouc,HC Sparta Praha,1:4,SPA,29,5,4,4,43,OLO,24,5,6,1,16,0,0,"0:2, 1:1, 0:1"
2921897,2025-10-31,Bílí Tygři Liberec,HC VÍTKOVICE RIDERA,2:3,VIT,36,5,12,3,22,LIB,44,10,33,2,41,0,0,"1:0, 1:2, 0:1"
2921898,2025-10-31,HC Dynamo Pardubice,Rytíři Kladno,8:3,KLA,28,1,16,3,28,PCE,48,7,22,8,44,0,0,"4:1, 3:1, 1:1"
2921902,2025-10-31,Mountfield HK,HC Oceláři Třinec,4:1,TRI,37,4,6,1,17,MHK,27,2,6,4,30,0,0,"1:0, 2:1, 1:0"
2921909,2025-11-02,HC Oceláři Třinec,HC Dynamo Pardubice,2:4,PCE,27,4,14,4,21,TRI,41,3,4,2,25,0,0,"1:1, 1:1, 0:2"
2921905,2025-11-02,HC VERVA Litvínov,Mountfield HK,1:3,MHK,24,5,12,3,33,LIT,26,9,16,1,22,0,0,"0:2, 1:0, 0:1"
2921903,2025-11-02,HC Sparta Praha,BK Mladá Boleslav,2:0,MBL,26,4,4,0,24,SPA,25,5,2,2,35,0,0,"1:0, 0:0, 1:0"
2921904,2025-11-02,Rytíři Kladno,HC Škoda Plzeň,1:2,PLZ,28,4,10,2,25,KLA,29,6,4,1,35,0,0,"0:1, 0:1, 1:0"
2921906,2025-11-02,HC VÍTKOVICE RIDERA,HC Olomouc,2:3,OLO,35,2,12,3,28,VIT,27,4,35,2,29,0,0,"1:1, 0:1, 1:1"
2921908,2025-11-02,HC Kometa Brno,Č. Budějovice,4:3,CEB,39,1,12,3,26,KOM,30,5,4,4,47,0,0,"0:2, 2:1, 1:0 - 1:0"
2922003,2025-11-09,HC Sparta Praha,Bílí Tygři Liberec,4:3,LIB,34,2,6,3,30,SPA,28,3,8,4,21,0,0,"1:2, 2:0, 0:1 - 1:0"
2921922,2025-11-12,HC VÍTKOVICE RIDERA,Č. Budějovice,4:2,CEB,37,6,6,2,27,VIT,29,5,4,4,26,0,0,"0:0, 1:2, 3:0"
2921928,2025-11-12,Bílí Tygři Liberec,HC Olomouc,4:2,OLO,28,4,35,2,22,LIB,41,3,8,4,50,0,0,"2:2, 1:0, 1:0"
2921913,2025-11-14,BK Mladá Boleslav,HC Olomouc,4:1,OLO,23,0,6,1,20,MBL,38,8,8,4,32,0,0,"0:1, 3:0, 1:0"
2921916,2025-11-14,Č. Budějovice,HC VERVA Litvínov,2:3,LIT,24,3,10,3,28,CEB,31,2,8,2,37,0,0,"1:0, 1:1, 0:1 - 0:1"
2921910,2025-11-14,Rytíři Kladno,HC Oceláři Třinec,5:3,TRI,33,6,10,3,21,KLA,30,7,4,5,36,0,0,"2:2, 1:1, 2:0"
2921911,2025-11-14,Mountfield HK,HC VÍTKOVICE RIDERA,3:0,VIT,30,4,10,0,13,MHK,32,3,10,3,36,0,0,"0:0, 1:0, 2:0"
2921912,2025-11-14,Bílí Tygři Liberec,HC Sparta Praha,3:0,SPA,25,5,12,0,17,LIB,35,4,8,3,31,0,0,"1:0, 2:0, 0:0"
2921915,2025-11-14,HC Energie Karlovy Vary,HC Škoda Plzeň,4:2,PLZ,22,7,33,2,39,KVA,30,5,10,4,19,0,0,"1:0, 1:0, 2:2"
2921919,2025-11-16,HC VERVA Litvínov,HC Dynamo Pardubice,1:4,PCE,40,11,12,4,42,LIT,23,4,8,1,27,0,0,"1:0, 0:0, 0:4"
2921920,2025-11-16,HC Energie Karlovy Vary,Rytíři Kladno,1:5,KLA,22,3,12,5,14,KVA,37,10,8,1,33,0,0,"0:2, 1:1, 0:2"
2921921,2025-11-16,BK Mladá Boleslav,Bílí Tygři Liberec,2:0,LIB,28,5,12,0,27,MBL,27,7,10,2,25,0,0,"1:0, 0:0, 1:0"
2921917,2025-11-16,HC Škoda Plzeň,HC Sparta Praha,5:6,SPA,30,9,31,6,27,PLZ,34,10,6,5,31,0,0,"1:3, 2:1, 2:2"
2921923,2025-11-16,HC Kometa Brno,HC Oceláři Třinec,4:3,TRI,42,2,10,3,32,KOM,29,5,4,4,41,0,0,"1:0, 2:2, 1:1"
2921918,2025-11-17,HC Olomouc,Mountfield HK,1:7,MHK,22,7,14,7,37,OLO,36,9,8,1,33,0,0,"1:2, 0:2, 0:3"
2921927,2025-11-20,HC Škoda Plzeň,HC VERVA Litvínov,7:2,LIT,15,4,8,2,15,PLZ,33,2,2,7,32,0,0,"1:1, 4:0, 2:1"
2921930,2025-11-20,HC VÍTKOVICE RIDERA,HC Oceláři Třinec,3:2,TRI,27,11,4,2,35,VIT,42,3,4,3,25,0,0,"1:1, 1:0, 1:1"
2921926,2025-11-20,HC Dynamo Pardubice,HC Energie Karlovy Vary,4:1,KVA,17,14,8,1,22,PCE,32,4,33,4,26,0,0,"3:0, 0:0, 1:1"
2921924,2025-11-21,Č. Budějovice,BK Mladá Boleslav,4:3,MBL,26,6,6,3,30,CEB,33,9,6,4,32,0,0,"1:2, 1:1, 1:0 - 0:0 - 1:0"
2921925,2025-11-21,Rytíři Kladno,HC Kometa Brno,1:4,KOM,39,2,6,4,42,KLA,23,6,4,1,22,0,0,"1:1, 0:1, 0:2"
2921929,2025-11-21,Mountfield HK,HC Sparta Praha,1:4,SPA,28,4,14,4,25,MHK,33,4,8,1,31,0,0,"0:0, 0:2, 1:2"
2921932,2025-11-23,BK Mladá Boleslav,HC Škoda Plzeň,2:1,PLZ,23,9,6,1,25,MBL,33,7,4,2,19,0,0,"2:0, 0:0, 0:1"
2921933,2025-11-23,Bílí Tygři Liberec,Mountfield HK,3:2,MHK,39,3,10,2,27,LIB,35,6,2,3,35,0,0,"2:0, 0:2, 1:0"
2921934,2025-11-23,HC VÍTKOVICE RIDERA,HC Dynamo Pardubice,3:2,PCE,33,3,15,2,36,VIT,30,2,15,3,14,0,0,"1:0, 1:1, 1:1"
2921935,2025-11-23,Rytíři Kladno,HC Sparta Praha,3:7,SPA,30,3,14,7,27,KLA,24,7,6,3,22,0,0,"0:3, 2:3, 1:1"
2921937,2025-11-23,HC Energie Karlovy Vary,HC Kometa Brno,3:2,KOM,25,6,10,2,16,KVA,28,2,6,3,38,0,0,"0:1, 1:0, 2:1"
2921936,2025-11-23,HC VERVA Litvínov,HC Oceláři Třinec,5:2,TRI,39,6,16,2,46,LIT,24,3,39,5,24,0,0,"2:1, 3:1, 0:0"
2921931,2025-11-23,HC Olomouc,Č. Budějovice,1:2,CEB,31,8,8,2,33,OLO,35,4,6,1,25,0,0,"1:1, 0:0, 0:0 - 0:1"
2921944,2025-11-25,HC Energie Karlovy Vary,HC Oceláři Třinec,2:1,TRI,30,3,8,1,26,KVA,36,5,10,2,24,0,0,"0:0, 2:0, 0:1"
2921938,2025-11-25,HC Dynamo Pardubice,HC Sparta Praha,1:2,SPA,27,13,13,2,19,PCE,30,17,13,1,37,0,0,"0:0, 0:1, 1:0 - 0:1"
2921940,2025-11-25,Rytíři Kladno,HC VERVA Litvínov,2:1,LIT,30,10,6,1,38,KLA,28,9,4,2,32,0,0,"0:0, 0:1, 1:0 - 0:0 - 1:0"
2921941,2025-11-25,HC Kometa Brno,HC Olomouc,1:2,OLO,19,4,35,2,13,KOM,36,13,8,1,34,0,0,"0:1, 0:1, 1:0"
2921942,2025-11-25,Mountfield HK,BK Mladá Boleslav,0:1,MBL,25,8,13,1,13,MHK,23,6,15,0,23,0,0,"0:0, 0:0, 0:0 - 0:0 - 0:1"
2921943,2025-11-25,Bílí Tygři Liberec,Č. Budějovice,5:2,CEB,24,9,6,2,30,LIB,32,2,4,5,34,0,0,"2:0, 1:0, 2:2"
2921939,2025-11-26,HC Škoda Plzeň,HC VÍTKOVICE RIDERA,7:0,VIT,23,4,27,0,17,PLZ,28,7,6,7,34,0,0,"5:0, 1:0, 1:0"
2921948,2025-11-28,HC Oceláři Třinec,HC Olomouc,5:2,OLO,28,0,6,2,34,TRI,41,3,8,5,33,0,0,"1:1, 2:0, 2:1"
2921945,2025-11-28,HC Škoda Plzeň,Bílí Tygři Liberec,2:1,LIB,29,0,12,1,19,PLZ,23,9,12,2,24,0,0,"0:0, 0:1, 1:0 - 1:0"
2921950,2025-11-28,Č. Budějovice,HC Sparta Praha,3:1,SPA,32,3,8,1,34,CEB,30,8,8,3,28,0,0,"1:1, 1:0, 1:0"
2921946,2025-11-28,HC Dynamo Pardubice,Mountfield HK,3:1,MHK,27,6,8,1,21,PCE,26,9,4,3,33,0,0,"1:1, 0:0, 2:0"
2921947,2025-11-28,Rytíři Kladno,BK Mladá Boleslav,5:0,MBL,31,6,4,0,38,KLA,22,10,8,5,22,0,0,"1:0, 4:0, 0:0"
2921949,2025-11-28,HC Energie Karlovy Vary,HC VÍTKOVICE RIDERA,4:1,VIT,26,2,31,1,27,KVA,26,2,8,4,29,0,0,"1:0, 2:1, 1:0"
2921951,2025-11-28,HC VERVA Litvínov,HC Kometa Brno,6:2,KOM,33,4,10,2,31,LIT,36,3,4,6,28,0,0,"3:0, 2:1, 1:1"
2921956,2025-11-30,Bílí Tygři Liberec,HC Dynamo Pardubice,4:2,PCE,28,7,6,2,40,LIB,32,2,31,4,20,0,0,"0:1, 3:1, 1:0"
2921957,2025-11-30,HC Oceláři Třinec,HC Sparta Praha,1:2,SPA,40,2,12,2,28,TRI,34,5,8,1,35,0,0,"0:2, 1:0, 0:0"
2921954,2025-11-30,HC VERVA Litvínov,HC Energie Karlovy Vary,1:2,KVA,31,11,6,2,27,LIT,26,6,8,1,26,0,0,"0:0, 0:2, 1:0"
2921952,2025-11-30,Mountfield HK,Č. Budějovice,4:2,CEB,42,4,4,2,17,MHK,25,7,4,4,30,0,0,"0:2, 1:0, 3:0"
2921953,2025-11-30,HC VÍTKOVICE RIDERA,Rytíři Kladno,0:3,KLA,39,4,46,3,22,VIT,38,4,11,0,39,0,0,"0:1, 0:0, 0:2"
2921958,2025-11-30,BK Mladá Boleslav,HC Kometa Brno,3:4,KOM,31,2,6,4,44,MBL,30,2,27,3,35,0,0,"2:2, 0:2, 1:0"
2921955,2025-11-30,HC Olomouc,HC Škoda Plzeň,1:0,PLZ,25,1,10,0,23,OLO,23,6,4,1,25,0,0,"0:0, 1:0, 0:0"
2921811,2025-12-03,HC Oceláři Třinec,Mountfield HK,6:1,MHK,23,3,8,1,23,TRI,37,5,4,6,37,0,0,"2:0, 1:1, 3:0"
2922088,2025-12-03,HC VÍTKOVICE RIDERA,HC Olomouc,1:5,OLO,30,3,10,5,23,VIT,26,4,8,1,41,0,0,"0:3, 1:2, 0:0"
2921971,2025-12-05,HC Oceláři Třinec,Bílí Tygři Liberec,3:5,LIB,34,1,2,5,34,TRI,27,3,4,3,38,0,0,"0:1, 2:2, 1:2"
2921960,2025-12-05,HC Škoda Plzeň,Č. Budějovice,2:3,CEB,36,2,12,3,35,PLZ,29,3,6,2,22,0,0,"2:0, 0:1, 0:1 - 0:1"
2921964,2025-12-05,HC VERVA Litvínov,HC VÍTKOVICE RIDERA,2:5,VIT,29,1,4,5,27,LIT,32,2,6,2,23,0,0,"1:0, 1:1, 0:4"
2921961,2025-12-05,HC Kometa Brno,HC Sparta Praha,3:1,SPA,33,6,10,1,27,KOM,28,2,0,3,29,0,0,"1:1, 1:0, 1:0"
2921962,2025-12-05,HC Dynamo Pardubice,BK Mladá Boleslav,5:2,MBL,27,3,6,2,17,PCE,33,4,4,5,33,0,0,"0:2, 3:0, 2:0"
2921963,2025-12-05,Rytíři Kladno,Mountfield HK,2:3,MHK,26,6,12,3,24,KLA,39,4,8,2,33,0,0,"0:0, 1:0, 1:2 - 0:1"
2921965,2025-12-05,HC Energie Karlovy Vary,HC Olomouc,4:2,OLO,22,1,6,2,19,KVA,41,6,8,4,26,0,0,"1:0, 1:2, 2:0"
2921967,2025-12-07,Mountfield HK,HC Škoda Plzeň,5:4,PLZ,43,6,13,4,29,MHK,34,4,19,5,31,0,0,"2:1, 2:3, 1:0"
2921970,2025-12-07,Č. Budějovice,HC Dynamo Pardubice,3:6,PCE,43,3,20,6,28,CEB,30,2,4,3,29,0,0,"1:1, 0:2, 2:3"
2921959,2025-12-07,HC Oceláři Třinec,BK Mladá Boleslav,5:2,MBL,28,6,4,2,31,TRI,31,7,0,5,24,0,0,"1:2, 2:0, 2:0"
2921969,2025-12-07,HC VERVA Litvínov,Bílí Tygři Liberec,3:2,LIB,36,3,8,2,31,LIT,32,6,8,3,29,0,0,"2:1, 0:1, 1:0"
2921966,2025-12-07,HC VÍTKOVICE RIDERA,HC Kometa Brno,4:3,KOM,35,8,8,3,28,VIT,33,2,6,4,28,0,0,"2:1, 1:1, 1:1"
2921972,2025-12-07,HC Sparta Praha,HC Energie Karlovy Vary,6:1,KVA,26,3,41,1,16,SPA,33,6,41,6,30,0,0,"1:0, 4:1, 1:0"
2921968,2025-12-07,HC Olomouc,Rytíři Kladno,4:1,KLA,32,7,10,1,28,OLO,37,7,8,4,25,0,0,"0:1, 3:0, 1:0"
2921993,2025-12-17,HC Oceláři Třinec,Mountfield HK,2:5,MHK,23,5,8,5,30,TRI,32,4,12,2,28,0,0,"0:1, 1:2, 1:2"
2921848,2025-12-17,HC VÍTKOVICE RIDERA,HC Škoda Plzeň,1:3,PLZ,21,8,4,3,32,VIT,33,5,0,1,26,0,0,"0:1, 1:1, 0:1"
2921975,2025-12-17,HC Dynamo Pardubice,HC Olomouc,4:5,OLO,29,3,8,5,29,PCE,37,3,29,4,37,0,0,"3:0, 0:2, 1:2 - 0:1"
2921973,2025-12-19,HC Oceláři Třinec,HC Škoda Plzeň,2:1,PLZ,39,0,12,1,26,TRI,27,2,12,2,32,0,0,"0:1, 0:0, 1:0 - 1:0"
2921974,2025-12-19,HC VÍTKOVICE RIDERA,BK Mladá Boleslav,1:2,MBL,23,6,6,2,24,VIT,27,6,4,1,16,0,0,"0:2, 1:0, 0:0"
2921978,2025-12-19,HC VERVA Litvínov,HC Sparta Praha,3:2,SPA,32,4,33,2,26,LIT,38,3,8,3,26,0,0,"2:1, 1:1, 0:0"
2921976,2025-12-19,Rytíři Kladno,Č. Budějovice,2:3,CEB,24,6,6,3,37,KLA,27,7,12,2,20,0,0,"0:0, 2:2, 0:1"
2921977,2025-12-19,HC Energie Karlovy Vary,Mountfield HK,4:1,MHK,19,2,4,1,24,KVA,35,5,4,4,32,0,0,"2:0, 1:0, 1:1"
2921979,2025-12-19,HC Kometa Brno,Bílí Tygři Liberec,3:1,LIB,30,6,4,1,34,KOM,32,8,8,3,35,0,0,"2:0, 0:0, 1:1"
2921981,2025-12-21,HC Sparta Praha,HC VÍTKOVICE RIDERA,3:6,VIT,26,2,12,6,21,SPA,29,5,6,3,43,0,0,"1:2, 2:2, 0:2"
2921983,2025-12-21,BK Mladá Boleslav,HC Energie Karlovy Vary,0:3,KVA,24,6,14,3,23,MBL,28,3,8,0,35,0,0,"0:0, 0:1, 0:2"
2921984,2025-12-21,Mountfield HK,HC Kometa Brno,2:1,KOM,29,4,10,1,22,MHK,21,4,4,2,45,0,0,"0:0, 1:1, 1:0"
2921986,2025-12-21,Bílí Tygři Liberec,Rytíři Kladno,4:1,KLA,19,7,8,1,23,LIB,40,9,6,4,39,0,0,"3:0, 1:0, 0:1"
2921980,2025-12-21,HC Škoda Plzeň,HC Dynamo Pardubice,1:2,PCE,29,5,12,2,31,PLZ,26,6,6,1,22,0,0,"1:1, 0:0, 0:1"
2921982,2025-12-21,HC Olomouc,HC VERVA Litvínov,4:3,LIT,30,3,4,3,32,OLO,33,6,6,4,37,0,0,"1:2, 1:1, 1:0 - 1:0"
2921985,2025-12-21,Č. Budějovice,HC Oceláři Třinec,1:0,TRI,35,3,7,0,25,CEB,24,4,13,1,18,0,0,"1:0, 0:0, 0:0"
2921991,2025-12-23,HC Energie Karlovy Vary,Č. Budějovice,1:0,CEB,29,3,12,0,25,KVA,28,5,8,1,25,0,0,"0:0, 0:0, 1:0"
2921988,2025-12-23,HC VÍTKOVICE RIDERA,Bílí Tygři Liberec,4:1,LIB,29,6,8,1,30,VIT,28,7,4,4,18,0,0,"0:0, 2:1, 2:0"
2921992,2025-12-23,HC VERVA Litvínov,BK Mladá Boleslav,6:1,MBL,28,4,10,1,25,LIT,32,5,8,6,26,0,0,"2:0, 2:1, 2:0"
2921987,2025-12-23,HC Sparta Praha,HC Olomouc,7:2,OLO,26,4,6,2,21,SPA,30,8,4,7,44,0,0,"1:0, 4:1, 2:1"
2921989,2025-12-23,Rytíři Kladno,HC Dynamo Pardubice,0:1,PCE,37,4,8,1,25,KLA,24,4,10,0,27,0,0,"0:0, 0:0, 0:1"
2921990,2025-12-23,HC Kometa Brno,HC Škoda Plzeň,3:2,PLZ,29,4,6,2,31,KOM,25,6,4,3,25,0,0,"1:0, 1:0, 0:2 - 1:0"
2921996,2025-12-26,Mountfield HK,HC VERVA Litvínov,2:3,LIT,30,5,16,3,23,MHK,31,3,12,2,26,0,0,"0:1, 1:2, 1:0"
2921998,2025-12-26,Bílí Tygři Liberec,HC Energie Karlovy Vary,2:3,KVA,29,4,8,3,32,LIB,28,4,8,2,37,0,0,"1:1, 1:2, 0:0"
2921995,2025-12-26,HC Škoda Plzeň,Rytíři Kladno,3:0,KLA,20,2,8,0,21,PLZ,34,2,6,3,29,0,0,"1:0, 1:0, 1:0"
2921997,2025-12-26,HC Olomouc,HC VÍTKOVICE RIDERA,0:6,VIT,33,3,2,6,33,OLO,22,7,6,0,25,0,0,"0:2, 0:2, 0:2"
2921999,2025-12-26,Č. Budějovice,HC Kometa Brno,3:2,KOM,36,8,10,2,35,CEB,27,3,8,3,27,0,0,"1:0, 1:2, 0:0 - 0:0 - 1:0"
2922000,2025-12-26,HC Dynamo Pardubice,HC Oceláři Třinec,5:3,TRI,33,6,10,3,17,PCE,35,2,2,5,52,0,0,"1:0, 0:2, 4:1"
2922007,2025-12-28,HC VERVA Litvínov,Č. Budějovice,4:1,CEB,22,6,35,1,34,LIT,41,3,10,4,29,0,0,"2:0, 0:1, 2:0"
2922002,2025-12-28,HC VÍTKOVICE RIDERA,Mountfield HK,3:5,MHK,30,5,14,5,26,VIT,29,2,4,3,28,0,0,"1:0, 0:1, 2:4"
2922006,2025-12-28,HC Energie Karlovy Vary,HC Škoda Plzeň,1:2,PLZ,28,4,12,2,21,KVA,29,9,6,1,24,0,0,"1:0, 0:1, 0:1"
2922004,2025-12-28,HC Olomouc,BK Mladá Boleslav,2:5,MBL,29,4,6,5,29,OLO,27,2,6,2,28,0,0,"2:1, 0:2, 0:2"
2922005,2025-12-28,HC Kometa Brno,HC Dynamo Pardubice,1:4,PCE,30,7,10,4,27,KOM,25,4,8,1,32,0,0,"0:2, 1:0, 0:2"
2922001,2025-12-28,HC Oceláři Třinec,Rytíři Kladno,3:1,KLA,28,6,14,1,29,TRI,38,2,6,3,37,0,0,"1:1, 1:0, 1:0"
2922014,2025-12-30,HC Oceláři Třinec,HC Kometa Brno,4:3,KOM,19,6,8,3,32,TRI,34,3,10,4,20,0,0,"1:1, 2:1, 0:1 - 0:0 - 1:0"
2922013,2025-12-30,Č. Budějovice,HC VÍTKOVICE RIDERA,2:3,VIT,35,5,6,3,21,CEB,34,4,4,2,41,0,0,"1:2, 0:0, 1:0 - 0:0 - 0:1"
2922009,2025-12-30,Mountfield HK,HC Olomouc,3:2,OLO,38,3,4,2,25,MHK,27,4,31,3,30,0,0,"0:0, 1:1, 2:1"
2922010,2025-12-30,HC Dynamo Pardubice,HC VERVA Litvínov,3:2,LIT,25,3,13,2,27,PCE,44,6,9,3,42,0,0,"2:1, 0:0, 1:1"
2922011,2025-12-30,Rytíři Kladno,HC Energie Karlovy Vary,3:1,KVA,36,7,14,1,26,KLA,28,5,12,3,36,0,0,"1:1, 2:0, 0:0"
2922012,2025-12-30,Bílí Tygři Liberec,BK Mladá Boleslav,2:1,MBL,26,7,2,1,38,LIB,46,4,2,2,35,0,0,"0:0, 1:0, 0:1 - 0:0 - 1:0"
2922015,2026-01-02,BK Mladá Boleslav,Č. Budějovice,4:2,CEB,29,5,6,2,35,MBL,27,3,6,4,29,0,0,"2:2, 1:0, 1:0"
2922018,2026-01-02,HC VERVA Litvínov,HC Škoda Plzeň,1:8,PLZ,26,5,10,8,34,LIT,41,3,12,1,23,0,0,"1:3, 0:2, 0:3"
2922021,2026-01-02,HC VÍTKOVICE RIDERA,HC Oceláři Třinec,0:2,TRI,32,6,6,2,26,VIT,29,3,0,0,32,0,0,"0:1, 0:0, 0:1"
2922016,2026-01-02,HC Kometa Brno,Rytíři Kladno,2:4,KLA,27,6,6,4,28,KOM,39,9,2,2,30,0,0,"1:1, 1:0, 0:3"
2922017,2026-01-02,HC Energie Karlovy Vary,HC Dynamo Pardubice,3:2,PCE,30,5,10,2,31,KVA,23,3,10,3,25,0,0,"1:0, 0:1, 1:1 - 1:0"
2922019,2026-01-02,HC Olomouc,Bílí Tygři Liberec,5:3,LIB,25,8,27,3,30,OLO,32,1,21,5,40,0,0,"2:1, 2:0, 1:2"
2922027,2026-01-04,HC Oceláři Třinec,HC VERVA Litvínov,3:2,LIT,26,0,4,2,24,TRI,30,3,4,3,26,0,0,"0:0, 1:1, 1:1 - 1:0"
2922024,2026-01-04,Mountfield HK,Bílí Tygři Liberec,0:2,LIB,45,3,6,2,24,MHK,30,6,10,0,23,0,0,"0:1, 0:0, 0:1"
2922026,2026-01-04,HC Sparta Praha,Rytíři Kladno,4:5,KLA,37,4,8,5,33,SPA,38,5,10,4,38,0,0,"0:2, 1:1, 3:1 - 0:1"
2922023,2026-01-04,HC Škoda Plzeň,BK Mladá Boleslav,6:2,MBL,26,3,12,2,16,PLZ,33,5,8,6,38,0,0,"1:0, 2:0, 3:2"
2922022,2026-01-04,Č. Budějovice,HC Olomouc,2:1,OLO,21,2,6,1,30,CEB,36,6,6,2,26,0,0,"0:0, 1:0, 1:1"
2922025,2026-01-04,HC Dynamo Pardubice,HC VÍTKOVICE RIDERA,4:1,VIT,18,2,8,1,21,PCE,34,9,4,4,38,0,0,"0:1, 1:0, 3:0"
2922028,2026-01-04,HC Kometa Brno,HC Energie Karlovy Vary,2:3,KVA,38,4,8,3,25,KOM,34,8,8,2,38,0,0,"2:1, 0:2, 0:0"
2922030,2026-01-06,HC VÍTKOVICE RIDERA,HC Škoda Plzeň,4:6,PLZ,32,4,10,6,32,VIT,31,7,2,4,24,0,0,"2:2, 0:2, 2:2"
2922031,2026-01-06,HC VERVA Litvínov,Rytíři Kladno,4:1,KLA,23,3,10,1,31,LIT,44,4,6,4,26,0,0,"2:1, 0:0, 2:0"
2922032,2026-01-06,HC Olomouc,HC Kometa Brno,3:2,KOM,27,6,6,2,35,OLO,29,3,4,3,23,0,0,"1:0, 0:1, 2:1"
2922029,2026-01-06,HC Sparta Praha,HC Dynamo Pardubice,2:3,PCE,36,3,32,3,33,SPA,23,5,33,2,31,0,0,"0:0, 2:1, 0:1 - 0:1"
2922035,2026-01-07,HC Oceláři Třinec,HC Energie Karlovy Vary,6:3,KVA,33,10,4,3,26,TRI,33,6,6,6,30,0,0,"3:0, 2:1, 1:2"
2922038,2026-01-09,BK Mladá Boleslav,Rytíři Kladno,1:5,KLA,28,5,8,5,19,MBL,37,6,6,1,21,0,0,"0:0, 1:0, 0:5"
2922040,2026-01-09,HC VÍTKOVICE RIDERA,HC Energie Karlovy Vary,3:4,KVA,28,3,37,4,27,VIT,42,5,10,3,30,0,0,"0:1, 2:2, 1:0 - 0:1"
2922036,2026-01-09,Bílí Tygři Liberec,HC Škoda Plzeň,3:2,PLZ,25,4,6,2,26,LIB,35,5,4,3,28,0,0,"1:0, 1:0, 0:2 - 0:0 - 1:0"
2922037,2026-01-09,Mountfield HK,HC Dynamo Pardubice,4:3,PCE,26,9,38,3,29,MHK,32,8,11,4,34,0,0,"1:0, 1:3, 1:0 - 0:0 - 1:0"
2922039,2026-01-09,HC Olomouc,HC Oceláři Třinec,4:1,TRI,35,6,18,1,18,OLO,24,2,10,4,23,0,0,"1:1, 3:0, 0:0"
2922042,2026-01-09,HC Kometa Brno,HC VERVA Litvínov,7:2,LIT,32,3,6,2,22,KOM,31,6,4,7,41,0,0,"1:0, 3:1, 3:1"
2922047,2026-01-11,HC Dynamo Pardubice,Bílí Tygři Liberec,2:1,LIB,31,6,10,1,26,PCE,35,4,12,2,22,0,0,"1:0, 0:0, 0:1 - 0:0 - 1:0"
2922048,2026-01-11,HC Oceláři Třinec,HC Sparta Praha,5:3,SPA,34,7,10,3,32,TRI,29,5,2,5,33,0,0,"2:2, 2:0, 1:1"
2922044,2026-01-11,Rytíři Kladno,HC VÍTKOVICE RIDERA,8:1,VIT,30,5,8,1,24,KLA,30,6,4,8,43,0,0,"2:0, 2:1, 4:0"
2922045,2026-01-11,HC Energie Karlovy Vary,HC VERVA Litvínov,3:4,LIT,30,3,39,4,18,KVA,34,3,4,3,45,0,0,"2:0, 0:2, 1:1 - 0:0 - 0:1"
2922043,2026-01-11,Č. Budějovice,Mountfield HK,5:1,MHK,30,4,48,1,18,CEB,16,2,10,5,29,0,0,"2:0, 2:1, 1:0"
2922049,2026-01-11,HC Kometa Brno,BK Mladá Boleslav,3:2,MBL,28,2,12,2,22,KOM,33,5,6,3,32,0,0,"1:1, 1:1, 0:0 - 1:0"
2922046,2026-01-12,HC Škoda Plzeň,HC Olomouc,3:2,OLO,23,4,8,2,18,PLZ,29,4,6,3,24,0,0,"2:1, 0:0, 1:1"
2922033,2026-01-13,BK Mladá Boleslav,Mountfield HK,2:0,MHK,19,2,11,0,26,MBL,37,4,13,2,29,0,0,"0:0, 1:0, 1:0"
2922034,2026-01-13,Bílí Tygři Liberec,Č. Budějovice,6:3,CEB,25,4,6,3,29,LIB,34,4,31,6,35,0,0,"2:1, 2:1, 2:1"
2922069,2026-01-13,HC Sparta Praha,HC VERVA Litvínov,5:1,LIT,30,2,8,1,19,SPA,29,5,8,5,29,0,0,"1:0, 1:1, 3:0"
2922052,2026-01-15,HC Sparta Praha,HC Kometa Brno,1:3,KOM,32,6,8,3,24,SPA,25,5,6,1,44,0,0,"0:1, 0:1, 1:1"
2922051,2026-01-16,Č. Budějovice,HC Škoda Plzeň,5:1,PLZ,29,9,15,1,29,CEB,34,6,15,5,22,0,0,"1:1, 1:0, 3:0"
2922053,2026-01-16,BK Mladá Boleslav,HC Dynamo Pardubice,4:2,PCE,27,5,12,2,32,MBL,27,7,10,4,15,0,0,"1:0, 2:2, 1:0"
2922055,2026-01-16,HC VÍTKOVICE RIDERA,HC VERVA Litvínov,4:1,LIT,38,5,8,1,28,VIT,32,4,10,4,29,0,0,"0:0, 2:0, 2:1"
2922050,2026-01-16,Bílí Tygři Liberec,HC Oceláři Třinec,5:3,TRI,32,3,8,3,35,LIB,31,4,8,5,23,0,0,"2:1, 2:1, 1:1"
2922054,2026-01-16,Mountfield HK,Rytíři Kladno,1:0,KLA,45,5,10,0,26,MHK,36,3,6,1,31,0,0,"0:0, 1:0, 0:0"
2922056,2026-01-16,HC Olomouc,HC Energie Karlovy Vary,1:5,KVA,24,4,4,5,35,OLO,28,3,6,1,24,0,0,"1:1, 0:2, 0:2"
2922057,2026-01-18,HC VÍTKOVICE RIDERA,HC Kometa Brno,2:3,KOM,36,6,8,3,24,VIT,31,5,6,2,27,0,0,"0:1, 0:1, 2:0 - 0:1"
2922059,2026-01-18,Rytíři Kladno,HC Olomouc,2:0,OLO,28,5,10,0,17,KLA,37,5,29,2,36,0,0,"0:0, 0:0, 2:0"
2922060,2026-01-18,Bílí Tygři Liberec,HC VERVA Litvínov,4:1,LIT,25,4,10,1,24,LIB,45,5,2,4,28,0,0,"2:0, 2:0, 0:1"
2922063,2026-01-18,HC Energie Karlovy Vary,HC Sparta Praha,3:4,SPA,25,4,42,4,34,KVA,43,5,15,3,33,0,0,"1:0, 2:1, 0:2 - 0:0 - 0:1"
2922058,2026-01-18,HC Škoda Plzeň,Mountfield HK,2:3,MHK,28,4,6,3,26,PLZ,26,6,0,2,30,0,0,"2:0, 0:2, 0:0 - 0:0 - 0:1"
2922062,2026-01-18,BK Mladá Boleslav,HC Oceláři Třinec,4:3,TRI,38,2,4,3,29,MBL,20,7,2,4,25,0,0,"1:2, 0:0, 2:1 - 0:0 - 1:0"
2922061,2026-01-18,HC Dynamo Pardubice,Č. Budějovice,5:1,CEB,21,4,4,1,29,PCE,21,5,8,5,24,0,0,"1:0, 2:1, 2:0"
2922064,2026-01-20,HC Škoda Plzeň,HC Oceláři Třinec,2:1,TRI,29,2,14,1,23,PLZ,26,5,6,2,22,0,0,"0:0, 1:1, 0:0 - 0:0 - 1:0"
2922020,2026-01-20,HC Sparta Praha,Mountfield HK,1:2,MHK,35,2,4,2,34,SPA,30,4,6,1,42,0,0,"0:0, 1:0, 0:1 - 0:0 - 0:1"
2921914,2026-01-21,HC Dynamo Pardubice,HC Kometa Brno,7:1,KOM,28,8,10,1,19,PCE,31,7,4,7,44,0,0,"0:1, 4:0, 3:0"
2922065,2026-01-23,BK Mladá Boleslav,HC VÍTKOVICE RIDERA,2:1,VIT,26,2,31,1,18,MBL,30,6,10,2,30,0,0,"1:0, 0:1, 0:0 - 1:0"
2922067,2026-01-23,Č. Budějovice,Rytíři Kladno,2:3,KLA,24,5,2,3,37,CEB,38,5,6,2,28,0,0,"0:1, 1:1, 1:0 - 0:1"
2922066,2026-01-23,HC Olomouc,HC Dynamo Pardubice,2:3,PCE,36,6,14,3,33,OLO,28,2,6,2,30,0,0,"0:1, 1:2, 1:0"
2922068,2026-01-23,Mountfield HK,HC Energie Karlovy Vary,2:3,KVA,32,3,6,3,22,MHK,25,3,12,2,21,0,0,"1:0, 0:0, 1:2 - 0:1"
2922070,2026-01-23,Bílí Tygři Liberec,HC Kometa Brno,4:0,KOM,21,7,4,0,18,LIB,23,3,4,4,30,0,0,"2:0, 0:0, 2:0"
2922076,2026-01-25,HC Oceláři Třinec,Č. Budějovice,2:1,CEB,26,4,35,1,19,TRI,35,3,8,2,26,0,0,"1:1, 1:0, 0:0"
2922073,2026-01-25,HC VERVA Litvínov,HC Olomouc,3:5,OLO,40,2,8,5,34,LIT,37,5,6,3,24,0,0,"0:1, 2:2, 1:2"
2922074,2026-01-25,HC Energie Karlovy Vary,BK Mladá Boleslav,4:0,MBL,25,4,29,0,12,KVA,38,3,6,4,43,0,0,"2:0, 1:0, 1:0"
2922077,2026-01-25,Rytíři Kladno,Bílí Tygři Liberec,0:2,LIB,47,7,10,2,38,KLA,29,4,6,0,37,0,0,"0:0, 0:0, 0:2"
2922071,2026-01-25,HC Dynamo Pardubice,HC Škoda Plzeň,3:4,PLZ,27,3,35,4,23,PCE,49,4,4,3,52,0,0,"0:1, 1:1, 2:1 - 0:1"
2922075,2026-01-25,HC Kometa Brno,Mountfield HK,4:3,MHK,37,3,10,3,33,KOM,29,8,10,4,22,0,0,"0:1, 3:2, 1:0"
2922078,2026-01-26,HC Sparta Praha,HC Olomouc,6:3,OLO,24,4,6,3,29,SPA,35,4,4,6,39,0,0,"3:1, 1:1, 2:1"
2922081,2026-01-27,HC Škoda Plzeň,HC Kometa Brno,4:0,KOM,35,5,20,0,19,PLZ,26,5,14,4,26,0,0,"2:0, 1:0, 1:0"
2922082,2026-01-27,Č. Budějovice,HC Energie Karlovy Vary,3:6,KVA,34,3,0,6,33,CEB,23,9,8,3,22,0,0,"0:1, 1:4, 2:1"
2922083,2026-01-27,BK Mladá Boleslav,HC VERVA Litvínov,1:0,LIT,23,5,6,0,20,MBL,26,5,4,1,34,0,0,"0:0, 1:0, 0:0"
2922079,2026-01-27,Bílí Tygři Liberec,HC VÍTKOVICE RIDERA,6:2,VIT,27,4,29,2,32,LIB,41,3,6,6,38,0,0,"2:0, 2:1, 2:1"
2922080,2026-01-27,HC Dynamo Pardubice,Rytíři Kladno,2:1,KLA,24,3,4,1,22,PCE,43,3,2,2,32,0,0,"1:1, 0:0, 0:0 - 1:0"
2922084,2026-01-27,Mountfield HK,HC Oceláři Třinec,3:0,TRI,26,3,25,0,22,MHK,25,5,6,3,22,0,0,"2:0, 1:0, 0:0"
2922091,2026-01-29,HC Oceláři Třinec,HC Dynamo Pardubice,3:2,PCE,28,5,12,2,31,TRI,30,4,12,3,32,0,0,"2:0, 1:1, 0:1"
2922087,2026-01-29,HC VERVA Litvínov,Mountfield HK,3:6,MHK,28,4,8,6,31,LIT,25,3,2,3,33,0,0,"1:2, 0:2, 2:2"
2922086,2026-01-29,Rytíři Kladno,HC Škoda Plzeň,4:1,PLZ,25,4,0,1,23,KLA,24,3,2,4,26,0,0,"2:0, 1:1, 1:0"
2922089,2026-01-29,HC Energie Karlovy Vary,Bílí Tygři Liberec,3:2,LIB,31,4,8,2,34,KVA,44,6,10,3,35,0,0,"0:1, 0:1, 2:0 - 0:0 - 1:0"
2922085,2026-01-29,HC Sparta Praha,BK Mladá Boleslav,4:1,MBL,21,4,6,1,29,SPA,28,5,8,4,34,0,0,"2:0, 0:1, 2:0"
2921907,2026-01-30,HC Energie Karlovy Vary,Bílí Tygři Liberec,3:2,LIB,36,5,6,2,44,KVA,28,6,8,3,32,0,0,"0:1, 1:0, 1:1 - 0:0 - 1:0"
2922090,2026-01-30,HC Kometa Brno,Č. Budějovice,4:3,CEB,34,5,22,3,40,KOM,27,11,12,4,25,0,0,"0:0, 2:1, 1:2 - 1:0"
2922041,2026-02-01,HC Sparta Praha,Č. Budějovice,4:3,CEB,28,7,15,3,29,SPA,32,6,13,4,34,0,0,"2:1, 2:0, 0:2"
2922008,2026-02-02,HC Škoda Plzeň,HC Sparta Praha,4:1,SPA,28,5,18,1,18,PLZ,32,5,6,4,33,0,0,"2:1, 1:0, 1:0"
2921994,2026-02-22,BK Mladá Boleslav,HC Sparta Praha,2:3,SPA,24,7,8,3,29,MBL,19,6,4,2,28,0,0,"1:1, 1:0, 0:2"
2922095,2026-02-24,BK Mladá Boleslav,HC Olomouc,3:2,OLO,25,3,8,2,20,MBL,34,5,4,3,40,0,0,"0:1, 1:1, 1:0 - 0:0 - 1:0"
2922097,2026-02-25,HC Škoda Plzeň,HC Energie Karlovy Vary,2:0,KVA,28,7,6,0,23,PLZ,31,5,2,2,32,0,0,"0:0, 2:0, 0:0"
2922098,2026-02-25,Č. Budějovice,HC VERVA Litvínov,4:2,LIT,22,3,54,2,23,CEB,33,3,11,4,40,0,0,"1:1, 2:0, 1:1"
2922092,2026-02-25,Rytíři Kladno,HC Oceláři Třinec,1:3,TRI,32,4,8,3,24,KLA,24,5,6,1,21,0,0,"0:0, 1:1, 0:2"
2922093,2026-02-25,Mountfield HK,HC VÍTKOVICE RIDERA,4:0,VIT,26,2,10,0,25,MHK,31,3,33,4,26,0,0,"0:0, 2:0, 2:0"
2922094,2026-02-25,Bílí Tygři Liberec,HC Sparta Praha,1:2,SPA,30,3,16,2,18,LIB,25,3,10,1,37,0,0,"0:0, 1:0, 0:1 - 0:1"
2922096,2026-02-25,HC Dynamo Pardubice,HC Kometa Brno,4:2,KOM,26,4,8,2,26,PCE,31,8,29,4,33,0,0,"1:1, 3:0, 0:1"
2922101,2026-02-27,HC VERVA Litvínov,HC Dynamo Pardubice,1:4,PCE,33,0,8,4,25,LIT,21,4,31,1,26,0,0,"0:0, 0:2, 1:2"
2922103,2026-02-27,BK Mladá Boleslav,Bílí Tygři Liberec,4:5,LIB,32,4,10,5,28,MBL,16,5,8,4,35,0,0,"0:1, 2:2, 2:1 - 0:1"
2922104,2026-02-27,HC VÍTKOVICE RIDERA,Č. Budějovice,5:4,CEB,35,4,8,4,39,VIT,38,4,8,5,32,0,0,"0:2, 3:1, 1:1 - 1:0"
2922100,2026-02-27,HC Olomouc,Mountfield HK,2:4,MHK,33,3,8,4,26,OLO,35,3,2,2,33,0,0,"1:0, 0:3, 1:1"
2922102,2026-02-27,HC Energie Karlovy Vary,Rytíři Kladno,2:4,KLA,24,4,37,4,24,KVA,36,3,4,2,27,0,0,"0:2, 2:0, 0:2"
2922105,2026-02-27,HC Kometa Brno,HC Oceláři Třinec,5:1,TRI,31,4,6,1,43,KOM,25,3,6,5,29,0,0,"1:0, 2:1, 2:0"
2922099,2026-02-27,HC Sparta Praha,HC Škoda Plzeň,3:0,PLZ,28,4,4,0,28,SPA,23,5,6,3,24,0,0,"1:0, 1:0, 1:0"
2922107,2026-03-01,Rytíři Kladno,HC Kometa Brno,4:2,KOM,22,0,6,2,18,KLA,27,3,8,4,32,0,0,"1:1, 0:1, 3:0"
2922108,2026-03-01,HC Dynamo Pardubice,HC Energie Karlovy Vary,4:3,KVA,32,3,7,3,25,PCE,38,4,9,4,24,0,0,"0:3, 2:0, 1:0 - 1:0"
2922110,2026-03-01,Bílí Tygři Liberec,HC Olomouc,6:3,OLO,25,7,8,3,17,LIB,31,7,8,6,31,0,0,"0:0, 3:3, 3:0"
2922111,2026-03-01,Mountfield HK,HC Sparta Praha,6:3,SPA,30,3,16,3,32,MHK,24,3,16,6,19,0,0,"1:0, 2:2, 3:1"
2922109,2026-03-01,HC Škoda Plzeň,HC VERVA Litvínov,3:2,LIT,35,4,10,2,17,PLZ,25,1,8,3,43,0,0,"1:1, 0:0, 2:1"
2922106,2026-03-01,Č. Budějovice,BK Mladá Boleslav,3:0,MBL,27,5,41,0,24,CEB,18,6,2,3,26,0,0,"0:0, 3:0, 0:0"
2922112,2026-03-01,HC Oceláři Třinec,HC VÍTKOVICE RIDERA,3:2,VIT,39,4,10,2,24,TRI,43,6,14,3,44,0,0,"1:1, 1:0, 0:1 - 1:0"
2922113,2026-03-04,HC Olomouc,Č. Budějovice,3:2,CEB,23,5,6,2,26,OLO,30,2,4,3,28,0,0,"0:1, 1:1, 2:0"
2922114,2026-03-04,BK Mladá Boleslav,HC Škoda Plzeň,0:2,PLZ,35,4,4,2,29,MBL,28,5,31,0,26,0,0,"0:1, 0:1, 0:0"
2922115,2026-03-04,Bílí Tygři Liberec,Mountfield HK,4:0,MHK,23,3,8,0,21,LIB,36,8,6,4,29,0,0,"1:0, 1:0, 2:0"
2922116,2026-03-04,HC VÍTKOVICE RIDERA,HC Dynamo Pardubice,4:2,PCE,38,4,4,2,41,VIT,29,4,4,4,17,0,0,"0:2, 2:0, 2:0"
2922117,2026-03-04,HC Sparta Praha,Rytíři Kladno,6:3,KLA,32,3,12,3,27,SPA,29,5,4,6,35,0,0,"1:1, 3:1, 2:1"
2922118,2026-03-04,HC VERVA Litvínov,HC Oceláři Třinec,1:4,TRI,44,7,4,4,33,LIT,24,3,10,1,27,0,0,"0:1, 0:1, 1:2"
2922119,2026-03-04,HC Energie Karlovy Vary,HC Kometa Brno,3:2,KOM,25,3,12,2,33,KVA,36,4,12,3,35,0,0,"1:0, 0:0, 1:2 - 1:0"
2922120,2026-03-06,HC Dynamo Pardubice,HC Sparta Praha,2:1,SPA,31,5,28,1,26,PCE,35,5,44,2,28,0,0,"0:0, 1:1, 0:0 - 1:0"
2922121,2026-03-06,HC Škoda Plzeň,HC VÍTKOVICE RIDERA,5:2,VIT,30,3,8,2,11,PLZ,31,6,8,5,49,0,0,"0:1, 3:1, 2:0"
2922122,2026-03-06,Rytíři Kladno,HC VERVA Litvínov,3:1,LIT,29,4,10,1,28,KLA,32,8,4,3,31,0,0,"1:0, 1:1, 1:0"
2922123,2026-03-06,HC Kometa Brno,HC Olomouc,5:4,OLO,33,4,4,4,27,KOM,40,3,4,5,29,0,0,"1:2, 2:1, 2:1"
2922124,2026-03-06,Mountfield HK,BK Mladá Boleslav,3:1,MBL,21,2,4,1,32,MHK,29,3,34,3,22,0,0,"2:1, 0:0, 1:0"
2922125,2026-03-06,Č. Budějovice,Bílí Tygři Liberec,4:3,LIB,34,5,10,3,36,CEB,28,2,12,4,24,0,0,"0:2, 1:1, 2:0 - 0:0 - 1:0"
2922126,2026-03-06,HC Oceláři Třinec,HC Energie Karlovy Vary,1:2,KVA,26,6,8,2,22,TRI,43,5,6,1,33,0,0,"0:0, 1:1, 0:0 - 0:0 - 0:1"
2927773,2026-03-09,HC Oceláři Třinec,HC Olomouc,1:0,OLO,25,2,8,0,20,TRI,46,3,6,1,46,0,0,"0:0, 1:0, 0:0"
2927774,2026-03-09,HC Energie Karlovy Vary,HC VÍTKOVICE RIDERA,3:1,VIT,36,6,14,1,33,KVA,26,5,10,3,30,0,0,"0:0, 3:1, 0:0"
2927776,2026-03-09,HC Kometa Brno,Č. Budějovice,2:1,CEB,26,4,6,1,29,KOM,36,4,4,2,19,0,0,"1:0, 0:1, 1:0"
2927775,2026-03-09,HC Sparta Praha,Rytíři Kladno,1:2,KLA,39,7,39,2,39,SPA,38,7,6,1,32,0,0,"0:0, 0:0, 1:1 - 0:1"
2927777,2026-03-10,HC Oceláři Třinec,HC Olomouc,3:2,OLO,26,2,10,2,20,TRI,44,4,4,3,51,0,0,"0:1, 2:1, 0:0 - 1:0"
2927778,2026-03-10,HC Energie Karlovy Vary,HC VÍTKOVICE RIDERA,5:2,VIT,26,5,8,2,32,KVA,31,7,6,5,20,0,0,"0:0, 3:1, 2:1"
2927780,2026-03-10,HC Kometa Brno,Č. Budějovice,1:2,CEB,48,5,18,2,40,KOM,35,8,14,1,36,0,0,"0:1, 1:0, 0:0 - 0:0 - 0:1"
2927779,2026-03-10,HC Sparta Praha,Rytíři Kladno,3:2,KLA,43,5,14,2,22,SPA,43,6,14,3,57,0,0,"0:1, 1:1, 1:0 - 0:0 - 1:0"
2927781,2026-03-12,HC Olomouc,HC Oceláři Třinec,1:2,TRI,30,4,12,2,32,OLO,28,6,8,1,17,0,0,"0:1, 1:0, 0:0 - 0:1"
2927782,2026-03-12,HC VÍTKOVICE RIDERA,HC Energie Karlovy Vary,1:2,KVA,32,7,14,2,32,VIT,35,2,12,1,29,0,0,"0:0, 0:1, 1:1"
2927783,2026-03-12,Rytíři Kladno,HC Sparta Praha,2:1,SPA,38,5,10,1,28,KLA,26,4,10,2,25,0,0,"0:0, 1:1, 0:0 - 1:0"
2927784,2026-03-12,Č. Budějovice,HC Kometa Brno,2:4,KOM,31,4,17,4,18,CEB,39,5,17,2,37,0,0,"0:0, 0:3, 2:1"
2927788,2026-03-13,Č. Budějovice,HC Kometa Brno,2:3,KOM,29,7,0,3,20,CEB,30,4,0,2,45,0,0,"0:2, 2:0, 0:1"
2927787,2026-03-13,Rytíři Kladno,HC Sparta Praha,2:5,SPA,46,7,12,5,26,KLA,34,7,10,2,32,0,0,"0:1, 2:2, 0:2"
2927791,2026-03-15,HC Sparta Praha,Rytíři Kladno,3:2,KLA,30,7,8,2,41,SPA,49,7,6,3,36,0,0,"0:0, 1:1, 1:1 - 1:0"
2927794,2026-03-18,HC Škoda Plzeň,HC Sparta Praha,0:2,SPA,23,7,8,2,25,PLZ,28,4,8,0,26,0,0,"0:1, 0:1, 0:0"
2927793,2026-03-18,HC Dynamo Pardubice,HC Kometa Brno,5:1,KOM,26,7,16,1,21,PCE,35,9,18,5,35,0,0,"1:0, 1:1, 3:0"
2927795,2026-03-19,HC Dynamo Pardubice,HC Kometa Brno,8:4,KOM,28,6,43,4,24,PCE,40,5,6,8,34,0,0,"1:0, 3:3, 4:1"
2927796,2026-03-19,HC Škoda Plzeň,HC Sparta Praha,2:0,SPA,26,5,6,0,15,PLZ,31,7,6,2,26,0,0,"0:0, 2:0, 0:0"
2927797,2026-03-20,Bílí Tygři Liberec,HC Energie Karlovy Vary,2:3,KVA,26,4,16,3,24,LIB,47,6,10,2,39,0,0,"1:1, 0:0, 1:2"
2927798,2026-03-20,Mountfield HK,HC Oceláři Třinec,2:4,TRI,37,3,8,4,29,MHK,21,5,4,2,26,0,0,"1:1, 1:2, 0:1"
2927799,2026-03-21,Bílí Tygři Liberec,HC Energie Karlovy Vary,1:3,KVA,22,6,19,3,23,LIB,37,8,46,1,44,0,0,"0:2, 0:0, 1:1"
2927800,2026-03-21,Mountfield HK,HC Oceláři Třinec,2:3,TRI,34,4,6,3,51,MHK,40,8,6,2,23,0,0,"0:0, 2:0, 0:2 - 0:1"
2927801,2026-03-22,HC Kometa Brno,HC Dynamo Pardubice,2:4,PCE,44,3,2,4,29,KOM,27,7,2,2,38,0,0,"0:1, 1:1, 1:2"
2927802,2026-03-22,HC Sparta Praha,HC Škoda Plzeň,3:4,PLZ,47,12,8,4,46,SPA,45,9,10,3,41,0,0,"1:0, 1:2, 1:1 - 0:0 - 0:1"
2927803,2026-03-23,HC Kometa Brno,HC Dynamo Pardubice,0:1,PCE,32,3,8,1,31,KOM,18,7,6,0,21,0,0,"0:0, 0:0, 0:1"
2927804,2026-03-23,HC Sparta Praha,HC Škoda Plzeň,1:2,PLZ,21,7,6,2,31,SPA,32,6,4,1,35,0,0,"0:0, 0:0, 1:2"
2927805,2026-03-24,HC Energie Karlovy Vary,Bílí Tygři Liberec,0:3,LIB,22,3,4,3,38,KVA,34,8,2,0,21,0,0,"0:0, 0:2, 0:1"
2927806,2026-03-24,HC Oceláři Třinec,Mountfield HK,2:3,MHK,33,4,40,3,32,TRI,25,7,36,2,28,0,0,"1:1, 0:1, 1:1"
2927808,2026-03-25,HC Oceláři Třinec,Mountfield HK,4:2,MHK,35,7,8,2,23,TRI,34,3,2,4,33,0,0,"0:1, 2:1, 2:0"
2927807,2026-03-25,HC Energie Karlovy Vary,Bílí Tygři Liberec,1:4,LIB,32,4,10,4,39,KVA,39,5,6,1,25,0,0,"0:2, 1:1, 0:1"
2927810,2026-03-26,HC Škoda Plzeň,HC Sparta Praha,1:4,SPA,39,7,18,4,28,PLZ,26,7,20,1,24,0,0,"1:1, 0:2, 0:1"
2927811,2026-03-27,Bílí Tygři Liberec,HC Energie Karlovy Vary,3:1,KVA,29,9,6,1,28,LIB,29,6,6,3,20,0,0,"1:0, 0:1, 2:0"
2927812,2026-03-27,Mountfield HK,HC Oceláři Třinec,2:3,TRI,38,3,12,3,36,MHK,39,7,24,2,37,0,0,"0:2, 0:0, 2:0 - 0:1"
2927814,2026-03-28,HC Sparta Praha,HC Škoda Plzeň,4:2,PLZ,29,7,6,2,32,SPA,28,5,4,4,26,0,0,"2:0, 1:0, 1:2"
2927815,2026-03-29,HC Energie Karlovy Vary,Bílí Tygři Liberec,4:0,LIB,32,8,8,0,28,KVA,28,6,10,4,26,0,0,"1:0, 0:0, 3:0"
2927818,2026-03-30,HC Škoda Plzeň,HC Sparta Praha,0:1,SPA,24,5,6,1,14,PLZ,35,7,4,0,28,0,0,"0:0, 0:1, 0:0"
