player,team,position,games,goals,assists,points,pim,plus_minus,hits,shots,blocks
Roman ČERVENKA,PCE,Ú,47,22,47,69,28,28,1,131,6
Filip CHLAPÍK,SPA,Ú,60,26,35,61,42,12,34,208,20
Lukáš SEDLÁK,PCE,Ú,53,20,39,59,37,28,24,100,34
Michael ŠPAČEK,SPA,Ú,61,16,36,52,18,0,6,112,25
Jakub FLEK,KOM,Ú,58,26,23,49,6,-1,1,201,24
Anthony NELLIS,VIT,Ú,55,25,23,48,34,2,11,139,25
Libor HUDÁČEK,TRI,Ú,59,20,28,48,78,10,10,151,6
Róbert LANTOŠI,CEB,Ú,56,19,29,48,40,-3,8,171,28
Kristián POSPÍŠIL,KOM,Ú,58,16,32,48,46,13,26,129,22
Jan KOŠŤÁLEK,PCE,O,50,17,30,47,26,9,6,162,31
Jiří ČERNOCH,KVA,Ú,61,17,29,46,67,-4,28,136,63
Nick OLESEN,CEB,Ú,55,14,31,45,32,-13,10,162,12
Oscar FLYNN,TRI,Ú,60,15,25,40,22,17,5,145,11
Andrej NESTRAŠIL,TRI,Ú,60,14,26,40,12,16,4,124,26
Radan LENC,LIB,Ú,57,26,13,39,46,10,17,199,42
Jindřich ABDUL,VIT,Ú,53,17,22,39,39,-8,3,136,31
Daniel AUDETTE,KLA,Ú,57,13,26,39,44,-8,9,136,27
Michal ŘEPÍK,SPA,Ú,56,18,20,38,26,12,10,164,18
Michal KOVAŘČÍK,TRI,Ú,60,16,22,38,20,20,3,113,29
Jakub KREJČÍK,SPA,O,56,7,30,37,48,16,5,120,71
Libor ZÁBRANSKÝ,KOM,O,60,20,16,36,14,12,13,174,110
Ondřej BERÁNEK,KVA,Ú,48,20,16,36,22,-5,18,153,21
Tristen Nelson ROBINS,KLA,Ú,50,19,17,36,24,4,12,130,17
Chad YETMAN,VIT,Ú,47,15,21,36,12,3,2,100,18
Adam MUSIL,LIB,Ú,57,11,25,36,41,14,24,122,31
Šimon STRÁNSKÝ,KOM,Ú,60,10,26,36,30,-14,1,90,26
Filip SANDBERG,LIB,Ú,56,9,27,36,18,12,6,100,29
Devin SHORE,SPA,Ú,55,19,16,35,12,16,7,130,51
Roman HORÁK,SPA,Ú,52,19,16,35,10,5,5,105,34
Pavel KOUSAL,SPA,Ú,64,18,17,35,30,10,18,166,27
Lukáš RADIL,MHK,Ú,55,14,21,35,24,8,5,144,8
Adam MĚCHURA,PLZ,Ú,59,21,13,34,22,9,13,116,44
Ondřej KOVAŘČÍK,TRI,Ú,51,17,17,34,14,9,3,88,32
Adam ZBOŘIL,KOM,Ú,60,13,21,34,30,2,27,113,34
Tomáš ZOHORNA,KOM,Ú,60,11,23,34,77,8,11,95,35
Petr FRIDRICH,OLO,Ú,55,21,12,33,20,0,4,107,31
Niko OJAMÄKI,KLA,Ú,55,16,16,32,8,-2,9,132,37
Kelly KLÍMA,KLA,Ú,55,15,17,32,40,-2,10,154,16
Jáchym KONDELÍK,PCE,Ú,50,12,20,32,20,10,2,81,37
Christophe LALANCETTE,PLZ,Ú,45,8,24,32,12,4,4,72,19
Nicholas JONES,KVA,Ú,47,13,18,31,14,0,3,102,18
David ŠŤASTNÝ,KVA,Ú,60,12,18,30,28,0,20,145,36
Matyáš FILIP,PLZ,Ú,53,15,14,29,10,15,14,66,30
Andrej KOLLÁR,KOM,Ú,59,14,15,29,10,12,6,109,44
Jaromír PYTLÍK,LIB,Ú,50,11,18,29,31,18,17,115,32
Hynek ZOHORNA,KOM,Ú,54,17,11,28,18,11,21,85,14
Brant HARRIS,CEB,Ú,37,13,15,28,20,-6,7,77,26
Mikko PETMAN,PLZ,Ú,55,13,15,28,40,12,25,87,27
Petr ZÁMORSKÝ,PLZ,O,56,11,17,28,18,-2,6,179,42
Jan ŠTENCEL,CEB,O,55,8,20,28,18,9,9,59,79
Miguël TOURIGNY,PCE,O,54,8,20,28,39,3,10,161,23
Kevin KLÍMA,MHK,Ú,44,7,21,28,92,8,16,80,21
Petr TOMEK,KVA,Ú,60,16,11,27,20,5,9,86,20
Aleš JERGL,MHK,Ú,48,13,14,27,16,-4,6,111,11
Martin FAŠKO-RUDÁŠ,LIB,Ú,56,13,14,27,22,1,1,124,21
Samuel VIGNEAULT,KLA,Ú,55,13,14,27,34,-4,10,64,32
Haralds EGLE,KVA,Ú,48,10,17,27,16,-4,3,101,11
Janis JAKS,KVA,O,55,10,17,27,42,-11,17,145,63
Radovan PAVLÍK,MHK,Ú,54,14,12,26,31,16,13,101,9
Marek KALUS,VIT,Ú,50,12,14,26,60,-3,28,78,37
Martin KOHOUT,MHK,Ú,53,12,14,26,60,8,31,78,19
Jakub ORSAVA,OLO,Ú,53,11,15,26,26,-1,21,88,46
Filip PŘIKRYL,CEB,Ú,56,10,16,26,30,-1,2,98,24
Marian ADÁMEK,TRI,O,59,5,21,26,20,8,2,103,72
Markus NENONEN,MHK,Ú,56,11,14,25,16,-5,6,128,31
T.J. MELANCON,MHK,O,56,11,14,25,12,-14,5,137,57
Jan MANDÁT,PCE,Ú,56,10,15,25,33,18,24,91,33
Ondřej KAŠE,LIT,Ú,33,8,17,25,14,-13,0,104,16
Tomáš CIBULKA,CEB,O,51,8,17,25,35,-10,6,89,57
Tomáš GALVAS,LIB,O,38,8,17,25,19,17,8,84,22
Tomáš HYKA,SPA,Ú,58,8,17,25,28,5,9,119,35
Marek HRIVÍK,VIT,Ú,45,6,19,25,18,-3,4,71,25
Jan ORDOŠ,CEB,Ú,53,14,10,24,16,-2,7,92,24
Tomáš FOŘT,MBL,Ú,47,14,10,24,16,6,4,77,29
Renars KRASTENBERGS,OLO,Ú,53,11,13,24,16,-16,6,130,39
Mark PYSYK,SPA,O,62,7,17,24,34,28,22,124,95
Jasper WEATHERBY,LIB,Ú,58,6,18,24,47,16,15,107,32
Jan BUCHTELE,MBL,Ú,44,12,11,23,10,-4,10,91,21
Jakub NAVRÁTIL,OLO,Ú,54,11,12,23,14,-15,3,86,28
Michal BULÍŘ,CEB,Ú,35,9,14,23,10,5,4,89,18
Michal TEPLÝ,PLZ,Ú,47,8,15,23,6,6,2,91,16
Ville LAJUNEN,PLZ,O,52,6,17,23,10,0,1,101,57
Jakub LAUKO,PCE,Ú,36,10,12,22,45,17,16,78,22
Martin RŮŽIČKA,TRI,Ú,60,9,13,22,10,-6,5,73,24
Peter ČEREŠŇÁK,PCE,O,38,7,15,22,10,5,11,91,64
Vít JISKRA,KVA,Ú,61,7,15,22,12,-3,18,82,68
Marko DAŇO,TRI,Ú,35,14,7,21,66,0,8,91,6
Daniel KUROVSKÝ,TRI,Ú,50,11,10,21,67,-4,7,81,27
Matúš SUKEĽ,LIT,Ú,44,10,11,21,53,-11,10,61,49
Ville PETMAN,PLZ,Ú,54,10,11,21,24,9,14,82,32
David CIENCIALA,TRI,Ú,57,9,12,21,10,-11,8,78,24
Adam NAJMAN,LIB,Ú,57,8,13,21,18,0,5,106,23
Alex TAMÁŠI,MHK,Ú,31,8,13,21,10,7,0,53,10
Patrik MIŠKÁŘ,MHK,Ú,49,7,14,21,32,11,19,67,25
Lukáš STRNAD,PLZ,Ú,59,13,7,20,12,7,18,91,21
Ondřej MATÝS,OLO,Ú,54,10,10,20,18,-8,12,82,14
Jan BAMBULA,KVA,Ú,37,8,12,20,21,4,29,64,39
Jan SCHLEISS,PLZ,Ú,59,5,15,20,28,8,30,82,23
Jakub GALVAS,TRI,O,58,4,16,20,28,18,2,112,65
Servác PETROVSKÝ,LIB,Ú,44,12,7,19,18,9,6,88,17
Denis ZEMAN,LIB,O,58,9,10,19,34,6,21,85,55
Dominik LAKATOŠ,MBL,Ú,34,9,10,19,44,2,18,77,13
Jaromír PÉREZ LISA,LIB,Ú,54,9,10,19,18,5,38,97,48
Daniel GAZDA,PCE,O,45,7,12,19,10,7,15,119,42
Viliam ČACHO,OLO,Ú,38,7,12,19,39,2,8,60,25
Aaron IRVING,SPA,O,62,6,13,19,40,-1,18,132,53
Matteo KOČÍ,KVA,O,60,5,14,19,38,0,20,83,41
Phil PIETRONIRO,KLA,O,53,5,14,19,26,0,26,159,90
Filip PYROCHTA,MBL,O,52,4,15,19,10,-3,7,105,33
Miroslav FORMAN,KLA,Ú,51,4,15,19,28,-1,15,75,9
Trevor COSGROVE,OLO,O,55,4,15,19,30,-15,6,101,63
Jakub POUR,MHK,Ú,52,12,6,18,31,-3,19,92,17
Karel PLÁŠEK,OLO,Ú,46,12,6,18,4,-13,8,68,24
Lukáš NAHODIL,OLO,Ú,54,9,9,18,30,-9,3,66,30
Dominik SIMON,PLZ,Ú,59,7,11,18,24,6,6,86,33
Markus HÄNNIKÄINEN,LIT,Ú,43,7,11,18,12,-13,5,65,15
Jordann PERRET,MHK,Ú,45,6,12,18,29,2,8,92,28
Radim ŠIMEK,LIB,O,52,6,12,18,6,14,20,100,87
Igor MEREZHKO,PLZ,O,58,5,13,18,44,20,19,87,96
Jan ŠČOTKA,KOM,O,55,5,13,18,56,0,11,105,75
David MORAVEC,KVA,O,60,2,16,18,10,1,7,68,52
Tomáš VONDRÁČEK,PCE,Ú,50,11,6,17,26,4,8,60,17
Nicolas HLAVA,LIT,Ú,51,10,7,17,34,-11,38,122,22
Lukáš CINGEL,KOM,Ú,54,9,8,17,20,-9,6,71,42
Matěj MAŠTALÍŘSKÝ,LIT,Ú,46,9,8,17,14,-7,5,63,34
Aleksi REKONEN,MBL,Ú,51,8,9,17,6,-19,14,67,44
Martins DZIERKALS,SPA,Ú,62,8,9,17,34,2,17,89,28
Adam KUBÍK,CEB,Ú,38,7,10,17,6,-10,3,68,11
Martin BERÁNEK,CEB,Ú,55,7,10,17,75,-8,23,90,59
Petr KOBLASA,LIT,Ú,51,7,10,17,45,-18,6,81,23
David KAŠE,LIT,Ú,28,6,11,17,6,-13,4,71,21
Filip KRÁL,KOM,O,45,2,15,17,18,3,5,84,59
Jakub MINÁRIK,KVA,Ú,51,10,6,16,16,-8,4,79,35
Jan HLADONIK,VIT,Ú,53,10,6,16,20,-4,4,73,28
Filip JANSA,LIB,Ú,56,8,8,16,26,3,16,49,26
Miloš KELEMEN,PCE,Ú,53,8,8,16,66,11,10,96,27
Robert KOUSAL,PCE,Ú,47,5,11,16,12,5,12,74,15
Adrián HOLEŠINSKÝ,PLZ,Ú,41,4,12,16,39,0,15,57,15
Griffin MENDEL,KLA,O,56,4,12,16,10,3,13,84,81
Silvester KUSKO,OLO,Ú,53,4,12,16,25,6,4,59,29
Samuel KŇAŽKO,VIT,O,45,3,13,16,22,-6,10,57,74
Stuart Thomas PERCY,PLZ,O,51,2,14,16,12,10,0,50,41
Theodor PIŠTĚK,LIT,Ú,52,12,3,15,24,-17,6,94,29
Miloš ROMAN,TRI,Ú,60,8,7,15,20,-4,19,66,56
Martin KAUT,PCE,Ú,21,6,9,15,0,7,1,63,8
Pavol SKALICKÝ,MBL,Ú,47,6,9,15,31,-2,24,78,50
Dominik MAŠÍN,SPA,O,43,3,12,15,49,20,8,42,68
Dávid GRÍGER,MBL,Ú,31,7,7,14,26,-2,6,46,17
Connor Dave BUNNAMAN,MHK,Ú,54,5,9,14,30,-3,6,55,16
Martin PROCHÁZKA,KLA,Ú,52,5,9,14,16,2,13,56,37
Dávid MUDRÁK,MHK,O,46,4,10,14,53,3,33,86,70
Graeme MCCORMACK,MHK,O,33,4,10,14,8,6,1,85,34
Roman VRÁBLÍK,CEB,O,56,4,10,14,22,2,20,82,64
Filip PAVLÍK,MBL,O,50,3,11,14,4,-9,12,63,124
Jakub SIROTA,SPA,O,60,3,11,14,28,3,10,71,59
John LUDVIG,PCE,O,47,3,11,14,93,14,22,56,77
Jiří ONDRUŠEK,OLO,O,55,2,12,14,31,-12,10,76,102
Kristaps ZILE,LIB,O,58,6,7,13,43,12,23,93,78
Libor HÁJEK,PCE,O,48,6,7,13,45,5,8,69,61
Vladimír SOBOTKA,PCE,Ú,36,5,8,13,22,-2,11,50,21
Pavel PÝCHA,CEB,O,52,3,10,13,24,-10,5,51,60
Dalimil MIKYSKA,KVA,O,57,0,13,13,18,6,17,47,48
Krzysztof MACIAS,VIT,Ú,48,7,5,12,21,1,37,58,27
Axel HOLMSTRÖM,LIT,Ú,26,6,6,12,6,-10,1,18,14
Jakub KONEČNÝ,KLA,Ú,53,6,6,12,6,-1,12,67,20
Jiří SMEJKAL,PCE,Ú,19,6,6,12,2,-2,4,28,20
Jakub KOS,KOM,Ú,56,5,7,12,20,-4,21,62,22
Maxim ČAJKOVIČ,LIT,Ú,38,4,8,12,26,-13,7,56,25
Adam POLÁŠEK,LIT,O,47,3,9,12,30,-1,26,69,84
Daniel MALÁK,PLZ,O,57,3,9,12,56,8,63,77,86
Joseph Francis LEAHY,VIT,O,36,3,9,12,22,3,2,49,56
Matěj TOMAN,CEB,Ú,55,3,9,12,47,-4,28,63,39
Wyatte Andrew WYLIE,KLA,O,35,2,10,12,6,-7,5,55,52
Layton Ford AHAC,LIB,O,58,1,11,12,22,12,5,83,59
Martin HANZL,VIT,Ú,44,7,4,11,8,-15,2,51,14
Tomáš MAZURA,MBL,Ú,30,7,4,11,6,-10,1,46,8
Josef KOLÁČEK,CEB,Ú,27,5,6,11,2,5,4,59,7
Patrik HREHORČÁK,TRI,Ú,60,5,6,11,15,2,21,90,48
Robin SAPOUŠEK,KVA,Ú,48,5,6,11,4,-1,22,55,37
Ondřej VÁLA,CEB,O,56,4,7,11,28,-2,18,92,75
Tomáš FILIPPI,LIB,Ú,20,4,7,11,10,-2,1,51,8
Lucas EDMONDS,VIT,Ú,21,3,8,11,2,-3,2,26,12
Michael Gabriel VUKOJEVIC,MHK,O,43,3,8,11,32,16,12,51,73
Oskar LISLER,KLA,Ú,40,3,8,11,6,-6,11,41,17
Tomáš TOMEK,KLA,O,48,2,9,11,20,8,17,65,33
Roberts MAMČICS,KVA,O,55,1,10,11,49,-3,19,44,91
Tory DELLO,KVA,O,50,1,10,11,24,6,7,43,75
Kryštof HRABÍK,SPA,Ú,48,7,3,10,63,3,7,55,51
Jakub LEV,PLZ,Ú,59,6,4,10,55,-2,20,76,26
Jaroslav BROŽ,LIT,Ú,46,4,6,10,31,-2,2,22,14
Martin MARINČIN,TRI,O,60,4,6,10,30,17,2,85,77
Ondřej ROHLÍK,PLZ,Ú,24,4,6,10,2,-2,0,49,6
Adam RAŠKA,SPA,Ú,55,3,7,10,89,5,65,55,10
Ondřej NAJMAN,OLO,Ú,33,3,7,10,16,-9,2,29,8
Patrik ZDRÁHAL,VIT,Ú,31,3,7,10,4,-5,3,44,15
Petr HAUSER,VIT,Ú,45,3,7,10,16,1,13,51,7
Markuss KOMULS,LIT,O,28,2,8,10,8,2,4,52,39
Jakub ZBOŘIL,VIT,O,41,1,9,10,79,-11,15,51,46
Steve MOSES,MBL,Ú,28,1,9,10,4,1,5,47,11
Steve MOSES,MHK,Ú,16,7,2,9,6,3,1,38,9
Martin RYŠAVÝ,KLA,Ú,36,6,3,9,37,-12,17,41,23
Rok MACUH,OLO,Ú,33,6,3,9,47,-6,12,44,23
Josef MYŠÁK,KVA,O,45,4,5,9,54,-4,25,57,45
Patrik POULÍČEK,PCE,Ú,48,3,6,9,53,-2,25,48,43
Petr SIKORA,TRI,Ú,28,3,6,9,10,-7,6,53,6
Jakub JEŘÁBEK,PLZ,O,51,2,7,9,48,10,7,62,71
Marcel MARCEL,KLA,Ú,21,2,7,9,64,5,14,31,12
Marek ĎALOGA,KOM,O,53,2,7,9,16,3,9,66,63
Kevin CZUCZMAN,LIT,O,48,1,8,9,32,-7,8,76,81
Patrik KOCH,TRI,O,48,1,8,9,30,2,43,95,71
Tomáš KUNDRÁTEK,TRI,O,54,0,9,9,16,-16,18,64,60
Matěj KUBIESA,TRI,Ú,29,5,3,8,2,0,11,47,8
Filip KOFFER,KVA,Ú,61,4,4,8,33,-8,20,57,39
Ondřej KACHYŇA,CEB,O,47,4,4,8,34,2,17,49,34
Pavel NOVÁK,CEB,Ú,55,4,4,8,22,-5,7,73,19
Vojtěch HRADEC,MBL,Ú,43,4,4,8,12,-12,12,55,34
Vojtěch LEDNICKÝ,VIT,Ú,53,4,4,8,8,-12,17,41,29
Vojtěch ČIHAŘ,KVA,Ú,27,4,4,8,8,-2,6,39,23
David MUSIL,TRI,O,60,3,5,8,12,8,19,64,124
Josh WESLEY,VIT,O,23,3,5,8,33,7,2,39,61
Michal VITOUCH,SPA,Ú,56,3,5,8,20,-3,8,41,32
Jeremie BLAIN,KLA,O,22,2,6,8,20,0,1,38,34
Lukáš ANDĚL,OLO,Ú,52,2,6,8,2,-17,7,28,36
Rayen PETROVICKÝ,OLO,O,21,2,6,8,4,-6,5,22,22
Tomáš ČERNÝ,OLO,O,45,2,6,8,26,0,5,76,62
Patrik DEMEL,VIT,O,55,1,7,8,18,1,7,58,134
Radim FERDA,KOM,Ú,58,1,7,8,4,-9,8,33,17
Adam BAREŠ,KLA,Ú,48,6,1,7,2,-6,7,60,15
Dušan ŽOVINEC,KLA,O,22,6,1,7,14,0,8,23,22
Jakub LICHTAG,MBL,Ú,52,4,3,7,44,-7,41,45,27
Ondřej PROCHÁZKA,MBL,Ú,17,3,4,7,6,-5,1,39,8
Tomáš DVOŘÁK,PCE,O,50,3,4,7,44,12,11,50,80
Ivo SEDLÁČEK,PLZ,Ú,55,2,5,7,39,-1,19,48,29
Marek ZACHAR,LIB,Ú,46,2,5,7,0,3,5,50,15
Martin JANDUS,KLA,O,55,2,5,7,40,-3,9,89,114
Michal IVAN,LIB,O,58,2,5,7,24,-3,11,63,86
Ondřej PROCHÁZKA,LIB,Ú,30,2,5,7,33,-14,8,81,14
Petr ŠENKEŘÍK,LIT,O,19,2,5,7,33,-8,2,29,29
Alex LINTUNIEMI,MBL,O,37,1,6,7,14,-14,15,51,34
Martin SKÄRBERG,MBL,O,50,1,6,7,16,-9,12,49,39
Antonín MELKA,KLA,Ú,46,0,7,7,47,-13,1,39,13
Radim ŠALDA,PLZ,O,46,0,7,7,18,8,3,23,41
Ondřej JURČÍK,LIT,Ú,51,5,1,6,16,0,14,48,30
Jaroslav VLACH,LIB,Ú,21,4,2,6,10,6,5,29,12
Ondřej MIKLIŠ,PCE,O,54,4,2,6,66,4,40,68,75
David NĚMEČEK,SPA,O,46,3,3,6,92,-2,35,52,53
Carl BERGLUND,MBL,Ú,29,2,4,6,8,-8,0,45,23
Niko SEPPÄLÄ,SPA,O,55,2,4,6,62,4,25,38,38
Pawel ZYGMUNT,LIT,Ú,40,2,4,6,15,1,8,22,14
Rhett HOLLAND,KOM,O,47,2,4,6,29,6,64,55,70
Štěpán HOCH,CEB,Ú,41,2,4,6,14,-5,25,34,32
Adam JÁNOŠÍK,MBL,O,24,1,5,6,14,1,18,21,36
Adrián HOLEŠINSKÝ,CEB,Ú,9,1,5,6,11,4,3,15,0
Dalibor ŘEZNÍČEK,OLO,O,46,1,5,6,16,-2,8,37,58
Jan STRÁNSKÝ,PCE,Ú,27,1,5,6,6,-3,14,26,8
Matěj PŘIBYL,VIT,Ú,33,1,5,6,21,-1,3,14,20
Michal PLUTNAR,LIT,O,43,1,5,6,24,-5,7,50,32
Evan STELLA,OLO,O,54,0,6,6,14,-3,11,53,63
Milan DOUDERA,CEB,O,32,0,6,6,10,-5,4,21,57
Mikael SEPPÄLÄ,SPA,O,21,3,2,5,4,-1,6,14,31
Ondřej PŠENIČKA,PLZ,Ú,46,3,2,5,18,2,16,27,40
Patrik ZDRÁHAL,MBL,Ú,13,3,2,5,2,0,0,24,2
Adam RUTAR,OLO,O,30,2,3,5,12,-8,14,17,35
David VITOUCH,OLO,Ú,18,2,3,5,2,4,4,23,21
Denis KUSÝ,MHK,Ú,30,2,3,5,8,-5,1,16,13
František ŘEHÁK,VIT,Ú,39,2,3,5,16,-3,8,21,16
Matej KAŠLÍK,CEB,Ú,44,2,3,5,4,-6,3,41,16
Petr HAŠEK,MHK,Ú,53,2,3,5,33,-8,19,36,36
Samuel Hunter FEJES,PCE,Ú,21,2,3,5,6,-1,5,25,6
Vladimír DRAVECKÝ,TRI,Ú,42,2,3,5,31,-2,17,15,29
Adam LUKOŠIK,KVA,Ú,38,1,4,5,51,-8,19,33,32
Arttu ILOMÄKI,KOM,Ú,18,1,4,5,6,0,1,15,13
Jan BAMBULA,VIT,Ú,19,1,4,5,4,-2,9,8,6
Michal GULAŠI,KOM,O,60,1,4,5,47,8,60,33,124
Petr GEWIESE,MBL,O,49,1,4,5,39,-1,25,92,58
Richard NEDOMLEL,TRI,O,52,1,4,5,20,-6,17,37,110
František GAJDOŠ,LIT,O,37,0,5,5,16,-13,8,29,55
Jakub DOKTOR,OLO,Ú,54,3,1,4,12,-8,16,64,27
Jan ŠÍR,VIT,Ú,34,3,1,4,2,-7,14,23,29
Kristian VESALAINEN,SPA,Ú,23,3,1,4,4,-4,5,19,13
Josef JÍCHA,LIT,Ú,37,2,2,4,41,-14,10,32,35
Kryštof HRABÍK,KLA,Ú,12,2,2,4,6,0,0,17,12
Ronald KNOT,SPA,O,26,2,2,4,6,-2,4,37,55
David MORAVEC,KOM,Ú,29,1,3,4,4,4,1,15,5
Dominik HRNÍČKO,PCE,Ú,15,1,3,4,0,-3,1,14,4
Jani LAJUNEN,SPA,Ú,6,1,3,4,2,3,1,8,9
Michal HOUDEK,KLA,O,46,1,3,4,35,-8,35,43,55
Petr KALINA,MHK,O,27,1,3,4,4,3,2,12,54
Alex RAŠNER,OLO,O,35,0,4,4,10,-8,4,32,36
Patrik BRŮNA,VIT,O,36,0,4,4,2,-5,4,18,17
Radek PILAŘ,MHK,O,46,0,4,4,8,7,10,24,35
Ralfs FREIBERGS,VIT,O,35,0,4,4,24,2,9,38,32
Tommi Petteri KIVISTÖ,MHK,O,51,0,4,4,55,12,6,43,85
Tomáš BARTEJS,KOM,O,56,0,4,4,37,-16,13,41,51
Tomáš VANDAS,KLA,O,28,0,4,4,10,-4,2,15,13
Tomáš REDLICH,KVA,Ú,21,3,0,3,4,-4,14,23,15
Matěj PEKAŘ,PCE,Ú,10,2,1,3,0,0,4,16,2
Michal GUT,LIT,Ú,29,2,1,3,18,-1,8,17,21
Ondřej BLÁHA,KLA,Ú,30,2,1,3,10,-3,4,24,11
Radek ČÍP,KVA,Ú,11,2,1,3,2,-6,0,18,5
Šimon FASNER,VIT,Ú,11,2,1,3,2,-1,1,7,3
Šimon KUBÍČEK,CEB,O,32,2,1,3,16,-1,4,23,29
Aleš ČECH,MBL,O,22,1,2,3,18,-2,2,16,24
Carsen Nicholas TWARYNSKI,PCE,Ú,13,1,2,3,8,-2,6,16,7
Jan EBERLE,SPA,Ú,24,1,2,3,8,3,3,32,7
Marek BARÁNEK,LIT,O,26,1,2,3,24,-12,14,29,32
Martin PLÁNĚK,MHK,O,38,1,2,3,20,6,15,19,70
Vojtěch HUSINECKÝ,LIT,O,46,1,2,3,12,-9,3,22,39
Vojtěch MALÍNEK,MBL,Ú,48,1,2,3,15,-11,14,57,29
David VITOUCH,SPA,Ú,32,0,3,3,2,-4,4,13,16
Jan EKRT,KOM,Ú,53,0,3,3,10,-5,4,23,16
Michal MORAVČÍK,LIT,O,5,0,3,3,4,-3,0,3,5
Nino TOMOV,SPA,O,21,0,3,3,6,-4,5,20,23
Petr ŠENKEŘÍK,MHK,O,26,0,3,3,2,5,5,23,18
Quinn SCHMIEMANN,LIT,O,39,0,3,3,52,-11,17,46,60
Radek KOBLÍŽEK,MBL,Ú,11,0,3,3,0,-3,1,19,0
Tomáš HANOUSEK,LIB,O,13,0,3,3,2,2,1,15,5
Jakub KLEPIŠ,MBL,Ú,6,2,0,2,2,-2,0,12,2
Oskars BATNA,MHK,Ú,19,2,0,2,12,-3,5,26,5
Tomáš CHLUBNA,CEB,Ú,37,2,0,2,4,-1,4,9,4
Alex GAŠO,MHK,Ú,5,1,1,2,0,-1,0,1,1
Bohumil JANK,TRI,O,24,1,1,2,4,3,12,10,27
Branden Curtis TROOCK,VIT,Ú,11,1,1,2,2,-8,1,20,0
Daniel MINISTR,OLO,Ú,31,1,1,2,6,-13,6,11,12
Danny CHLUDIL,KOM,Ú,40,1,1,2,31,0,6,14,21
David AUBRECHT,LIB,O,34,1,1,2,10,2,12,17,7
David ŠKŮREK,OLO,O,24,1,1,2,16,-7,7,15,30
Jan BERNOVSKÝ,VIT,Ú,3,1,1,2,0,2,1,5,2
Karel KŘEPELKA,MBL,O,15,1,1,2,12,-2,0,15,12
Matyáš VÁŇA,KVA,Ú,21,1,1,2,2,-3,2,13,8
Matěj PRČÍK,VIT,O,8,1,1,2,0,0,2,9,8
Petr KOLMANN,LIB,O,5,1,1,2,4,2,0,6,4
Petr VRÁNA,TRI,Ú,33,1,1,2,8,-2,0,13,10
Adam KUBÍK,PLZ,Ú,10,0,2,2,6,5,0,14,7
David KVASNIČKA,PLZ,O,30,0,2,2,4,6,4,10,22
Jakub KLEPIŠ,SPA,Ú,10,0,2,2,4,2,0,4,5
Jakub STRNAD,KLA,Ú,33,0,2,2,4,-4,1,10,11
Jan PISKÁČEK,KLA,O,24,0,2,2,14,-3,7,17,22
Kristians RUBINS,PLZ,O,19,0,2,2,4,-1,8,36,29
Michal HRÁDEK,OLO,O,39,0,2,2,17,2,12,26,51
Ondřej BALÁŽ,LIT,O,25,0,2,2,0,-5,3,12,15
Vojtěch BUDÍK,VIT,O,32,0,2,2,6,-16,4,34,42
Vojtěch PORT,VIT,O,44,0,2,2,10,-7,5,30,38
Bohumil JANK,CEB,O,9,1,0,1,4,-2,6,8,18
Brendan Arthur O'DONNELL,KOM,Ú,9,1,0,1,6,-1,2,10,7
Jake GRICIUS,PLZ,Ú,3,1,0,1,0,0,1,2,0
Jan ZÁVORA,MBL,Ú,45,1,0,1,6,-4,5,21,16
Jan ŠPRYNAR,LIT,Ú,25,1,0,1,0,-1,2,6,1
Michal HRÁDEK,PCE,O,8,1,0,1,0,2,0,5,6
Oleksii YEVTIEKHOV,PCE,Ú,1,1,0,1,0,0,0,3,0
Šimon KUBÍČEK,MBL,O,12,1,0,1,16,0,5,11,15
Šimon MARHA,MHK,Ú,17,1,0,1,4,-2,0,15,9
Adam VLASÁK,MBL,O,12,0,1,1,4,-1,1,6,4
Dominik SKLENÁŘ,MHK,Ú,3,0,1,1,0,1,1,1,0
Filip KUŤÁK,SPA,Ú,18,0,1,1,2,-1,5,17,3
Filip SUCHÝ,MBL,Ú,40,0,1,1,31,-3,2,24,27
Jakub HUJER,LIB,Ú,16,0,1,1,8,2,2,4,2
Jakub VALSKÝ,CEB,Ú,12,0,1,1,6,-2,6,17,5
Jaromír JÁGR,KLA,Ú,7,0,1,1,10,-7,0,1,0
Jiří FRONK,VIT,Ú,5,0,1,1,0,-3,0,6,0
Marcel BARINKA,KLA,Ú,9,0,1,1,2,-3,0,7,3
Martin RYŠAVÝ,LIB,Ú,14,0,1,1,4,-3,7,6,5
Matěj GARDOŇ,MBL,Ú,17,0,1,1,4,-8,2,9,3
Michal HARTL,KOM,Ú,14,0,1,1,0,-5,2,12,4
Michal TOMEČEK,OLO,Ú,1,0,1,1,2,1,0,2,0
Miks INDRAŠIS,MBL,Ú,14,0,1,1,6,-2,3,16,4
Ondřej DLAPA,MHK,O,28,0,1,1,4,-5,8,5,24
Ondřej HRABÍK,SPA,Ú,21,0,1,1,2,0,0,4,3
Pavel MUSIL,MBL,Ú,5,0,1,1,0,1,0,5,1
Tadeáš BEROUN,KOM,O,6,0,1,1,2,-1,0,2,4
Tomáš PAVELKA,MHK,O,14,0,1,1,2,-2,0,9,8
Tomáš ROLINEK,PCE,Ú,1,0,1,1,0,1,0,1,0
Vít MACEK,PCE,Ú,3,0,1,1,0,0,0,2,0
Yohann AUVITU,VIT,O,29,0,1,1,8,1,0,39,33
Adam BOLTVAN,KOM,Ú,14,0,0,0,2,-1,0,2,0
Adam FIALA,PCE,Ú,1,0,0,0,0,0,0,0,0
Adam NĚMEC,LIB,Ú,1,0,0,0,0,0,1,0,1
Adam RULÍK,KLA,O,2,0,0,0,2,1,0,0,1
Adam RULÍK,KVA,O,20,0,0,0,4,3,1,8,9
Adam VESELSKÝ,KOM,Ú,3,0,0,0,0,0,0,1,0
Adrien BARTOVIČ,LIB,Ú,1,0,0,0,0,0,0,0,0
Aliaksandr VISHNEUSKI,KLA,Ú,1,0,0,0,0,0,0,0,0
Daniel HERČÍK,PCE,Ú,11,0,0,0,0,-1,3,8,3
Daniel KRENŽELOK,VIT,O,1,0,0,0,0,0,0,0,1
Daniel RÁKOS,PCE,Ú,11,0,0,0,6,1,0,7,4
David BERNAD,MBL,O,2,0,0,0,0,-1,0,2,1
David KOFROŇ,TRI,Ú,4,0,0,0,0,0,1,2,2
David MICHÁLEK,KOM,Ú,3,0,0,0,0,-1,0,2,0
David SEDLÁČEK,KVA,Ú,2,0,0,0,0,0,0,0,0
David SÝKORA,MHK,O,4,0,0,0,2,2,0,3,2
David ŠILHAN,KVA,Ú,7,0,0,0,2,0,2,4,5
Denis SVOBODA,KOM,O,12,0,0,0,0,-1,0,2,0
Dominick Radim BYRTUS,TRI,O,3,0,0,0,0,-1,1,2,1
Dominik HALAČKA,KOM,Ú,1,0,0,0,0,0,0,0,0
Dominik PAVLÁK,SPA,O,3,0,0,0,0,0,0,2,0
Erik POSPÍŠIL,PCE,Ú,2,0,0,0,0,1,0,0,0
Filip NOVÁK,SPA,Ú,10,0,0,0,0,-1,0,6,2
František FORMÁNEK,PCE,Ú,16,0,0,0,2,-1,3,5,2
Jakub LEV,CEB,Ú,10,0,0,0,0,0,0,1,0
Jakub MALÝ,KOM,Ú,4,0,0,0,2,-1,1,2,2
Jakub STRNAD,KVA,Ú,5,0,0,0,0,-1,1,3,3
Jakub ZUBÍČEK,KOM,O,5,0,0,0,0,-1,0,2,0
Jakub ŠEDIVÝ,LIB,O,4,0,0,0,0,0,0,1,0
Jakub ŠILER,PLZ,Ú,2,0,0,0,2,0,0,1,0
Jan HAMPL,LIB,O,1,0,0,0,0,0,0,0,0
Jan JURNÝ,KOM,O,6,0,0,0,0,0,0,0,0
Jan KOLÁŘ,PCE,O,1,0,0,0,0,0,1,1,4
Jan PEROUTKA,LIT,Ú,1,0,0,0,0,-1,0,0,3
Jan SÜSS,KOM,Ú,5,0,0,0,2,-2,0,5,1
Jan VYVIAL,MHK,Ú,2,0,0,0,0,0,0,0,0
Jan ZDRÁHAL,KOM,O,12,0,0,0,4,-2,2,4,8
Jan ŠÍR,KVA,Ú,20,0,0,0,9,-1,5,15,10
Jiří POSPÍŠIL,SPA,Ú,10,0,0,0,2,-2,1,2,0
Jonáš BEDNAŘÍK,LIT,Ú,6,0,0,0,0,1,0,7,3
Josef TROJNA,KLA,O,3,0,0,0,0,-1,0,1,0
Joshua James MÁCHA,OLO,Ú,2,0,0,0,0,-1,0,0,0
Kristers ZVAGULIS,MBL,Ú,2,0,0,0,0,0,0,1,1
Kryštof DYK,KVA,O,16,0,0,0,4,0,0,3,1
Lukáš KACHLÍŘ,LIB,O,13,0,0,0,0,0,0,4,6
Lukáš KOVÁŘ,MHK,O,6,0,0,0,8,-3,2,3,3
Marek BARÁNEK,LIB,O,11,0,0,0,12,2,4,11,6
Marek BERKA,LIT,Ú,3,0,0,0,0,-1,0,1,3
Marek CHALOUPKA,PCE,O,1,0,0,0,0,0,0,0,0
Marek CHVÁTAL,OLO,O,3,0,0,0,0,0,1,0,0
Marek HOŘEJŠÍ,PLZ,Ú,9,0,0,0,0,0,0,0,1
Marek HRABINA,VIT,Ú,1,0,0,0,0,0,0,0,1
Marek PEROUTKA,LIT,Ú,3,0,0,0,2,-1,1,3,1
Martin DOČEKAL,VIT,Ú,1,0,0,0,0,-1,0,3,1
Martin MATĚJÍČEK,KLA,O,4,0,0,0,0,-3,0,0,0
Martin OSMÍK,KVA,Ú,5,0,0,0,0,0,0,1,0
Martin ŠTOHANZL,MHK,Ú,4,0,0,0,0,1,0,1,2
Martin ŠVEC,PCE,O,4,0,0,0,0,0,0,0,0
Matyáš CÍCHA,CEB,O,2,0,0,0,0,0,0,0,0
Matyáš HUMENÍK,CEB,Ú,19,0,0,0,0,0,2,6,1
Matúš VÁLEK,PCE,Ú,1,0,0,0,0,-1,0,0,0
Michael NAZAD,VIT,Ú,2,0,0,0,0,-2,0,2,2
Michal FURCH,KOM,O,3,0,0,0,0,0,1,1,0
Ondřej BLÁHA,SPA,Ú,11,0,0,0,2,-3,0,3,4
Ondřej CHABADA,PCE,O,7,0,0,0,0,0,0,1,0
Ondřej DOROT,KVA,O,8,0,0,0,2,-2,0,1,0
Ondřej NAJMAN,SPA,Ú,12,0,0,0,4,2,0,4,2
Ondřej ŠÁTEK,KLA,O,1,0,0,0,0,0,0,0,0
Patrik KRÁL,MBL,Ú,10,0,0,0,0,0,1,2,1
Patriks OZOLS,OLO,O,1,0,0,0,0,0,0,0,2
Pavel ŠIMEK,MHK,Ú,2,0,0,0,0,-1,0,0,0
Petr HANYŠ,MBL,Ú,1,0,0,0,0,0,0,0,0
Petr TON,SPA,Ú,7,0,0,0,0,-4,2,3,0
Přemysl SVOBODA,LIT,Ú,2,0,0,0,0,0,0,0,0
Radek JANATA,KVA,Ú,3,0,0,0,0,0,0,0,0
Robin KAPLAN,PCE,Ú,20,0,0,0,4,-4,3,10,5
Sebastián MALÁT,KVA,Ú,3,0,0,0,0,0,1,1,2
Sebastián REDLICH,KLA,Ú,2,0,0,0,0,0,0,1,0
Tadeáš KALUŽÍK,PCE,Ú,1,0,0,0,0,-1,0,0,0
Tobiáš PASTOR,KVA,Ú,7,0,0,0,0,-1,0,0,2
Tomáš HAVLÍN,MBL,O,34,0,0,0,14,-11,9,28,63
Tomáš HERMAN,VIT,O,2,0,0,0,0,0,0,0,0
Tomáš MAZURA,LIB,Ú,6,0,0,0,31,-4,0,6,1
Tomáš SELIČ,KOM,Ú,2,0,0,0,0,-1,0,1,1
Tomáš URBAN,PCE,Ú,12,0,0,0,2,-4,0,4,1
Tomáš ČERMÁK,MBL,O,2,0,0,0,0,-1,0,0,1
Vasyl ŠPILKA,LIB,Ú,4,0,0,0,0,-1,0,3,0
Vojtěch PILÍŠEK,LIB,O,1,0,0,0,0,-1,0,0,1
Vojtěch POLÁK,KLA,Ú,1,0,0,0,0,0,1,0,1
Vojtěch TVRDÍK,PCE,O,1,0,0,0,0,0,0,0,0
Vojtěch VOCHVEST,MBL,O,5,0,0,0,0,0,0,0,0
Vít BERAN,LIT,O,2,0,0,0,0,-2,0,2,0
Štěpán MATĚJČEK,MHK,Ú,3,0,0,0,0,0,0,1,0
