game_id,date,home_team,away_team,score,attendance,away_pim,away_pp_goals,away_pp_opps,away_score,away_shots,division,game_name,home_pim,home_pp_goals,home_pp_opps,home_score,home_shots,is_overtime,is_shootout,period_scores,round,start_time,url,venue
3,2025-09-12,EC-KAC,Hydro Fehervar AV 19,4:0,3930,12,0,4,0,18,ICEHL 2025/26,1,10,1,5,4,24,0,0,1:0 | 2:0 | 1:0 | 0:0,1,19:15,https://s3.eu-west-1.amazonaws.com/icehl.hokejovyzapis.cz/widget/esports/match/3.json,Heidi Horten Arena
4,2025-09-12,Steinbach Black Wings Linz,Pioneers Vorarlberg,5:2,4280,8,0,1,2,22,ICEHL 2025/26,2,2,2,4,5,35,0,0,2:0 | 2:0 | 1:2 | 0:0,1,19:15,https://s3.eu-west-1.amazonaws.com/icehl.hokejovyzapis.cz/widget/esports/match/4.json,Linz AG Eisarena
5,2025-09-12,FTC-Telekom,EC iDM Wärmepumpen VSV,2:4,1243,4,0,0,4,34,ICEHL 2025/26,3,0,1,3,2,30,0,0,1:3 | 0:0 | 1:1 | 0:0,1,18:30,https://s3.eu-west-1.amazonaws.com/icehl.hokejovyzapis.cz/widget/esports/match/5.json,Tüskecsarnok
6,2025-09-12,HC TIWAG Innsbruck - Die Haie,HC Falkensteiner Pustertal,1:8,2300,12,0,2,8,37,ICEHL 2025/26,4,6,1,5,1,18,0,0,0:2 | 1:4 | 0:2 | 0:0,1,19:15,https://s3.eu-west-1.amazonaws.com/icehl.hokejovyzapis.cz/widget/esports/match/6.json,TIWAG Arena
7,2025-09-12,HCB Südtirol Alperia,EC Red Bull Salzburg,3:4,2928,12,1,4,4,27,ICEHL 2025/26,5,8,2,5,3,23,0,0,1:0 | 1:3 | 1:1 | 0:0,1,19:45,https://s3.eu-west-1.amazonaws.com/icehl.hokejovyzapis.cz/widget/esports/match/7.json,Sparkasse Arena
8,2025-09-12,Olimpija Ljubljana,Vienna Capitals,8:1,2873,4,0,1,1,31,ICEHL 2025/26,6,2,2,2,8,48,0,0,1:1 | 3:0 | 4:0 | 0:0,1,19:15,https://s3.eu-west-1.amazonaws.com/icehl.hokejovyzapis.cz/widget/esports/match/8.json,Hala Tivoli
9,2025-09-14,Vienna Capitals,FTC-Telekom,3:2,4160,8,0,3,2,22,ICEHL 2025/26,7,8,1,3,3,34,0,0,1:1 | 0:1 | 1:0 | 1:0,2,17:30,https://s3.eu-west-1.amazonaws.com/icehl.hokejovyzapis.cz/widget/esports/match/9.json,STEFFL Arena
10,2025-09-14,EC Red Bull Salzburg,EC-KAC,4:1,3400,6,0,2,1,31,ICEHL 2025/26,8,4,2,3,4,29,0,0,2:0 | 0:0 | 2:1 | 0:0,2,16:30,https://s3.eu-west-1.amazonaws.com/icehl.hokejovyzapis.cz/widget/esports/match/10.json,Eisarena Salzburg
11,2025-09-14,Hydro Fehervar AV 19,Steinbach Black Wings Linz,1:0,3470,2,0,1,0,29,ICEHL 2025/26,9,2,0,1,1,20,0,0,0:0 | 0:0 | 1:0 | 0:0,2,16:00,https://s3.eu-west-1.amazonaws.com/icehl.hokejovyzapis.cz/widget/esports/match/11.json,MET Aréna Székesfehérvár
12,2025-09-14,Pioneers Vorarlberg,HC TIWAG Innsbruck - Die Haie,2:3,1663,6,0,2,3,25,ICEHL 2025/26,10,4,0,3,2,24,0,0,1:3 | 0:0 | 1:0 | 0:0,2,16:00,https://s3.eu-west-1.amazonaws.com/icehl.hokejovyzapis.cz/widget/esports/match/12.json,Vorarlberghalle
13,2025-09-14,HC Falkensteiner Pustertal,Moser Medical Graz99ers,0:4,3027,2,0,1,4,22,ICEHL 2025/26,11,2,0,1,0,26,0,0,0:0 | 0:2 | 0:2 | 0:0,2,17:00,https://s3.eu-west-1.amazonaws.com/icehl.hokejovyzapis.cz/widget/esports/match/13.json,Intercable Arena
14,2025-09-14,Olimpija Ljubljana,EC iDM Wärmepumpen VSV,7:2,2463,12,0,3,2,43,ICEHL 2025/26,12,8,3,5,7,28,0,0,2:0 | 2:2 | 3:0 | 0:0,2,18:00,https://s3.eu-west-1.amazonaws.com/icehl.hokejovyzapis.cz/widget/esports/match/14.json,Hala Tivoli
15,2025-09-19,Moser Medical Graz99ers,Olimpija Ljubljana,3:4,2707,0,0,1,4,20,ICEHL 2025/26,13,2,0,0,3,33,0,0,1:0 | 0:1 | 2:2 | 0:1,3,18:30,https://s3.eu-west-1.amazonaws.com/icehl.hokejovyzapis.cz/widget/esports/match/15.json,Merkur Eisstadion
16,2025-09-19,Vienna Capitals,Steinbach Black Wings Linz,7:6,4010,13,2,5,6,33,ICEHL 2025/26,14,17,3,3,7,28,0,0,1:4 | 4:1 | 2:1 | 0:0,3,19:15,https://s3.eu-west-1.amazonaws.com/icehl.hokejovyzapis.cz/widget/esports/match/16.json,STEFFL Arena
17,2025-09-19,EC Red Bull Salzburg,EC iDM Wärmepumpen VSV,2:1,2525,8,1,6,1,33,ICEHL 2025/26,15,45,2,3,2,43,0,0,0:0 | 1:0 | 0:1 | 1:0,3,19:15,https://s3.eu-west-1.amazonaws.com/icehl.hokejovyzapis.cz/widget/esports/match/17.json,Eisarena Salzburg
18,2025-09-19,Pioneers Vorarlberg,HCB Südtirol Alperia,0:6,1457,8,0,1,6,32,ICEHL 2025/26,16,4,0,3,0,23,0,0,0:1 | 0:2 | 0:3 | 0:0,3,19:30,https://s3.eu-west-1.amazonaws.com/icehl.hokejovyzapis.cz/widget/esports/match/18.json,Vorarlberghalle
19,2025-09-19,FTC-Telekom,EC-KAC,2:6,748,10,2,5,6,35,ICEHL 2025/26,17,8,0,5,2,20,0,0,1:0 | 1:2 | 0:4 | 0:0,3,18:30,https://s3.eu-west-1.amazonaws.com/icehl.hokejovyzapis.cz/widget/esports/match/19.json,Tüskecsarnok
20,2025-09-20,Hydro Fehervar AV 19,HC TIWAG Innsbruck - Die Haie,5:4,3307,6,0,5,4,33,ICEHL 2025/26,18,12,1,2,5,22,0,0,3:2 | 0:1 | 2:1 | 0:0,3,17:30,https://s3.eu-west-1.amazonaws.com/icehl.hokejovyzapis.cz/widget/esports/match/20.json,MET Aréna Székesfehérvár
21,2025-09-23,Moser Medical Graz99ers,Hydro Fehervar AV 19,9:4,2219,2,1,4,4,26,ICEHL 2025/26,19,8,1,1,9,45,0,0,2:1 | 5:2 | 2:1 | 0:0,4,18:30,https://s3.eu-west-1.amazonaws.com/icehl.hokejovyzapis.cz/widget/esports/match/21.json,Merkur Eisstadion
22,2025-09-21,Vienna Capitals,EC Red Bull Salzburg,1:3,3810,8,0,3,3,34,ICEHL 2025/26,20,6,0,4,1,20,0,0,0:1 | 0:1 | 1:1 | 0:0,4,17:30,https://s3.eu-west-1.amazonaws.com/icehl.hokejovyzapis.cz/widget/esports/match/22.json,STEFFL Arena
23,2025-09-21,EC-KAC,HCB Südtirol Alperia,1:5,3820,0,0,0,5,22,ICEHL 2025/26,21,0,0,0,1,24,0,0,0:1 | 0:1 | 1:3 | 0:0,4,17:30,https://s3.eu-west-1.amazonaws.com/icehl.hokejovyzapis.cz/widget/esports/match/23.json,Heidi Horten Arena
24,2025-09-21,EC iDM Wärmepumpen VSV,HC Falkensteiner Pustertal,0:3,3227,6,0,2,3,26,ICEHL 2025/26,22,4,0,3,0,30,0,0,0:1 | 0:1 | 0:1 | 0:0,4,17:00,https://s3.eu-west-1.amazonaws.com/icehl.hokejovyzapis.cz/widget/esports/match/24.json,Villacher Stadthalle
25,2025-09-21,FTC-Telekom,HC TIWAG Innsbruck - Die Haie,6:2,923,6,1,2,2,35,ICEHL 2025/26,23,6,0,1,6,36,0,0,1:1 | 2:0 | 3:1 | 0:0,4,15:30,https://s3.eu-west-1.amazonaws.com/icehl.hokejovyzapis.cz/widget/esports/match/25.json,Tüskecsarnok
26,2025-09-21,Olimpija Ljubljana,Pioneers Vorarlberg,6:1,2167,12,0,3,1,19,ICEHL 2025/26,24,8,3,6,6,29,0,0,1:1 | 4:0 | 1:0 | 0:0,4,16:00,https://s3.eu-west-1.amazonaws.com/icehl.hokejovyzapis.cz/widget/esports/match/26.json,Hala Tivoli
27,2025-09-26,EC-KAC,Moser Medical Graz99ers,2:3,4264,10,1,4,3,30,ICEHL 2025/26,25,12,0,3,2,23,0,0,1:3 | 1:0 | 0:0 | 0:0,5,19:15,https://s3.eu-west-1.amazonaws.com/icehl.hokejovyzapis.cz/widget/esports/match/27.json,Heidi Horten Arena
28,2025-09-26,Steinbach Black Wings Linz,EC iDM Wärmepumpen VSV,3:8,4118,2,2,3,8,37,ICEHL 2025/26,26,6,1,1,3,34,0,0,0:2 | 2:4 | 1:2 | 0:0,5,19:15,https://s3.eu-west-1.amazonaws.com/icehl.hokejovyzapis.cz/widget/esports/match/28.json,Linz AG Eisarena
29,2025-09-26,Pioneers Vorarlberg,Vienna Capitals,4:2,1874,4,0,2,2,24,ICEHL 2025/26,27,4,1,2,4,16,0,0,2:1 | 2:1 | 0:0 | 0:0,5,19:30,https://s3.eu-west-1.amazonaws.com/icehl.hokejovyzapis.cz/widget/esports/match/29.json,Vorarlberghalle
30,2025-09-26,HC TIWAG Innsbruck - Die Haie,Olimpija Ljubljana,3:9,1800,4,0,1,9,43,ICEHL 2025/26,28,2,1,2,3,34,0,0,1:3 | 2:1 | 0:5 | 0:0,5,19:15,https://s3.eu-west-1.amazonaws.com/icehl.hokejovyzapis.cz/widget/esports/match/30.json,TIWAG Arena
31,2025-09-26,HCB Südtirol Alperia,FTC-Telekom,2:0,2980,0,0,3,0,22,ICEHL 2025/26,29,6,0,0,2,19,0,0,1:0 | 1:0 | 0:0 | 0:0,5,19:45,https://s3.eu-west-1.amazonaws.com/icehl.hokejovyzapis.cz/widget/esports/match/31.json,Sparkasse Arena
32,2025-09-26,HC Falkensteiner Pustertal,EC Red Bull Salzburg,2:1,2616,25,1,3,1,28,ICEHL 2025/26,30,6,0,1,2,27,0,0,0:1 | 2:0 | 0:0 | 0:0,5,19:45,https://s3.eu-west-1.amazonaws.com/icehl.hokejovyzapis.cz/widget/esports/match/32.json,Intercable Arena
33,2025-09-27,HC TIWAG Innsbruck - Die Haie,Vienna Capitals,1:4,1500,6,1,2,4,31,ICEHL 2025/26,31,4,0,3,1,49,0,0,0:1 | 0:3 | 1:0 | 0:0,6,17:30,https://s3.eu-west-1.amazonaws.com/icehl.hokejovyzapis.cz/widget/esports/match/33.json,TIWAG Arena
34,2025-09-27,HC Falkensteiner Pustertal,FTC-Telekom,2:3,2135,6,1,1,3,21,ICEHL 2025/26,32,2,1,3,2,45,0,0,0:1 | 1:0 | 1:2 | 0:0,6,19:45,https://s3.eu-west-1.amazonaws.com/icehl.hokejovyzapis.cz/widget/esports/match/34.json,Intercable Arena
35,2025-09-28,Moser Medical Graz99ers,EC iDM Wärmepumpen VSV,3:4,3803,12,0,2,4,29,ICEHL 2025/26,33,6,3,5,3,47,0,0,1:1 | 1:2 | 1:1 | 0:0,6,12:30,https://s3.eu-west-1.amazonaws.com/icehl.hokejovyzapis.cz/widget/esports/match/35.json,Merkur Eisstadion
36,2025-09-28,EC Red Bull Salzburg,Pioneers Vorarlberg,4:1,2614,6,1,2,1,23,ICEHL 2025/26,34,4,1,3,4,30,0,0,0:1 | 1:0 | 3:0 | 0:0,6,15:00,https://s3.eu-west-1.amazonaws.com/icehl.hokejovyzapis.cz/widget/esports/match/36.json,Eisarena Salzburg
37,2025-09-28,HCB Südtirol Alperia,Steinbach Black Wings Linz,3:2,2510,4,0,0,2,21,ICEHL 2025/26,35,0,1,2,3,36,0,0,0:0 | 2:2 | 1:0 | 0:0,6,18:00,https://s3.eu-west-1.amazonaws.com/icehl.hokejovyzapis.cz/widget/esports/match/37.json,Sparkasse Arena
38,2025-09-28,Olimpija Ljubljana,Hydro Fehervar AV 19,3:2,2874,8,0,5,2,24,ICEHL 2025/26,36,12,0,3,3,28,0,0,0:0 | 1:2 | 1:0 | 0:0,6,18:00,https://s3.eu-west-1.amazonaws.com/icehl.hokejovyzapis.cz/widget/esports/match/38.json,Hala Tivoli
39,2025-10-03,Vienna Capitals,Olimpija Ljubljana,3:1,3690,6,1,3,1,30,ICEHL 2025/26,37,8,0,2,3,14,0,0,1:0 | 0:1 | 2:0 | 0:0,7,19:15,https://s3.eu-west-1.amazonaws.com/icehl.hokejovyzapis.cz/widget/esports/match/39.json,STEFFL Arena
40,2025-10-03,EC Red Bull Salzburg,HCB Südtirol Alperia,1:4,2704,18,1,1,4,25,ICEHL 2025/26,38,16,0,3,1,34,0,0,0:1 | 0:1 | 1:2 | 0:0,7,19:15,https://s3.eu-west-1.amazonaws.com/icehl.hokejovyzapis.cz/widget/esports/match/40.json,Eisarena Salzburg
41,2025-10-03,EC iDM Wärmepumpen VSV,Pioneers Vorarlberg,5:2,3111,10,0,1,2,28,ICEHL 2025/26,39,2,1,6,5,39,0,0,2:0 | 2:2 | 1:0 | 0:0,7,19:15,https://s3.eu-west-1.amazonaws.com/icehl.hokejovyzapis.cz/widget/esports/match/41.json,Villacher Stadthalle
42,2025-10-03,Hydro Fehervar AV 19,HC Falkensteiner Pustertal,1:3,3366,9,1,3,3,32,ICEHL 2025/26,40,11,0,2,1,31,0,0,0:3 | 0:0 | 1:0 | 0:0,7,19:15,https://s3.eu-west-1.amazonaws.com/icehl.hokejovyzapis.cz/widget/esports/match/42.json,MET Aréna Székesfehérvár
43,2025-10-03,Steinbach Black Wings Linz,EC-KAC,2:3,4038,4,0,5,3,23,ICEHL 2025/26,41,10,1,2,2,28,0,0,1:1 | 1:0 | 0:2 | 0:0,7,19:15,https://s3.eu-west-1.amazonaws.com/icehl.hokejovyzapis.cz/widget/esports/match/43.json,Linz AG Eisarena
44,2025-10-04,HC TIWAG Innsbruck - Die Haie,Moser Medical Graz99ers,3:2,1800,6,1,1,2,60,ICEHL 2025/26,43,2,0,3,3,31,0,0,0:1 | 1:1 | 1:0 | 0:0,7,17:30,https://s3.eu-west-1.amazonaws.com/icehl.hokejovyzapis.cz/widget/esports/match/44.json,TIWAG Arena
45,2025-10-04,Vienna Capitals,HC Falkensteiner Pustertal,4:5,3810,10,2,6,5,43,ICEHL 2025/26,42,37,1,2,4,27,0,0,1:0 | 1:3 | 2:1 | 0:1,8,17:30,https://s3.eu-west-1.amazonaws.com/icehl.hokejovyzapis.cz/widget/esports/match/45.json,STEFFL Arena
46,2025-10-05,EC-KAC,FTC-Telekom,3:2,3737,4,0,2,2,16,ICEHL 2025/26,44,4,1,2,3,41,0,0,2:0 | 0:0 | 1:2 | 0:0,8,16:00,https://s3.eu-west-1.amazonaws.com/icehl.hokejovyzapis.cz/widget/esports/match/46.json,Heidi Horten Arena
47,2025-10-05,EC iDM Wärmepumpen VSV,Hydro Fehervar AV 19,2:4,3109,2,2,4,4,36,ICEHL 2025/26,45,8,0,1,2,33,0,0,0:2 | 1:0 | 1:2 | 0:0,8,18:00,https://s3.eu-west-1.amazonaws.com/icehl.hokejovyzapis.cz/widget/esports/match/47.json,Villacher Stadthalle
48,2025-10-05,Steinbach Black Wings Linz,EC Red Bull Salzburg,3:2,4154,4,1,2,2,41,ICEHL 2025/26,46,4,0,2,3,28,0,0,0:1 | 1:0 | 1:1 | 1:0,8,17:30,https://s3.eu-west-1.amazonaws.com/icehl.hokejovyzapis.cz/widget/esports/match/48.json,Linz AG Eisarena
49,2025-10-05,Pioneers Vorarlberg,Moser Medical Graz99ers,2:3,1543,6,0,2,3,42,ICEHL 2025/26,47,6,0,2,2,24,0,0,0:1 | 1:0 | 1:1 | 0:1,8,16:00,https://s3.eu-west-1.amazonaws.com/icehl.hokejovyzapis.cz/widget/esports/match/49.json,Vorarlberghalle
50,2025-10-05,HCB Südtirol Alperia,Olimpija Ljubljana,4:2,2890,16,0,3,2,21,ICEHL 2025/26,48,10,1,6,4,30,0,0,0:2 | 3:0 | 1:0 | 0:0,8,18:00,https://s3.eu-west-1.amazonaws.com/icehl.hokejovyzapis.cz/widget/esports/match/50.json,Sparkasse Arena
51,2025-10-10,Moser Medical Graz99ers,FTC-Telekom,2:3,2858,10,0,0,3,15,ICEHL 2025/26,49,0,0,5,2,48,0,0,0:1 | 1:1 | 1:0 | 0:1,9,18:30,https://s3.eu-west-1.amazonaws.com/icehl.hokejovyzapis.cz/widget/esports/match/51.json,Merkur Eisstadion
52,2025-10-10,EC Red Bull Salzburg,Vienna Capitals,4:3,2617,16,2,10,3,24,ICEHL 2025/26,50,37,0,7,4,50,0,0,1:1 | 1:2 | 1:0 | 1:0,9,19:15,https://s3.eu-west-1.amazonaws.com/icehl.hokejovyzapis.cz/widget/esports/match/52.json,Eisarena Salzburg
53,2025-10-10,HC Falkensteiner Pustertal,HCB Südtirol Alperia,5:3,3104,10,1,3,3,30,ICEHL 2025/26,51,8,2,4,5,50,0,0,0:2 | 2:0 | 3:1 | 0:0,9,19:45,https://s3.eu-west-1.amazonaws.com/icehl.hokejovyzapis.cz/widget/esports/match/53.json,Intercable Arena
54,2025-10-10,Olimpija Ljubljana,Steinbach Black Wings Linz,8:4,3378,18,0,3,4,25,ICEHL 2025/26,52,6,2,9,8,34,0,0,4:0 | 4:1 | 0:3 | 0:0,9,19:15,https://s3.eu-west-1.amazonaws.com/icehl.hokejovyzapis.cz/widget/esports/match/54.json,Hala Tivoli
55,2025-10-11,EC iDM Wärmepumpen VSV,HC TIWAG Innsbruck - Die Haie,5:1,3254,8,0,6,1,28,ICEHL 2025/26,53,35,0,4,5,35,0,0,0:1 | 1:0 | 4:0 | 0:0,9,15:00,https://s3.eu-west-1.amazonaws.com/icehl.hokejovyzapis.cz/widget/esports/match/55.json,Villacher Stadthalle
56,2025-10-11,Hydro Fehervar AV 19,Pioneers Vorarlberg,1:4,3330,6,1,4,4,28,ICEHL 2025/26,54,12,0,2,1,22,0,0,0:1 | 0:2 | 1:1 | 0:0,9,17:30,https://s3.eu-west-1.amazonaws.com/icehl.hokejovyzapis.cz/widget/esports/match/56.json,MET Aréna Székesfehérvár
57,2025-10-12,Vienna Capitals,Moser Medical Graz99ers,1:3,5050,6,0,3,3,25,ICEHL 2025/26,55,6,0,3,1,19,0,0,0:2 | 1:0 | 0:1 | 0:0,10,16:30,https://s3.eu-west-1.amazonaws.com/icehl.hokejovyzapis.cz/widget/esports/match/57.json,STEFFL Arena
58,2025-10-12,EC-KAC,HC Falkensteiner Pustertal,3:2,3771,10,0,2,2,33,ICEHL 2025/26,56,6,1,5,3,23,0,0,1:0 | 1:1 | 0:1 | 1:0,10,17:30,https://s3.eu-west-1.amazonaws.com/icehl.hokejovyzapis.cz/widget/esports/match/58.json,Heidi Horten Arena
59,2025-10-12,Hydro Fehervar AV 19,EC Red Bull Salzburg,3:2,3666,12,1,4,2,37,ICEHL 2025/26,57,12,1,4,3,22,0,0,1:1 | 1:1 | 1:0 | 0:0,10,16:00,https://s3.eu-west-1.amazonaws.com/icehl.hokejovyzapis.cz/widget/esports/match/59.json,MET Aréna Székesfehérvár
60,2025-10-12,FTC-Telekom,Pioneers Vorarlberg,6:0,1654,10,0,5,0,22,ICEHL 2025/26,58,22,0,4,6,36,0,0,2:0 | 3:0 | 1:0 | 0:0,10,15:30,https://s3.eu-west-1.amazonaws.com/icehl.hokejovyzapis.cz/widget/esports/match/60.json,Tüskecsarnok
61,2025-10-12,HCB Südtirol Alperia,EC iDM Wärmepumpen VSV,3:6,2903,14,3,7,6,31,ICEHL 2025/26,59,14,2,6,3,45,0,0,0:1 | 2:4 | 1:1 | 0:0,10,16:00,https://s3.eu-west-1.amazonaws.com/icehl.hokejovyzapis.cz/widget/esports/match/61.json,Sparkasse Arena
62,2025-10-12,Olimpija Ljubljana,HC TIWAG Innsbruck - Die Haie,6:7,2029,18,3,9,7,34,ICEHL 2025/26,60,18,4,9,6,49,0,0,2:2 | 1:2 | 3:2 | 0:1,10,18:00,https://s3.eu-west-1.amazonaws.com/icehl.hokejovyzapis.cz/widget/esports/match/62.json,Hala Tivoli
63,2025-10-17,Vienna Capitals,EC-KAC,2:3,6020,8,0,2,3,26,ICEHL 2025/26,61,4,0,4,2,16,0,0,0:1 | 1:2 | 1:0 | 0:0,11,19:15,https://s3.eu-west-1.amazonaws.com/icehl.hokejovyzapis.cz/widget/esports/match/63.json,STEFFL Arena
64,2025-10-17,EC iDM Wärmepumpen VSV,Moser Medical Graz99ers,1:6,3361,30,1,3,6,44,ICEHL 2025/26,62,10,1,7,1,34,0,0,0:1 | 1:1 | 0:4 | 0:0,11,19:15,https://s3.eu-west-1.amazonaws.com/icehl.hokejovyzapis.cz/widget/esports/match/64.json,Villacher Stadthalle
65,2025-10-17,Pioneers Vorarlberg,HC Falkensteiner Pustertal,2:4,1616,4,0,2,4,36,ICEHL 2025/26,63,4,0,2,2,17,0,0,1:1 | 0:2 | 1:1 | 0:0,11,19:30,https://s3.eu-west-1.amazonaws.com/icehl.hokejovyzapis.cz/widget/esports/match/65.json,Vorarlberghalle
66,2025-10-17,FTC-Telekom,Steinbach Black Wings Linz,3:2,1609,12,0,3,2,40,ICEHL 2025/26,64,8,3,6,3,19,0,0,0:0 | 1:0 | 2:2 | 0:0,11,18:30,https://s3.eu-west-1.amazonaws.com/icehl.hokejovyzapis.cz/widget/esports/match/66.json,Tüskecsarnok
67,2025-10-17,HC TIWAG Innsbruck - Die Haie,Hydro Fehervar AV 19,1:2,1600,6,0,0,2,44,ICEHL 2025/26,65,0,0,3,1,34,0,0,1:1 | 0:0 | 0:0 | 0:1,11,19:15,https://s3.eu-west-1.amazonaws.com/icehl.hokejovyzapis.cz/widget/esports/match/67.json,TIWAG Arena
68,2025-10-17,Olimpija Ljubljana,EC Red Bull Salzburg,4:3,3797,8,0,2,3,26,ICEHL 2025/26,66,6,0,3,4,39,0,0,1:2 | 1:0 | 1:1 | 1:0,11,19:15,https://s3.eu-west-1.amazonaws.com/icehl.hokejovyzapis.cz/widget/esports/match/68.json,Hala Tivoli
69,2025-10-18,HCB Südtirol Alperia,Hydro Fehervar AV 19,3:0,2320,10,0,2,0,22,ICEHL 2025/26,67,6,0,4,3,35,0,0,0:0 | 0:0 | 3:0 | 0:0,12,19:45,https://s3.eu-west-1.amazonaws.com/icehl.hokejovyzapis.cz/widget/esports/match/69.json,Sparkasse Arena
70,2025-10-19,Moser Medical Graz99ers,EC-KAC,2:3,4126,12,1,6,3,30,ICEHL 2025/26,68,16,1,5,2,29,0,0,2:1 | 0:0 | 0:1 | 0:1,12,17:30,https://s3.eu-west-1.amazonaws.com/icehl.hokejovyzapis.cz/widget/esports/match/70.json,Merkur Eisstadion
71,2025-10-19,EC Red Bull Salzburg,HC TIWAG Innsbruck - Die Haie,4:2,2814,6,0,1,2,22,ICEHL 2025/26,69,4,1,2,4,44,0,0,1:0 | 1:1 | 2:1 | 0:0,12,15:00,https://s3.eu-west-1.amazonaws.com/icehl.hokejovyzapis.cz/widget/esports/match/71.json,Eisarena Salzburg
72,2025-10-19,EC iDM Wärmepumpen VSV,FTC-Telekom,5:4,3086,14,0,4,4,26,ICEHL 2025/26,70,12,1,5,5,44,0,0,3:1 | 0:3 | 1:0 | 1:0,12,17:00,https://s3.eu-west-1.amazonaws.com/icehl.hokejovyzapis.cz/widget/esports/match/72.json,Villacher Stadthalle
73,2025-10-19,Pioneers Vorarlberg,Olimpija Ljubljana,1:4,1365,9,2,6,4,37,ICEHL 2025/26,71,17,0,2,1,19,0,0,0:2 | 1:0 | 0:2 | 0:0,12,16:00,https://s3.eu-west-1.amazonaws.com/icehl.hokejovyzapis.cz/widget/esports/match/73.json,Vorarlberghalle
74,2025-10-19,HC Falkensteiner Pustertal,Steinbach Black Wings Linz,4:1,2568,13,0,2,1,31,ICEHL 2025/26,72,11,0,3,4,29,0,0,2:0 | 0:0 | 2:1 | 0:0,12,18:00,https://s3.eu-west-1.amazonaws.com/icehl.hokejovyzapis.cz/widget/esports/match/74.json,Intercable Arena
75,2025-10-24,EC Red Bull Salzburg,FTC-Telekom,7:2,3400,8,0,3,2,25,ICEHL 2025/26,73,6,0,4,7,52,0,0,3:0 | 3:2 | 1:0 | 0:0,13,19:15,https://s3.eu-west-1.amazonaws.com/icehl.hokejovyzapis.cz/widget/esports/match/75.json,Eisarena Salzburg
76,2025-10-24,Hydro Fehervar AV 19,EC-KAC,1:2,4026,8,0,2,2,39,ICEHL 2025/26,74,6,0,3,1,34,0,0,1:0 | 0:1 | 0:0 | 0:0,13,19:15,https://s3.eu-west-1.amazonaws.com/icehl.hokejovyzapis.cz/widget/esports/match/76.json,MET Aréna Székesfehérvár
77,2025-10-24,Steinbach Black Wings Linz,Moser Medical Graz99ers,3:2,4092,6,1,5,2,30,ICEHL 2025/26,75,10,1,3,3,33,0,0,1:0 | 0:0 | 1:2 | 1:0,13,19:15,https://s3.eu-west-1.amazonaws.com/icehl.hokejovyzapis.cz/widget/esports/match/77.json,Linz AG Eisarena
78,2025-10-24,HC TIWAG Innsbruck - Die Haie,HCB Südtirol Alperia,1:4,2200,8,1,4,4,35,ICEHL 2025/26,76,8,0,3,1,23,0,0,0:1 | 0:2 | 1:1 | 0:0,13,19:15,https://s3.eu-west-1.amazonaws.com/icehl.hokejovyzapis.cz/widget/esports/match/78.json,TIWAG Arena
79,2025-10-24,HC Falkensteiner Pustertal,EC iDM Wärmepumpen VSV,4:3,2547,6,0,2,3,31,ICEHL 2025/26,77,4,1,3,4,38,0,0,0:0 | 2:3 | 1:0 | 1:0,13,19:45,https://s3.eu-west-1.amazonaws.com/icehl.hokejovyzapis.cz/widget/esports/match/79.json,Intercable Arena
80,2025-10-25,Vienna Capitals,Pioneers Vorarlberg,4:3,4140,8,0,8,3,28,ICEHL 2025/26,78,14,2,3,4,35,0,0,1:2 | 1:1 | 1:0 | 0:0,13,19:15,https://s3.eu-west-1.amazonaws.com/icehl.hokejovyzapis.cz/widget/esports/match/80.json,STEFFL Arena
81,2025-10-25,HC TIWAG Innsbruck - Die Haie,EC iDM Wärmepumpen VSV,2:1,2000,4,0,2,1,46,ICEHL 2025/26,84,4,0,2,2,34,0,0,2:0 | 0:0 | 0:1 | 0:0,14,17:30,https://s3.eu-west-1.amazonaws.com/icehl.hokejovyzapis.cz/widget/esports/match/81.json,TIWAG Arena
82,2025-10-26,Moser Medical Graz99ers,Pioneers Vorarlberg,4:1,3412,10,0,1,1,9,ICEHL 2025/26,79,6,1,3,4,32,0,0,2:0 | 1:1 | 1:0 | 0:0,14,16:00,https://s3.eu-west-1.amazonaws.com/icehl.hokejovyzapis.cz/widget/esports/match/82.json,Merkur Eisstadion
83,2025-10-26,EC-KAC,Olimpija Ljubljana,3:4,4257,8,1,5,4,31,ICEHL 2025/26,80,14,0,2,3,27,0,0,1:0 | 1:1 | 1:2 | 0:0,14,17:30,https://s3.eu-west-1.amazonaws.com/icehl.hokejovyzapis.cz/widget/esports/match/83.json,Heidi Horten Arena
84,2025-10-26,EC Red Bull Salzburg,HC Falkensteiner Pustertal,3:5,2683,8,1,4,5,30,ICEHL 2025/26,81,10,0,4,3,43,0,0,1:2 | 1:0 | 1:3 | 0:0,14,16:30,https://s3.eu-west-1.amazonaws.com/icehl.hokejovyzapis.cz/widget/esports/match/84.json,Eisarena Salzburg
85,2025-10-26,Steinbach Black Wings Linz,Hydro Fehervar AV 19,7:1,4064,10,0,2,1,18,ICEHL 2025/26,82,4,1,5,7,27,0,0,5:0 | 1:0 | 1:1 | 0:0,14,15:30,https://s3.eu-west-1.amazonaws.com/icehl.hokejovyzapis.cz/widget/esports/match/85.json,Linz AG Eisarena
86,2025-10-26,FTC-Telekom,HCB Südtirol Alperia,4:5,1618,8,1,4,5,39,ICEHL 2025/26,83,8,0,3,4,34,0,0,0:1 | 3:2 | 1:1 | 0:0,14,14:30,https://s3.eu-west-1.amazonaws.com/icehl.hokejovyzapis.cz/widget/esports/match/86.json,Tüskecsarnok
87,2025-10-29,Moser Medical Graz99ers,HC Falkensteiner Pustertal,1:4,2992,8,0,2,4,24,ICEHL 2025/26,85,4,1,4,1,35,0,0,0:2 | 0:0 | 1:2 | 0:0,15,18:30,https://s3.eu-west-1.amazonaws.com/icehl.hokejovyzapis.cz/widget/esports/match/87.json,Merkur Eisstadion
88,2025-10-29,Hydro Fehervar AV 19,Vienna Capitals,3:6,3457,8,1,2,6,31,ICEHL 2025/26,86,8,0,2,3,36,0,0,0:1 | 1:1 | 2:4 | 0:0,15,19:15,https://s3.eu-west-1.amazonaws.com/icehl.hokejovyzapis.cz/widget/esports/match/88.json,MET Aréna Székesfehérvár
89,2025-10-29,Pioneers Vorarlberg,EC Red Bull Salzburg,3:2,1573,12,0,3,2,34,ICEHL 2025/26,87,6,1,6,3,33,0,0,1:2 | 0:0 | 1:0 | 1:0,15,19:30,https://s3.eu-west-1.amazonaws.com/icehl.hokejovyzapis.cz/widget/esports/match/89.json,Vorarlberghalle
90,2025-10-29,FTC-Telekom,Olimpija Ljubljana,4:7,1288,18,1,3,7,38,ICEHL 2025/26,88,12,1,6,4,27,0,0,1:2 | 1:3 | 2:2 | 0:0,15,18:30,https://s3.eu-west-1.amazonaws.com/icehl.hokejovyzapis.cz/widget/esports/match/90.json,Tüskecsarnok
91,2025-10-29,HC TIWAG Innsbruck - Die Haie,Steinbach Black Wings Linz,2:4,2100,4,1,3,4,31,ICEHL 2025/26,89,6,0,2,2,18,0,0,1:0 | 1:0 | 0:4 | 0:0,15,19:15,https://s3.eu-west-1.amazonaws.com/icehl.hokejovyzapis.cz/widget/esports/match/91.json,TIWAG Arena
92,2025-10-29,HCB Südtirol Alperia,EC-KAC,3:5,3095,18,1,3,5,29,ICEHL 2025/26,90,8,1,8,3,43,0,0,1:2 | 0:1 | 2:2 | 0:0,15,19:45,https://s3.eu-west-1.amazonaws.com/icehl.hokejovyzapis.cz/widget/esports/match/92.json,Sparkasse Arena
93,2025-10-31,EC-KAC,HC TIWAG Innsbruck - Die Haie,5:1,3766,6,1,4,1,25,ICEHL 2025/26,91,8,1,4,5,44,0,0,1:0 | 3:1 | 1:0 | 0:0,16,19:15,https://s3.eu-west-1.amazonaws.com/icehl.hokejovyzapis.cz/widget/esports/match/93.json,Heidi Horten Arena
94,2025-10-31,EC Red Bull Salzburg,Olimpija Ljubljana,1:2,2635,12,0,3,2,25,ICEHL 2025/26,92,10,0,4,1,42,0,0,0:1 | 0:0 | 1:1 | 0:0,16,19:15,https://s3.eu-west-1.amazonaws.com/icehl.hokejovyzapis.cz/widget/esports/match/94.json,Eisarena Salzburg
95,2025-10-31,Steinbach Black Wings Linz,Vienna Capitals,4:1,4273,44,0,1,1,22,ICEHL 2025/26,93,6,0,5,4,38,0,0,1:1 | 3:0 | 0:0 | 0:0,16,19:15,https://s3.eu-west-1.amazonaws.com/icehl.hokejovyzapis.cz/widget/esports/match/95.json,Linz AG Eisarena
96,2025-10-31,FTC-Telekom,Moser Medical Graz99ers,3:4,1282,8,0,2,4,46,ICEHL 2025/26,94,6,0,3,3,18,0,0,1:0 | 0:1 | 2:2 | 0:1,16,18:30,https://s3.eu-west-1.amazonaws.com/icehl.hokejovyzapis.cz/widget/esports/match/96.json,Tüskecsarnok
97,2025-10-31,HCB Südtirol Alperia,HC Falkensteiner Pustertal,9:1,6738,37,0,5,1,24,ICEHL 2025/26,95,12,3,6,9,41,0,0,1:1 | 6:0 | 2:0 | 0:0,16,19:45,https://s3.eu-west-1.amazonaws.com/icehl.hokejovyzapis.cz/widget/esports/match/97.json,Sparkasse Arena
98,2025-11-01,Pioneers Vorarlberg,Hydro Fehervar AV 19,0:3,1453,6,1,3,3,45,ICEHL 2025/26,96,8,0,2,0,19,0,0,0:1 | 0:1 | 0:1 | 0:0,16,16:00,https://s3.eu-west-1.amazonaws.com/icehl.hokejovyzapis.cz/widget/esports/match/98.json,Vorarlberghalle
99,2025-11-01,Olimpija Ljubljana,HC TIWAG Innsbruck - Die Haie,5:6,3071,14,1,2,6,30,ICEHL 2025/26,97,4,3,7,5,54,0,0,2:0 | 1:4 | 2:1 | 0:1,17,18:00,https://s3.eu-west-1.amazonaws.com/icehl.hokejovyzapis.cz/widget/esports/match/99.json,Hala Tivoli
100,2025-11-02,Vienna Capitals,EC iDM Wärmepumpen VSV,0:3,4390,6,1,4,3,26,ICEHL 2025/26,98,10,0,2,0,22,0,0,0:0 | 0:2 | 0:1 | 0:0,17,17:30,https://s3.eu-west-1.amazonaws.com/icehl.hokejovyzapis.cz/widget/esports/match/100.json,STEFFL Arena
101,2025-11-02,Pioneers Vorarlberg,EC-KAC,2:1,2008,8,0,4,1,29,ICEHL 2025/26,99,8,0,4,2,23,0,0,0:0 | 0:1 | 1:0 | 0:0,17,16:00,https://s3.eu-west-1.amazonaws.com/icehl.hokejovyzapis.cz/widget/esports/match/101.json,Vorarlberghalle
102,2025-11-02,Steinbach Black Wings Linz,FTC-Telekom,3:1,4245,2,0,3,1,30,ICEHL 2025/26,100,6,1,1,3,24,0,0,1:1 | 1:0 | 1:0 | 0:0,17,15:30,https://s3.eu-west-1.amazonaws.com/icehl.hokejovyzapis.cz/widget/esports/match/102.json,Linz AG Eisarena
103,2025-11-02,HCB Südtirol Alperia,Moser Medical Graz99ers,3:4,3280,6,0,0,4,35,ICEHL 2025/26,101,0,0,3,3,31,0,0,0:0 | 1:3 | 2:0 | 0:0,17,18:00,https://s3.eu-west-1.amazonaws.com/icehl.hokejovyzapis.cz/widget/esports/match/103.json,Sparkasse Arena
104,2025-11-02,HC Falkensteiner Pustertal,Hydro Fehervar AV 19,4:0,2731,10,0,2,0,25,ICEHL 2025/26,102,4,2,5,4,30,0,0,1:0 | 2:0 | 1:0 | 0:0,17,18:00,https://s3.eu-west-1.amazonaws.com/icehl.hokejovyzapis.cz/widget/esports/match/104.json,Intercable Arena
105,2025-11-12,EC-KAC,Steinbach Black Wings Linz,5:3,3722,24,1,2,3,21,ICEHL 2025/26,103,4,0,6,5,28,0,0,2:1 | 3:1 | 0:1 | 0:0,18,19:15,https://s3.eu-west-1.amazonaws.com/icehl.hokejovyzapis.cz/widget/esports/match/105.json,Heidi Horten Arena
106,2025-12-12,EC iDM Wärmepumpen VSV,EC Red Bull Salzburg,3:4,3357,12,1,4,4,48,ICEHL 2025/26,104,8,1,6,3,38,0,0,1:0 | 1:2 | 1:1 | 0:1,18,19:15,https://s3.eu-west-1.amazonaws.com/icehl.hokejovyzapis.cz/widget/esports/match/106.json,Villacher Stadthalle
107,2025-11-12,Hydro Fehervar AV 19,HCB Südtirol Alperia,3:2,3039,6,0,1,2,41,ICEHL 2025/26,105,4,0,2,3,34,0,0,0:1 | 2:0 | 0:1 | 0:0,18,19:15,https://s3.eu-west-1.amazonaws.com/icehl.hokejovyzapis.cz/widget/esports/match/107.json,MET Aréna Székesfehérvár
108,2025-11-12,FTC-Telekom,Vienna Capitals,2:1,1203,4,1,4,1,25,ICEHL 2025/26,106,8,1,2,2,30,0,0,1:1 | 0:0 | 1:0 | 0:0,18,18:30,https://s3.eu-west-1.amazonaws.com/icehl.hokejovyzapis.cz/widget/esports/match/108.json,Tüskecsarnok
109,2025-11-12,HC TIWAG Innsbruck - Die Haie,Pioneers Vorarlberg,4:3,1800,8,2,4,3,29,ICEHL 2025/26,107,33,1,3,4,31,0,0,0:0 | 2:1 | 1:2 | 1:0,18,19:15,https://s3.eu-west-1.amazonaws.com/icehl.hokejovyzapis.cz/widget/esports/match/109.json,TIWAG Arena
110,2025-11-12,HC Falkensteiner Pustertal,Olimpija Ljubljana,5:3,3024,8,1,4,3,20,ICEHL 2025/26,108,6,1,4,5,29,0,0,1:2 | 3:0 | 1:1 | 0:0,18,19:45,https://s3.eu-west-1.amazonaws.com/icehl.hokejovyzapis.cz/widget/esports/match/110.json,Intercable Arena
111,2025-11-14,Moser Medical Graz99ers,EC Red Bull Salzburg,4:1,3730,16,0,3,1,28,ICEHL 2025/26,109,10,2,6,4,34,0,0,0:0 | 3:0 | 1:1 | 0:0,19,18:30,https://s3.eu-west-1.amazonaws.com/icehl.hokejovyzapis.cz/widget/esports/match/111.json,Merkur Eisstadion
112,2025-11-14,EC iDM Wärmepumpen VSV,EC-KAC,5:3,3465,25,1,5,3,30,ICEHL 2025/26,110,21,3,7,5,31,0,0,2:0 | 1:2 | 2:1 | 0:0,19,19:15,https://s3.eu-west-1.amazonaws.com/icehl.hokejovyzapis.cz/widget/esports/match/112.json,Villacher Stadthalle
113,2025-11-14,Hydro Fehervar AV 19,FTC-Telekom,5:1,5093,14,1,6,1,25,ICEHL 2025/26,111,16,1,5,5,26,0,0,2:0 | 3:1 | 0:0 | 0:0,19,19:15,https://s3.eu-west-1.amazonaws.com/icehl.hokejovyzapis.cz/widget/esports/match/113.json,MET Aréna Székesfehérvár
114,2025-11-14,Steinbach Black Wings Linz,HC Falkensteiner Pustertal,2:1,4013,10,0,2,1,25,ICEHL 2025/26,114,6,0,4,2,25,0,0,0:0 | 1:0 | 0:1 | 1:0,19,19:15,https://s3.eu-west-1.amazonaws.com/icehl.hokejovyzapis.cz/widget/esports/match/114.json,Linz AG Eisarena
115,2025-11-14,Olimpija Ljubljana,HCB Südtirol Alperia,4:1,3512,8,0,1,1,36,ICEHL 2025/26,112,2,2,4,4,35,0,0,0:0 | 2:1 | 2:0 | 0:0,19,19:15,https://s3.eu-west-1.amazonaws.com/icehl.hokejovyzapis.cz/widget/esports/match/115.json,Hala Tivoli
116,2025-11-15,Vienna Capitals,HC TIWAG Innsbruck - Die Haie,3:2,4260,26,1,3,2,17,ICEHL 2025/26,113,8,0,7,3,32,0,0,0:1 | 1:0 | 2:1 | 0:0,19,17:30,https://s3.eu-west-1.amazonaws.com/icehl.hokejovyzapis.cz/widget/esports/match/116.json,STEFFL Arena
117,2025-11-15,FTC-Telekom,HC Falkensteiner Pustertal,3:2,1315,4,0,0,2,39,ICEHL 2025/26,119,2,0,1,3,28,0,0,1:0 | 1:1 | 1:1 | 0:0,20,18:30,https://s3.eu-west-1.amazonaws.com/icehl.hokejovyzapis.cz/widget/esports/match/117.json,Tüskecsarnok
118,2025-11-16,Moser Medical Graz99ers,HC TIWAG Innsbruck - Die Haie,3:2,2804,4,0,3,2,22,ICEHL 2025/26,115,6,0,2,3,49,0,0,0:1 | 1:1 | 2:0 | 0:0,20,17:30,https://s3.eu-west-1.amazonaws.com/icehl.hokejovyzapis.cz/widget/esports/match/118.json,Merkur Eisstadion
119,2025-11-16,EC Red Bull Salzburg,Hydro Fehervar AV 19,4:1,3015,10,0,1,1,29,ICEHL 2025/26,116,4,1,5,4,44,0,0,1:0 | 1:0 | 2:1 | 0:0,20,15:00,https://s3.eu-west-1.amazonaws.com/icehl.hokejovyzapis.cz/widget/esports/match/119.json,Eisarena Salzburg
120,2025-11-16,EC iDM Wärmepumpen VSV,Vienna Capitals,3:2,3385,4,0,2,2,37,ICEHL 2025/26,117,4,0,2,3,34,0,0,0:0 | 2:1 | 1:1 | 0:0,20,17:00,https://s3.eu-west-1.amazonaws.com/icehl.hokejovyzapis.cz/widget/esports/match/120.json,Villacher Stadthalle
121,2025-11-16,Pioneers Vorarlberg,Steinbach Black Wings Linz,4:5,1673,16,0,2,5,25,ICEHL 2025/26,118,31,1,5,4,29,0,0,2:2 | 0:2 | 2:1 | 0:0,20,16:00,https://s3.eu-west-1.amazonaws.com/icehl.hokejovyzapis.cz/widget/esports/match/121.json,Vorarlberghalle
122,2025-11-16,Olimpija Ljubljana,EC-KAC,2:5,3822,8,3,5,5,29,ICEHL 2025/26,120,10,2,4,2,25,0,0,2:2 | 0:2 | 0:1 | 0:0,20,18:00,https://s3.eu-west-1.amazonaws.com/icehl.hokejovyzapis.cz/widget/esports/match/122.json,Hala Tivoli
123,2025-11-21,EC-KAC,Vienna Capitals,4:2,4027,8,1,2,2,18,ICEHL 2025/26,121,4,1,4,4,33,0,0,1:0 | 2:2 | 1:0 | 0:0,21,19:15,https://s3.eu-west-1.amazonaws.com/icehl.hokejovyzapis.cz/widget/esports/match/123.json,Heidi Horten Arena
124,2025-11-21,EC Red Bull Salzburg,Steinbach Black Wings Linz,4:0,3147,8,0,3,0,21,ICEHL 2025/26,122,8,0,3,4,23,0,0,2:0 | 1:0 | 1:0 | 0:0,21,19:15,https://s3.eu-west-1.amazonaws.com/icehl.hokejovyzapis.cz/widget/esports/match/124.json,Eisarena Salzburg
125,2025-11-21,EC iDM Wärmepumpen VSV,Olimpija Ljubljana,2:3,3436,12,0,3,3,25,ICEHL 2025/26,123,31,0,4,2,54,0,0,0:0 | 1:3 | 1:0 | 0:0,21,19:15,https://s3.eu-west-1.amazonaws.com/icehl.hokejovyzapis.cz/widget/esports/match/125.json,Villacher Stadthalle
126,2025-11-21,Hydro Fehervar AV 19,Moser Medical Graz99ers,2:1,3604,2,0,2,1,41,ICEHL 2025/26,124,4,1,1,2,18,0,0,0:0 | 2:0 | 0:1 | 0:0,21,19:15,https://s3.eu-west-1.amazonaws.com/icehl.hokejovyzapis.cz/widget/esports/match/126.json,MET Aréna Székesfehérvár
127,2025-11-21,HC TIWAG Innsbruck - Die Haie,FTC-Telekom,1:3,2000,10,0,1,3,31,ICEHL 2025/26,125,4,0,4,1,43,0,0,0:2 | 1:1 | 0:0 | 0:0,21,19:15,https://s3.eu-west-1.amazonaws.com/icehl.hokejovyzapis.cz/widget/esports/match/127.json,TIWAG Arena
128,2025-11-21,HCB Südtirol Alperia,Pioneers Vorarlberg,7:1,2380,20,0,3,1,9,ICEHL 2025/26,126,12,1,9,7,44,0,0,2:0 | 2:1 | 3:0 | 0:0,21,19:45,https://s3.eu-west-1.amazonaws.com/icehl.hokejovyzapis.cz/widget/esports/match/128.json,Sparkasse Arena
129,2025-11-22,Pioneers Vorarlberg,FTC-Telekom,1:3,1483,10,0,2,3,30,ICEHL 2025/26,127,6,0,4,1,30,0,0,0:0 | 0:0 | 1:3 | 0:0,22,19:30,https://s3.eu-west-1.amazonaws.com/icehl.hokejovyzapis.cz/widget/esports/match/129.json,Vorarlberghalle
130,2025-11-23,Moser Medical Graz99ers,HCB Südtirol Alperia,6:3,3136,22,2,5,3,38,ICEHL 2025/26,128,10,3,9,6,32,0,0,1:1 | 3:0 | 2:2 | 0:0,22,16:00,https://s3.eu-west-1.amazonaws.com/icehl.hokejovyzapis.cz/widget/esports/match/130.json,Merkur Eisstadion
131,2025-11-23,EC-KAC,EC Red Bull Salzburg,3:4,4188,12,0,2,4,32,ICEHL 2025/26,129,4,1,6,3,30,0,0,0:0 | 3:3 | 0:0 | 0:1,22,17:30,https://s3.eu-west-1.amazonaws.com/icehl.hokejovyzapis.cz/widget/esports/match/131.json,Heidi Horten Arena
132,2025-11-23,Hydro Fehervar AV 19,EC iDM Wärmepumpen VSV,1:4,3639,10,1,4,4,42,ICEHL 2025/26,130,12,0,3,1,34,0,0,1:0 | 0:3 | 0:1 | 0:0,22,18:00,https://s3.eu-west-1.amazonaws.com/icehl.hokejovyzapis.cz/widget/esports/match/132.json,MET Aréna Székesfehérvár
133,2025-11-23,Steinbach Black Wings Linz,Olimpija Ljubljana,4:2,4381,8,0,3,2,26,ICEHL 2025/26,131,8,2,3,4,20,0,0,1:0 | 2:2 | 1:0 | 0:0,22,15:30,https://s3.eu-west-1.amazonaws.com/icehl.hokejovyzapis.cz/widget/esports/match/133.json,Linz AG Eisarena
134,2025-11-23,HC Falkensteiner Pustertal,HC TIWAG Innsbruck - Die Haie,6:2,3048,8,0,3,2,23,ICEHL 2025/26,132,8,2,3,6,42,0,0,2:1 | 3:0 | 1:1 | 0:0,22,18:00,https://s3.eu-west-1.amazonaws.com/icehl.hokejovyzapis.cz/widget/esports/match/134.json,Intercable Arena
135,2025-11-26,Vienna Capitals,Hydro Fehervar AV 19,3:1,3890,6,1,4,1,29,ICEHL 2025/26,133,8,1,3,3,26,0,0,1:1 | 1:0 | 1:0 | 0:0,23,19:15,https://s3.eu-west-1.amazonaws.com/icehl.hokejovyzapis.cz/widget/esports/match/135.json,STEFFL Arena
136,2025-11-26,EC Red Bull Salzburg,Moser Medical Graz99ers,2:5,3319,6,1,2,5,31,ICEHL 2025/26,134,6,0,2,2,27,0,0,0:0 | 1:2 | 1:3 | 0:0,23,19:15,https://s3.eu-west-1.amazonaws.com/icehl.hokejovyzapis.cz/widget/esports/match/136.json,Eisarena Salzburg
137,2025-11-26,Steinbach Black Wings Linz,HCB Südtirol Alperia,3:6,3742,14,2,7,6,31,ICEHL 2025/26,135,14,1,7,3,24,0,0,2:1 | 1:3 | 0:2 | 0:0,23,19:15,https://s3.eu-west-1.amazonaws.com/icehl.hokejovyzapis.cz/widget/esports/match/137.json,Linz AG Eisarena
138,2025-11-26,Pioneers Vorarlberg,EC iDM Wärmepumpen VSV,5:4,1263,4,0,2,4,48,ICEHL 2025/26,136,4,1,2,5,26,0,0,1:1 | 3:0 | 1:3 | 0:0,23,19:30,https://s3.eu-west-1.amazonaws.com/icehl.hokejovyzapis.cz/widget/esports/match/138.json,Vorarlberghalle
139,2025-11-26,HC TIWAG Innsbruck - Die Haie,EC-KAC,9:6,1800,4,0,1,6,36,ICEHL 2025/26,137,2,1,1,9,32,0,0,2:4 | 3:0 | 4:2 | 0:0,23,19:15,https://s3.eu-west-1.amazonaws.com/icehl.hokejovyzapis.cz/widget/esports/match/139.json,TIWAG Arena
140,2025-11-26,Olimpija Ljubljana,HC Falkensteiner Pustertal,6:3,3369,6,0,3,3,36,ICEHL 2025/26,138,6,1,3,6,24,0,0,1:1 | 3:1 | 2:1 | 0:0,23,19:15,https://s3.eu-west-1.amazonaws.com/icehl.hokejovyzapis.cz/widget/esports/match/140.json,Hala Tivoli
141,2025-11-28,EC iDM Wärmepumpen VSV,Steinbach Black Wings Linz,4:5,3034,8,0,4,5,32,ICEHL 2025/26,139,8,2,4,4,35,0,0,0:2 | 3:1 | 1:1 | 0:1,24,19:15,https://s3.eu-west-1.amazonaws.com/icehl.hokejovyzapis.cz/widget/esports/match/141.json,Villacher Stadthalle
142,2025-11-28,EC-KAC,Pioneers Vorarlberg,6:2,3527,8,0,4,2,15,ICEHL 2025/26,140,8,2,4,6,29,0,0,2:1 | 2:1 | 2:0 | 0:0,24,19:15,https://s3.eu-west-1.amazonaws.com/icehl.hokejovyzapis.cz/widget/esports/match/142.json,Heidi Horten Arena
143,2025-11-28,FTC-Telekom,Hydro Fehervar AV 19,1:6,2380,8,2,4,6,20,ICEHL 2025/26,141,8,0,4,1,35,0,0,0:3 | 0:2 | 1:1 | 0:0,24,18:30,https://s3.eu-west-1.amazonaws.com/icehl.hokejovyzapis.cz/widget/esports/match/143.json,Tüskecsarnok
144,2025-11-28,HCB Südtirol Alperia,HC TIWAG Innsbruck - Die Haie,2:1,2760,28,0,2,1,19,ICEHL 2025/26,142,6,1,7,2,46,0,0,0:1 | 2:0 | 0:0 | 0:0,24,19:45,https://s3.eu-west-1.amazonaws.com/icehl.hokejovyzapis.cz/widget/esports/match/144.json,Sparkasse Arena
145,2025-11-28,HC Falkensteiner Pustertal,Vienna Capitals,2:1,2607,12,0,5,1,23,ICEHL 2025/26,143,12,0,4,2,29,0,0,1:1 | 0:0 | 0:0 | 1:0,24,19:45,https://s3.eu-west-1.amazonaws.com/icehl.hokejovyzapis.cz/widget/esports/match/145.json,Intercable Arena
146,2025-11-28,Olimpija Ljubljana,Moser Medical Graz99ers,0:1,2680,10,1,3,1,31,ICEHL 2025/26,144,8,0,4,0,27,0,0,0:0 | 0:0 | 0:1 | 0:0,24,19:15,https://s3.eu-west-1.amazonaws.com/icehl.hokejovyzapis.cz/widget/esports/match/146.json,Hala Tivoli
147,2025-11-30,HCB Südtirol Alperia,Vienna Capitals,2:0,3290,4,0,1,0,20,ICEHL 2025/26,145,4,0,1,2,28,0,0,0:0 | 1:0 | 1:0 | 0:0,25,16:00,https://s3.eu-west-1.amazonaws.com/icehl.hokejovyzapis.cz/widget/esports/match/147.json,Sparkasse Arena
148,2025-11-30,Moser Medical Graz99ers,Steinbach Black Wings Linz,3:2,3030,12,0,2,2,22,ICEHL 2025/26,146,6,1,5,3,36,0,0,2:1 | 1:1 | 0:0 | 0:0,25,17:30,https://s3.eu-west-1.amazonaws.com/icehl.hokejovyzapis.cz/widget/esports/match/148.json,Merkur Eisstadion
149,2025-11-30,EC-KAC,EC iDM Wärmepumpen VSV,4:1,4402,35,0,1,1,24,ICEHL 2025/26,147,4,0,5,4,30,0,0,0:0 | 0:1 | 4:0 | 0:0,25,17:30,https://s3.eu-west-1.amazonaws.com/icehl.hokejovyzapis.cz/widget/esports/match/149.json,Heidi Horten Arena
150,2025-11-30,HC TIWAG Innsbruck - Die Haie,EC Red Bull Salzburg,0:4,2300,8,1,2,4,34,ICEHL 2025/26,148,4,0,4,0,25,0,0,0:1 | 0:1 | 0:2 | 0:0,25,17:30,https://s3.eu-west-1.amazonaws.com/icehl.hokejovyzapis.cz/widget/esports/match/150.json,TIWAG Arena
151,2025-11-30,HC Falkensteiner Pustertal,Pioneers Vorarlberg,7:1,3104,12,0,2,1,18,ICEHL 2025/26,149,10,1,3,7,39,0,0,1:1 | 4:0 | 2:0 | 0:0,25,16:00,https://s3.eu-west-1.amazonaws.com/icehl.hokejovyzapis.cz/widget/esports/match/151.json,Intercable Arena
152,2025-11-30,Olimpija Ljubljana,FTC-Telekom,2:1,2394,4,0,4,1,29,ICEHL 2025/26,150,8,0,2,2,31,0,0,0:0 | 1:1 | 0:0 | 1:0,25,18:00,https://s3.eu-west-1.amazonaws.com/icehl.hokejovyzapis.cz/widget/esports/match/152.json,Hala Tivoli
153,2025-12-03,Moser Medical Graz99ers,Vienna Capitals,3:1,2758,4,0,2,1,22,ICEHL 2025/26,151,4,1,2,3,37,0,0,0:0 | 1:1 | 2:0 | 0:0,26,18:30,https://s3.eu-west-1.amazonaws.com/icehl.hokejovyzapis.cz/widget/esports/match/153.json,Merkur Eisstadion
154,2025-12-03,EC iDM Wärmepumpen VSV,HCB Südtirol Alperia,4:1,3041,12,0,4,1,36,ICEHL 2025/26,152,10,0,3,4,26,0,0,0:0 | 3:0 | 1:1 | 0:0,26,19:15,https://s3.eu-west-1.amazonaws.com/icehl.hokejovyzapis.cz/widget/esports/match/154.json,Villacher Stadthalle
155,2025-12-03,Hydro Fehervar AV 19,Olimpija Ljubljana,3:1,3184,10,1,1,1,23,ICEHL 2025/26,153,4,2,4,3,41,0,0,0:1 | 1:0 | 2:0 | 0:0,26,19:15,https://s3.eu-west-1.amazonaws.com/icehl.hokejovyzapis.cz/widget/esports/match/155.json,MET Aréna Székesfehérvár
156,2025-12-03,Steinbach Black Wings Linz,HC TIWAG Innsbruck - Die Haie,5:4,3511,10,1,2,4,22,ICEHL 2025/26,154,4,2,5,5,42,0,0,1:1 | 2:1 | 1:2 | 1:0,26,19:15,https://s3.eu-west-1.amazonaws.com/icehl.hokejovyzapis.cz/widget/esports/match/156.json,Linz AG Eisarena
157,2025-12-03,FTC-Telekom,EC Red Bull Salzburg,2:1,1481,6,1,1,1,24,ICEHL 2025/26,155,2,0,3,2,26,0,0,1:0 | 1:1 | 0:0 | 0:0,26,18:30,https://s3.eu-west-1.amazonaws.com/icehl.hokejovyzapis.cz/widget/esports/match/157.json,Tüskecsarnok
158,2025-12-03,HC Falkensteiner Pustertal,EC-KAC,0:4,2672,6,0,7,4,28,ICEHL 2025/26,156,14,0,3,0,24,0,0,0:3 | 0:0 | 0:1 | 0:0,26,19:45,https://s3.eu-west-1.amazonaws.com/icehl.hokejovyzapis.cz/widget/esports/match/158.json,Intercable Arena
159,2025-12-05,Vienna Capitals,HCB Südtirol Alperia,4:1,4180,14,0,1,1,30,ICEHL 2025/26,157,4,2,6,4,32,0,0,2:0 | 1:0 | 1:1 | 0:0,27,19:15,https://s3.eu-west-1.amazonaws.com/icehl.hokejovyzapis.cz/widget/esports/match/159.json,STEFFL Arena
160,2025-12-05,EC Red Bull Salzburg,EC-KAC,1:2,3224,10,1,3,2,25,ICEHL 2025/26,158,12,0,2,1,36,0,0,1:1 | 0:1 | 0:0 | 0:0,27,19:15,https://s3.eu-west-1.amazonaws.com/icehl.hokejovyzapis.cz/widget/esports/match/160.json,Eisarena Salzburg
161,2025-12-05,Steinbach Black Wings Linz,Pioneers Vorarlberg,3:5,3610,8,1,6,5,21,ICEHL 2025/26,159,12,1,4,3,31,0,0,1:2 | 1:1 | 1:2 | 0:0,27,19:15,https://s3.eu-west-1.amazonaws.com/icehl.hokejovyzapis.cz/widget/esports/match/161.json,Linz AG Eisarena
162,2025-12-05,FTC-Telekom,HC Falkensteiner Pustertal,7:3,1291,28,1,3,3,44,ICEHL 2025/26,160,8,2,8,7,33,0,0,2:0 | 3:2 | 2:1 | 0:0,27,18:30,https://s3.eu-west-1.amazonaws.com/icehl.hokejovyzapis.cz/widget/esports/match/162.json,Tüskecsarnok
163,2025-12-05,Olimpija Ljubljana,EC iDM Wärmepumpen VSV,6:3,2410,4,1,2,3,28,ICEHL 2025/26,161,4,1,2,6,30,0,0,0:0 | 4:0 | 2:3 | 0:0,27,19:15,https://s3.eu-west-1.amazonaws.com/icehl.hokejovyzapis.cz/widget/esports/match/163.json,Hala Tivoli
164,2025-12-06,HC TIWAG Innsbruck - Die Haie,Hydro Fehervar AV 19,2:4,1800,22,0,3,4,34,ICEHL 2025/26,163,14,1,8,2,40,0,0,0:1 | 2:1 | 0:2 | 0:0,27,17:30,https://s3.eu-west-1.amazonaws.com/icehl.hokejovyzapis.cz/widget/esports/match/164.json,TIWAG Arena
165,2025-12-06,Steinbach Black Wings Linz,HC Falkensteiner Pustertal,3:2,3803,14,0,3,2,33,ICEHL 2025/26,162,8,1,6,3,24,0,0,2:0 | 1:1 | 0:1 | 0:0,28,18:00,https://s3.eu-west-1.amazonaws.com/icehl.hokejovyzapis.cz/widget/esports/match/165.json,Linz AG Eisarena
166,2025-12-07,Vienna Capitals,EC Red Bull Salzburg,2:4,6510,8,1,3,4,32,ICEHL 2025/26,164,6,2,4,2,20,0,0,1:0 | 1:1 | 0:3 | 0:0,28,16:30,https://s3.eu-west-1.amazonaws.com/icehl.hokejovyzapis.cz/widget/esports/match/166.json,STEFFL Arena
167,2025-12-07,EC-KAC,Moser Medical Graz99ers,2:3,4278,8,1,4,3,38,ICEHL 2025/26,165,8,2,4,2,23,0,0,0:0 | 2:0 | 0:2 | 0:1,28,17:30,https://s3.eu-west-1.amazonaws.com/icehl.hokejovyzapis.cz/widget/esports/match/167.json,Heidi Horten Arena
168,2025-12-07,Pioneers Vorarlberg,Hydro Fehervar AV 19,4:1,1741,10,1,4,1,36,ICEHL 2025/26,166,10,0,4,4,28,0,0,0:0 | 2:1 | 2:0 | 0:0,28,16:00,https://s3.eu-west-1.amazonaws.com/icehl.hokejovyzapis.cz/widget/esports/match/168.json,Vorarlberghalle
169,2025-12-07,FTC-Telekom,HCB Südtirol Alperia,1:3,1402,2,0,3,3,39,ICEHL 2025/26,167,6,0,1,1,23,0,0,1:0 | 0:2 | 0:1 | 0:0,28,14:00,https://s3.eu-west-1.amazonaws.com/icehl.hokejovyzapis.cz/widget/esports/match/169.json,Tüskecsarnok
170,2025-12-07,HC TIWAG Innsbruck - Die Haie,Olimpija Ljubljana,1:3,1500,15,0,2,3,31,ICEHL 2025/26,168,9,1,4,1,26,0,0,0:1 | 0:1 | 1:1 | 0:0,28,17:30,https://s3.eu-west-1.amazonaws.com/icehl.hokejovyzapis.cz/widget/esports/match/170.json,TIWAG Arena
171,2025-12-17,Moser Medical Graz99ers,Olimpija Ljubljana,2:3,3000,20,1,6,3,33,ICEHL 2025/26,169,14,0,3,2,43,0,0,0:1 | 0:0 | 2:1 | 0:0,29,18:30,https://s3.eu-west-1.amazonaws.com/icehl.hokejovyzapis.cz/widget/esports/match/171.json,Merkur Eisstadion
172,2025-12-17,Vienna Capitals,FTC-Telekom,4:3,4380,6,2,7,3,28,ICEHL 2025/26,170,59,1,2,4,33,0,0,1:0 | 1:0 | 2:3 | 0:0,29,19:15,https://s3.eu-west-1.amazonaws.com/icehl.hokejovyzapis.cz/widget/esports/match/172.json,STEFFL Arena
173,2025-12-17,EC Red Bull Salzburg,Pioneers Vorarlberg,7:0,2526,14,0,2,0,16,ICEHL 2025/26,171,6,0,7,7,47,0,0,3:0 | 4:0 | 0:0 | 0:0,29,19:15,https://s3.eu-west-1.amazonaws.com/icehl.hokejovyzapis.cz/widget/esports/match/173.json,Eisarena Salzburg
174,2025-12-17,Hydro Fehervar AV 19,EC-KAC,3:6,3358,6,0,1,6,36,ICEHL 2025/26,172,2,1,3,3,39,0,0,2:2 | 1:2 | 0:2 | 0:0,29,19:15,https://s3.eu-west-1.amazonaws.com/icehl.hokejovyzapis.cz/widget/esports/match/174.json,MET Aréna Székesfehérvár
175,2025-12-17,HCB Südtirol Alperia,Steinbach Black Wings Linz,7:4,2340,6,1,3,4,25,ICEHL 2025/26,173,6,1,3,7,34,0,0,2:3 | 3:0 | 2:1 | 0:0,29,19:45,https://s3.eu-west-1.amazonaws.com/icehl.hokejovyzapis.cz/widget/esports/match/175.json,Sparkasse Arena
176,2025-12-17,HC Falkensteiner Pustertal,HC TIWAG Innsbruck - Die Haie,7:2,2117,4,1,2,2,21,ICEHL 2025/26,174,4,2,2,7,37,0,0,3:0 | 3:1 | 1:1 | 0:0,29,19:45,https://s3.eu-west-1.amazonaws.com/icehl.hokejovyzapis.cz/widget/esports/match/176.json,Intercable Arena
177,2025-12-19,Moser Medical Graz99ers,Hydro Fehervar AV 19,4:2,3025,8,1,4,2,20,ICEHL 2025/26,175,8,1,4,4,45,0,0,0:0 | 2:1 | 2:1 | 0:0,30,18:30,https://s3.eu-west-1.amazonaws.com/icehl.hokejovyzapis.cz/widget/esports/match/177.json,Merkur Eisstadion
178,2025-12-19,EC-KAC,Pioneers Vorarlberg,5:2,3734,8,0,1,2,25,ICEHL 2025/26,176,2,1,3,5,31,0,0,1:0 | 2:0 | 2:2 | 0:0,30,19:15,https://s3.eu-west-1.amazonaws.com/icehl.hokejovyzapis.cz/widget/esports/match/178.json,Heidi Horten Arena
179,2025-12-19,EC iDM Wärmepumpen VSV,FTC-Telekom,4:5,3276,13,1,1,5,25,ICEHL 2025/26,177,7,0,3,4,35,0,0,1:0 | 3:4 | 0:1 | 0:0,30,19:15,https://s3.eu-west-1.amazonaws.com/icehl.hokejovyzapis.cz/widget/esports/match/179.json,Villacher Stadthalle
180,2025-12-19,Steinbach Black Wings Linz,EC Red Bull Salzburg,2:3,4663,4,0,2,3,19,ICEHL 2025/26,178,4,0,2,2,24,0,0,0:0 | 1:1 | 1:2 | 0:0,30,19:15,https://s3.eu-west-1.amazonaws.com/icehl.hokejovyzapis.cz/widget/esports/match/180.json,Linz AG Eisarena
181,2025-12-19,Olimpija Ljubljana,HC Falkensteiner Pustertal,1:4,2876,8,0,3,4,34,ICEHL 2025/26,179,6,0,4,1,21,0,0,0:3 | 0:0 | 1:1 | 0:0,30,19:15,https://s3.eu-west-1.amazonaws.com/icehl.hokejovyzapis.cz/widget/esports/match/181.json,Hala Tivoli
182,2025-12-20,HCB Südtirol Alperia,Vienna Capitals,2:5,2590,2,0,0,5,23,ICEHL 2025/26,180,0,1,1,2,44,0,0,1:1 | 1:1 | 0:3 | 0:0,30,19:45,https://s3.eu-west-1.amazonaws.com/icehl.hokejovyzapis.cz/widget/esports/match/182.json,Sparkasse Arena
183,2025-12-21,EC Red Bull Salzburg,Moser Medical Graz99ers,3:0,3400,15,0,3,0,27,ICEHL 2025/26,181,13,0,4,3,23,0,0,0:0 | 0:0 | 3:0 | 0:0,31,15:00,https://s3.eu-west-1.amazonaws.com/icehl.hokejovyzapis.cz/widget/esports/match/183.json,Eisarena Salzburg
184,2025-12-21,Hydro Fehervar AV 19,Steinbach Black Wings Linz,4:2,4431,10,0,3,2,32,ICEHL 2025/26,182,6,1,5,4,26,0,0,2:0 | 0:2 | 2:0 | 0:0,31,16:00,https://s3.eu-west-1.amazonaws.com/icehl.hokejovyzapis.cz/widget/esports/match/184.json,MET Aréna Székesfehérvár
185,2025-12-21,Pioneers Vorarlberg,Olimpija Ljubljana,5:2,1587,14,0,0,2,24,ICEHL 2025/26,183,2,0,6,5,25,0,0,1:2 | 2:0 | 2:0 | 0:0,31,16:00,https://s3.eu-west-1.amazonaws.com/icehl.hokejovyzapis.cz/widget/esports/match/185.json,Vorarlberghalle
186,2025-12-21,FTC-Telekom,EC-KAC,0:5,1601,10,2,6,5,40,ICEHL 2025/26,184,14,0,4,0,22,0,0,0:3 | 0:1 | 0:1 | 0:0,31,17:00,https://s3.eu-west-1.amazonaws.com/icehl.hokejovyzapis.cz/widget/esports/match/186.json,Tüskecsarnok
187,2025-12-21,HC TIWAG Innsbruck - Die Haie,EC iDM Wärmepumpen VSV,5:2,2200,4,0,0,2,29,ICEHL 2025/26,185,0,0,2,5,35,0,0,1:1 | 2:1 | 2:0 | 0:0,31,17:30,https://s3.eu-west-1.amazonaws.com/icehl.hokejovyzapis.cz/widget/esports/match/187.json,TIWAG Arena
188,2025-12-21,HC Falkensteiner Pustertal,Vienna Capitals,2:3,3104,9,1,3,3,25,ICEHL 2025/26,186,11,0,2,2,38,0,0,0:0 | 0:1 | 2:2 | 0:0,31,18:00,https://s3.eu-west-1.amazonaws.com/icehl.hokejovyzapis.cz/widget/esports/match/188.json,Intercable Arena
189,2025-12-26,Moser Medical Graz99ers,Steinbach Black Wings Linz,4:3,4126,4,2,5,3,31,ICEHL 2025/26,187,10,0,2,4,26,0,0,2:1 | 1:1 | 0:1 | 1:0,32,17:30,https://s3.eu-west-1.amazonaws.com/icehl.hokejovyzapis.cz/widget/esports/match/189.json,Merkur Eisstadion
190,2025-12-27,EC-KAC,EC iDM Wärmepumpen VSV,5:2,4402,6,1,3,2,18,ICEHL 2025/26,188,6,1,3,5,30,0,0,2:0 | 1:1 | 2:1 | 0:0,32,14:30,https://s3.eu-west-1.amazonaws.com/icehl.hokejovyzapis.cz/widget/esports/match/190.json,Heidi Horten Arena
191,2025-12-26,Hydro Fehervar AV 19,Vienna Capitals,2:1,5028,5,0,2,1,35,ICEHL 2025/26,189,9,0,0,2,29,0,0,0:0 | 2:0 | 0:1 | 0:0,32,17:30,https://s3.eu-west-1.amazonaws.com/icehl.hokejovyzapis.cz/widget/esports/match/191.json,MET Aréna Székesfehérvár
192,2025-12-26,Pioneers Vorarlberg,EC Red Bull Salzburg,3:4,1944,6,0,1,4,33,ICEHL 2025/26,190,2,1,3,3,20,0,0,1:0 | 1:2 | 1:1 | 0:1,32,18:00,https://s3.eu-west-1.amazonaws.com/icehl.hokejovyzapis.cz/widget/esports/match/192.json,Vorarlberghalle
193,2025-12-26,HC TIWAG Innsbruck - Die Haie,HC Falkensteiner Pustertal,1:7,2200,12,2,3,7,44,ICEHL 2025/26,191,8,0,5,1,29,0,0,0:1 | 0:5 | 1:1 | 0:0,32,17:30,https://s3.eu-west-1.amazonaws.com/icehl.hokejovyzapis.cz/widget/esports/match/193.json,TIWAG Arena
194,2025-12-26,HCB Südtirol Alperia,Olimpija Ljubljana,4:1,3201,14,0,3,1,21,ICEHL 2025/26,192,6,2,6,4,34,0,0,1:0 | 1:0 | 2:1 | 0:0,32,19:45,https://s3.eu-west-1.amazonaws.com/icehl.hokejovyzapis.cz/widget/esports/match/194.json,Sparkasse Arena
195,2025-12-28,Moser Medical Graz99ers,HC Falkensteiner Pustertal,4:1,4126,46,0,2,1,23,ICEHL 2025/26,193,4,1,8,4,43,0,0,2:1 | 1:0 | 1:0 | 0:0,33,17:30,https://s3.eu-west-1.amazonaws.com/icehl.hokejovyzapis.cz/widget/esports/match/195.json,Merkur Eisstadion
196,2025-12-28,Vienna Capitals,EC-KAC,1:3,7022,6,0,2,3,26,ICEHL 2025/26,194,6,1,2,1,35,0,0,0:1 | 1:2 | 0:0 | 0:0,33,17:30,https://s3.eu-west-1.amazonaws.com/icehl.hokejovyzapis.cz/widget/esports/match/196.json,STEFFL Arena
197,2025-12-28,EC Red Bull Salzburg,FTC-Telekom,5:1,3311,6,1,3,1,19,ICEHL 2025/26,195,6,0,3,5,35,0,0,1:1 | 3:0 | 1:0 | 0:0,33,16:30,https://s3.eu-west-1.amazonaws.com/icehl.hokejovyzapis.cz/widget/esports/match/197.json,Eisarena Salzburg
198,2025-12-28,EC iDM Wärmepumpen VSV,HCB Südtirol Alperia,1:4,3422,10,0,2,4,39,ICEHL 2025/26,196,29,1,4,1,35,0,0,0:0 | 1:1 | 0:3 | 0:0,33,17:00,https://s3.eu-west-1.amazonaws.com/icehl.hokejovyzapis.cz/widget/esports/match/198.json,Villacher Stadthalle
199,2025-12-28,Steinbach Black Wings Linz,HC TIWAG Innsbruck - Die Haie,4:1,4865,8,0,5,1,35,ICEHL 2025/26,197,12,0,2,4,26,0,0,1:0 | 0:1 | 3:0 | 0:0,33,15:30,https://s3.eu-west-1.amazonaws.com/icehl.hokejovyzapis.cz/widget/esports/match/199.json,Linz AG Eisarena
200,2025-12-28,Olimpija Ljubljana,Hydro Fehervar AV 19,5:0,3432,8,0,5,0,21,ICEHL 2025/26,198,10,0,3,5,55,0,0,2:0 | 2:0 | 1:0 | 0:0,33,17:00,https://s3.eu-west-1.amazonaws.com/icehl.hokejovyzapis.cz/widget/esports/match/200.json,Hala Tivoli
201,2025-12-30,EC iDM Wärmepumpen VSV,Moser Medical Graz99ers,1:4,3465,8,0,4,4,35,ICEHL 2025/26,199,8,1,4,1,30,0,0,0:2 | 1:0 | 0:2 | 0:0,34,19:15,https://s3.eu-west-1.amazonaws.com/icehl.hokejovyzapis.cz/widget/esports/match/201.json,Villacher Stadthalle
202,2025-12-30,Steinbach Black Wings Linz,Hydro Fehervar AV 19,7:0,4205,6,0,3,0,19,ICEHL 2025/26,200,10,1,1,7,41,0,0,2:0 | 3:0 | 2:0 | 0:0,34,19:15,https://s3.eu-west-1.amazonaws.com/icehl.hokejovyzapis.cz/widget/esports/match/202.json,Linz AG Eisarena
203,2025-12-30,FTC-Telekom,Vienna Capitals,2:3,1818,10,0,2,3,42,ICEHL 2025/26,201,6,0,4,2,32,0,0,0:0 | 2:1 | 0:1 | 0:1,34,18:30,https://s3.eu-west-1.amazonaws.com/icehl.hokejovyzapis.cz/widget/esports/match/203.json,Tüskecsarnok
204,2025-12-30,HC TIWAG Innsbruck - Die Haie,EC Red Bull Salzburg,0:4,2300,2,0,3,4,43,ICEHL 2025/26,202,6,0,1,0,22,0,0,0:1 | 0:1 | 0:2 | 0:0,34,19:30,https://s3.eu-west-1.amazonaws.com/icehl.hokejovyzapis.cz/widget/esports/match/204.json,TIWAG Arena
205,2025-12-30,HCB Südtirol Alperia,Pioneers Vorarlberg,5:0,2901,10,0,3,0,17,ICEHL 2025/26,203,6,1,5,5,40,0,0,0:0 | 5:0 | 0:0 | 0:0,34,19:45,https://s3.eu-west-1.amazonaws.com/icehl.hokejovyzapis.cz/widget/esports/match/205.json,Sparkasse Arena
206,2025-12-30,Olimpija Ljubljana,EC-KAC,3:2,3921,4,0,2,2,31,ICEHL 2025/26,204,6,0,1,3,34,0,0,0:1 | 3:1 | 0:0 | 0:0,34,19:15,https://s3.eu-west-1.amazonaws.com/icehl.hokejovyzapis.cz/widget/esports/match/206.json,Hala Tivoli
207,2026-01-01,Moser Medical Graz99ers,FTC-Telekom,6:1,3899,12,0,2,1,20,ICEHL 2025/26,205,6,3,5,6,57,0,0,1:1 | 3:0 | 2:0 | 0:0,35,17:30,https://s3.eu-west-1.amazonaws.com/icehl.hokejovyzapis.cz/widget/esports/match/207.json,Merkur Eisstadion
208,2026-01-01,Vienna Capitals,Olimpija Ljubljana,3:2,5090,4,1,2,2,29,ICEHL 2025/26,206,6,1,1,3,22,0,0,1:0 | 2:2 | 0:0 | 0:0,35,17:30,https://s3.eu-west-1.amazonaws.com/icehl.hokejovyzapis.cz/widget/esports/match/208.json,STEFFL Arena
209,2026-01-01,EC-KAC,HCB Südtirol Alperia,1:2,4230,8,0,6,2,42,ICEHL 2025/26,207,12,0,4,1,23,0,0,0:0 | 1:1 | 0:0 | 0:1,35,19:15,https://s3.eu-west-1.amazonaws.com/icehl.hokejovyzapis.cz/widget/esports/match/209.json,Heidi Horten Arena
210,2026-01-01,EC Red Bull Salzburg,Steinbach Black Wings Linz,5:1,3400,6,0,1,1,26,ICEHL 2025/26,208,4,0,2,5,40,0,0,3:1 | 2:0 | 0:0 | 0:0,35,16:30,https://s3.eu-west-1.amazonaws.com/icehl.hokejovyzapis.cz/widget/esports/match/210.json,Eisarena Salzburg
211,2026-01-01,EC iDM Wärmepumpen VSV,HC TIWAG Innsbruck - Die Haie,6:2,3328,6,1,2,2,27,ICEHL 2025/26,209,18,2,3,6,57,0,0,0:1 | 2:0 | 4:1 | 0:0,35,17:00,https://s3.eu-west-1.amazonaws.com/icehl.hokejovyzapis.cz/widget/esports/match/211.json,Villacher Stadthalle
212,2026-01-01,HC Falkensteiner Pustertal,Pioneers Vorarlberg,5:6,3104,8,1,4,6,20,ICEHL 2025/26,210,8,1,3,5,36,0,0,2:0 | 1:3 | 2:2 | 0:0,35,18:00,https://s3.eu-west-1.amazonaws.com/icehl.hokejovyzapis.cz/widget/esports/match/212.json,Intercable Arena
213,2026-01-03,EC Red Bull Salzburg,Vienna Capitals,6:1,3400,8,1,1,1,16,ICEHL 2025/26,211,2,2,4,6,40,0,0,2:1 | 2:0 | 2:0 | 0:0,36,19:15,https://s3.eu-west-1.amazonaws.com/icehl.hokejovyzapis.cz/widget/esports/match/213.json,Eisarena Salzburg
214,2026-01-03,Steinbach Black Wings Linz,EC iDM Wärmepumpen VSV,3:0,4295,4,0,1,0,27,ICEHL 2025/26,212,2,1,2,3,28,0,0,0:0 | 1:0 | 2:0 | 0:0,36,16:30,https://s3.eu-west-1.amazonaws.com/icehl.hokejovyzapis.cz/widget/esports/match/214.json,Linz AG Eisarena
215,2026-01-03,FTC-Telekom,Hydro Fehervar AV 19,3:6,2400,8,1,2,6,34,ICEHL 2025/26,213,4,0,4,3,33,0,0,1:2 | 2:2 | 0:2 | 0:0,36,18:30,https://s3.eu-west-1.amazonaws.com/icehl.hokejovyzapis.cz/widget/esports/match/215.json,Tüskecsarnok
216,2026-01-03,HC TIWAG Innsbruck - Die Haie,EC-KAC,1:4,2600,2,0,2,4,38,ICEHL 2025/26,214,4,0,1,1,30,0,0,1:1 | 0:2 | 0:1 | 0:0,36,17:30,https://s3.eu-west-1.amazonaws.com/icehl.hokejovyzapis.cz/widget/esports/match/216.json,TIWAG Arena
217,2026-01-03,HC Falkensteiner Pustertal,HCB Südtirol Alperia,3:5,3104,4,2,2,5,28,ICEHL 2025/26,215,4,0,2,3,27,0,0,0:0 | 2:2 | 1:3 | 0:0,36,19:45,https://s3.eu-west-1.amazonaws.com/icehl.hokejovyzapis.cz/widget/esports/match/217.json,Intercable Arena
218,2026-01-03,Olimpija Ljubljana,Moser Medical Graz99ers,0:2,2742,8,0,1,2,26,ICEHL 2025/26,216,2,0,4,0,33,0,0,0:1 | 0:0 | 0:1 | 0:0,36,18:00,https://s3.eu-west-1.amazonaws.com/icehl.hokejovyzapis.cz/widget/esports/match/218.json,Hala Tivoli
219,2026-01-05,Vienna Capitals,EC iDM Wärmepumpen VSV,5:2,6040,4,0,1,2,33,ICEHL 2025/26,217,4,0,1,5,18,0,0,1:0 | 1:2 | 3:0 | 0:0,37,19:15,https://s3.eu-west-1.amazonaws.com/icehl.hokejovyzapis.cz/widget/esports/match/219.json,STEFFL Arena
220,2026-01-05,EC-KAC,HC Falkensteiner Pustertal,3:2,4239,10,0,1,2,27,ICEHL 2025/26,218,4,0,4,3,24,0,0,2:1 | 1:0 | 0:1 | 0:0,37,19:15,https://s3.eu-west-1.amazonaws.com/icehl.hokejovyzapis.cz/widget/esports/match/220.json,Heidi Horten Arena
221,2026-01-05,Hydro Fehervar AV 19,Moser Medical Graz99ers,5:2,3165,29,2,2,2,39,ICEHL 2025/26,219,4,2,3,5,32,0,0,1:0 | 1:1 | 3:1 | 0:0,37,19:15,https://s3.eu-west-1.amazonaws.com/icehl.hokejovyzapis.cz/widget/esports/match/221.json,MET Aréna Székesfehérvár
222,2026-01-05,Pioneers Vorarlberg,HC TIWAG Innsbruck - Die Haie,6:4,1912,14,1,4,4,36,ICEHL 2025/26,220,18,0,3,6,31,0,0,3:2 | 2:0 | 1:2 | 0:0,37,19:30,https://s3.eu-west-1.amazonaws.com/icehl.hokejovyzapis.cz/widget/esports/match/222.json,Vorarlberghalle
223,2026-01-05,HCB Südtirol Alperia,EC Red Bull Salzburg,1:2,4960,37,0,3,2,25,ICEHL 2025/26,221,11,1,7,1,33,0,0,1:1 | 0:0 | 0:0 | 0:0,37,19:45,https://s3.eu-west-1.amazonaws.com/icehl.hokejovyzapis.cz/widget/esports/match/223.json,Sparkasse Arena
224,2026-01-05,Olimpija Ljubljana,FTC-Telekom,5:1,1354,8,0,5,1,19,ICEHL 2025/26,222,10,1,4,5,42,0,0,3:0 | 2:0 | 0:1 | 0:0,37,19:15,https://s3.eu-west-1.amazonaws.com/icehl.hokejovyzapis.cz/widget/esports/match/224.json,Hala Tivoli
225,2026-01-09,Moser Medical Graz99ers,HCB Südtirol Alperia,3:2,3757,14,0,2,2,30,ICEHL 2025/26,223,6,1,6,3,53,0,0,1:0 | 1:2 | 0:0 | 1:0,38,18:30,https://s3.eu-west-1.amazonaws.com/icehl.hokejovyzapis.cz/widget/esports/match/225.json,Merkur Eisstadion
226,2026-01-09,Vienna Capitals,Steinbach Black Wings Linz,2:3,6210,8,0,2,3,33,ICEHL 2025/26,224,6,0,3,2,21,0,0,0:2 | 2:0 | 0:0 | 0:1,38,19:15,https://s3.eu-west-1.amazonaws.com/icehl.hokejovyzapis.cz/widget/esports/match/226.json,STEFFL Arena
227,2026-01-09,EC Red Bull Salzburg,Olimpija Ljubljana,5:1,3205,6,1,3,1,17,ICEHL 2025/26,225,6,1,3,5,39,0,0,1:1 | 2:0 | 2:0 | 0:0,38,19:15,https://s3.eu-west-1.amazonaws.com/icehl.hokejovyzapis.cz/widget/esports/match/227.json,Eisarena Salzburg
228,2026-01-09,EC iDM Wärmepumpen VSV,EC-KAC,2:3,3465,20,1,4,3,34,ICEHL 2025/26,226,10,1,4,2,45,0,0,0:0 | 1:0 | 1:3 | 0:0,38,19:15,https://s3.eu-west-1.amazonaws.com/icehl.hokejovyzapis.cz/widget/esports/match/228.json,Villacher Stadthalle
229,2026-01-09,Hydro Fehervar AV 19,HC TIWAG Innsbruck - Die Haie,4:2,3426,4,1,3,2,36,ICEHL 2025/26,227,6,0,2,4,44,0,0,0:0 | 1:1 | 3:1 | 0:0,38,19:15,https://s3.eu-west-1.amazonaws.com/icehl.hokejovyzapis.cz/widget/esports/match/229.json,MET Aréna Székesfehérvár
230,2026-01-09,FTC-Telekom,Pioneers Vorarlberg,5:4,1295,10,0,4,4,31,ICEHL 2025/26,228,12,0,3,5,25,0,0,5:1 | 0:2 | 0:1 | 0:0,38,18:30,https://s3.eu-west-1.amazonaws.com/icehl.hokejovyzapis.cz/widget/esports/match/230.json,Tüskecsarnok
231,2026-01-10,Hydro Fehervar AV 19,Pioneers Vorarlberg,2:3,3890,6,0,1,3,33,ICEHL 2025/26,229,2,0,3,2,39,0,0,0:1 | 2:1 | 0:0 | 0:0,39,17:30,https://s3.eu-west-1.amazonaws.com/icehl.hokejovyzapis.cz/widget/esports/match/231.json,MET Aréna Székesfehérvár
232,2026-01-10,FTC-Telekom,HC TIWAG Innsbruck - Die Haie,6:3,1397,4,0,3,3,41,ICEHL 2025/26,230,29,1,2,6,34,0,0,3:1 | 3:0 | 0:2 | 0:0,39,18:30,https://s3.eu-west-1.amazonaws.com/icehl.hokejovyzapis.cz/widget/esports/match/232.json,Tüskecsarnok
233,2026-01-11,Moser Medical Graz99ers,Vienna Capitals,4:0,3807,10,0,1,0,14,ICEHL 2025/26,231,4,2,4,4,40,0,0,1:0 | 2:0 | 1:0 | 0:0,39,17:30,https://s3.eu-west-1.amazonaws.com/icehl.hokejovyzapis.cz/widget/esports/match/233.json,Merkur Eisstadion
234,2026-01-11,HCB Südtirol Alperia,EC iDM Wärmepumpen VSV,4:5,3912,8,1,1,5,20,ICEHL 2025/26,232,2,2,4,4,46,0,0,0:1 | 3:1 | 1:2 | 0:1,39,16:00,https://s3.eu-west-1.amazonaws.com/icehl.hokejovyzapis.cz/widget/esports/match/234.json,Sparkasse Arena
235,2026-01-11,HC Falkensteiner Pustertal,EC Red Bull Salzburg,4:1,3104,22,0,0,1,37,ICEHL 2025/26,233,2,3,5,4,24,0,0,2:1 | 0:0 | 2:0 | 0:0,39,18:00,https://s3.eu-west-1.amazonaws.com/icehl.hokejovyzapis.cz/widget/esports/match/235.json,Intercable Arena
236,2026-01-11,Olimpija Ljubljana,Steinbach Black Wings Linz,4:1,2317,10,0,3,1,19,ICEHL 2025/26,234,8,0,4,4,42,0,0,2:0 | 0:0 | 2:1 | 0:0,39,16:00,https://s3.eu-west-1.amazonaws.com/icehl.hokejovyzapis.cz/widget/esports/match/236.json,Hala Tivoli
237,2026-01-14,Hydro Fehervar AV 19,HCB Südtirol Alperia,3:4,3160,8,0,1,4,42,ICEHL 2025/26,269,2,0,4,3,31,0,0,0:1 | 2:0 | 1:3 | 0:0,45,19:15,https://s3.eu-west-1.amazonaws.com/icehl.hokejovyzapis.cz/widget/esports/match/237.json,MET Aréna Székesfehérvár
238,2026-01-14,Steinbach Black Wings Linz,FTC-Telekom,5:1,3633,6,0,1,1,16,ICEHL 2025/26,235,2,1,3,5,39,0,0,3:1 | 1:0 | 1:0 | 0:0,45,19:15,https://s3.eu-west-1.amazonaws.com/icehl.hokejovyzapis.cz/widget/esports/match/238.json,Linz AG Eisarena
239,2026-01-16,EC-KAC,Hydro Fehervar AV 19,3:2,4005,4,0,2,2,41,ICEHL 2025/26,236,6,1,1,3,24,0,0,2:0 | 0:2 | 0:0 | 1:0,40,19:15,https://s3.eu-west-1.amazonaws.com/icehl.hokejovyzapis.cz/widget/esports/match/239.json,Heidi Horten Arena
240,2026-01-16,EC iDM Wärmepumpen VSV,EC Red Bull Salzburg,2:5,3324,17,0,1,5,37,ICEHL 2025/26,237,11,2,4,2,34,0,0,0:3 | 1:0 | 1:2 | 0:0,40,19:15,https://s3.eu-west-1.amazonaws.com/icehl.hokejovyzapis.cz/widget/esports/match/240.json,Villacher Stadthalle
241,2026-01-16,Pioneers Vorarlberg,Vienna Capitals,4:0,1681,6,0,4,0,32,ICEHL 2025/26,238,10,0,2,4,23,0,0,3:0 | 0:0 | 1:0 | 0:0,40,19:30,https://s3.eu-west-1.amazonaws.com/icehl.hokejovyzapis.cz/widget/esports/match/241.json,Vorarlberghalle
242,2026-01-16,HC TIWAG Innsbruck - Die Haie,Moser Medical Graz99ers,3:2,1800,6,1,1,2,52,ICEHL 2025/26,239,4,0,2,3,22,0,0,0:0 | 1:2 | 2:0 | 0:0,40,19:15,https://s3.eu-west-1.amazonaws.com/icehl.hokejovyzapis.cz/widget/esports/match/242.json,TIWAG Arena
243,2026-01-16,HC Falkensteiner Pustertal,Steinbach Black Wings Linz,3:1,2578,4,1,3,1,21,ICEHL 2025/26,240,6,1,2,3,22,0,0,0:1 | 2:0 | 1:0 | 0:0,40,19:45,https://s3.eu-west-1.amazonaws.com/icehl.hokejovyzapis.cz/widget/esports/match/243.json,Intercable Arena
244,2026-01-16,HCB Südtirol Alperia,FTC-Telekom,3:2,3290,10,0,1,2,23,ICEHL 2025/26,243,4,1,5,3,67,0,0,2:1 | 0:0 | 1:1 | 0:0,40,19:45,https://s3.eu-west-1.amazonaws.com/icehl.hokejovyzapis.cz/widget/esports/match/244.json,Sparkasse Arena
245,2026-01-17,Pioneers Vorarlberg,Moser Medical Graz99ers,0:4,1811,8,0,4,4,34,ICEHL 2025/26,241,10,0,3,0,22,0,0,0:1 | 0:2 | 0:1 | 0:0,41,19:30,https://s3.eu-west-1.amazonaws.com/icehl.hokejovyzapis.cz/widget/esports/match/245.json,Vorarlberghalle
246,2026-01-17,HC TIWAG Innsbruck - Die Haie,Vienna Capitals,2:5,1700,8,0,3,5,44,ICEHL 2025/26,242,6,2,4,2,27,0,0,0:2 | 1:2 | 1:1 | 0:0,41,17:30,https://s3.eu-west-1.amazonaws.com/icehl.hokejovyzapis.cz/widget/esports/match/246.json,TIWAG Arena
247,2026-01-17,EC iDM Wärmepumpen VSV,Hydro Fehervar AV 19,3:2,3135,6,0,2,2,31,ICEHL 2025/26,245,4,0,3,3,50,0,0,1:0 | 1:1 | 0:1 | 1:0,41,19:15,https://s3.eu-west-1.amazonaws.com/icehl.hokejovyzapis.cz/widget/esports/match/247.json,Villacher Stadthalle
248,2026-01-18,EC Red Bull Salzburg,HCB Südtirol Alperia,7:4,3284,22,1,5,4,32,ICEHL 2025/26,244,12,2,5,7,33,0,0,1:1 | 4:2 | 2:1 | 0:0,41,16:30,https://s3.eu-west-1.amazonaws.com/icehl.hokejovyzapis.cz/widget/esports/match/248.json,Eisarena Salzburg
249,2026-01-18,Steinbach Black Wings Linz,EC-KAC,3:5,4448,6,1,2,5,20,ICEHL 2025/26,246,4,1,3,3,34,0,0,1:0 | 2:3 | 0:2 | 0:0,41,17:30,https://s3.eu-west-1.amazonaws.com/icehl.hokejovyzapis.cz/widget/esports/match/249.json,Linz AG Eisarena
250,2026-01-18,HC Falkensteiner Pustertal,FTC-Telekom,5:1,3104,8,0,3,1,23,ICEHL 2025/26,247,8,2,2,5,39,0,0,1:0 | 1:1 | 3:0 | 0:0,41,16:00,https://s3.eu-west-1.amazonaws.com/icehl.hokejovyzapis.cz/widget/esports/match/250.json,Intercable Arena
251,2026-01-21,FTC-Telekom,EC Red Bull Salzburg,4:2,1505,6,0,3,2,42,ICEHL 2025/26,248,6,0,3,4,25,0,0,1:1 | 2:0 | 1:1 | 0:0,46,18:30,https://s3.eu-west-1.amazonaws.com/icehl.hokejovyzapis.cz/widget/esports/match/251.json,Tüskecsarnok
252,2026-01-21,HC TIWAG Innsbruck - Die Haie,HCB Südtirol Alperia,4:5,1800,12,0,1,5,49,ICEHL 2025/26,280,6,2,4,4,30,0,0,1:1 | 0:2 | 3:1 | 0:1,47,19:15,https://s3.eu-west-1.amazonaws.com/icehl.hokejovyzapis.cz/widget/esports/match/252.json,TIWAG Arena
253,2026-01-21,HC Falkensteiner Pustertal,EC-KAC,3:2,2527,8,1,4,2,24,ICEHL 2025/26,281,10,0,3,3,28,0,0,1:0 | 0:1 | 2:1 | 0:0,47,19:45,https://s3.eu-west-1.amazonaws.com/icehl.hokejovyzapis.cz/widget/esports/match/253.json,Intercable Arena
254,2026-01-23,Moser Medical Graz99ers,EC Red Bull Salzburg,2:4,4126,63,1,8,4,31,ICEHL 2025/26,249,65,1,5,2,33,0,0,0:0 | 2:1 | 0:3 | 0:0,42,18:30,https://s3.eu-west-1.amazonaws.com/icehl.hokejovyzapis.cz/widget/esports/match/254.json,Merkur Eisstadion
255,2026-01-23,Vienna Capitals,HC Falkensteiner Pustertal,4:3,5640,16,0,0,3,22,ICEHL 2025/26,250,12,1,2,4,32,0,0,2:1 | 1:0 | 1:2 | 0:0,42,19:15,https://s3.eu-west-1.amazonaws.com/icehl.hokejovyzapis.cz/widget/esports/match/255.json,STEFFL Arena
256,2026-01-23,EC iDM Wärmepumpen VSV,Steinbach Black Wings Linz,6:2,3328,31,0,2,2,43,ICEHL 2025/26,251,6,2,4,6,38,0,0,3:1 | 0:0 | 3:1 | 0:0,42,19:15,https://s3.eu-west-1.amazonaws.com/icehl.hokejovyzapis.cz/widget/esports/match/256.json,Villacher Stadthalle
257,2026-01-23,Hydro Fehervar AV 19,Olimpija Ljubljana,3:4,3525,10,1,2,4,36,ICEHL 2025/26,252,8,1,3,3,36,0,0,1:3 | 0:1 | 2:0 | 0:0,42,19:15,https://s3.eu-west-1.amazonaws.com/icehl.hokejovyzapis.cz/widget/esports/match/257.json,MET Aréna Székesfehérvár
258,2026-01-23,Pioneers Vorarlberg,EC-KAC,4:5,1585,8,0,5,5,30,ICEHL 2025/26,253,12,1,4,4,26,0,0,1:1 | 2:1 | 1:3 | 0:0,42,19:30,https://s3.eu-west-1.amazonaws.com/icehl.hokejovyzapis.cz/widget/esports/match/258.json,Vorarlberghalle
259,2026-01-23,HCB Südtirol Alperia,HC TIWAG Innsbruck - Die Haie,5:0,3310,10,0,3,0,27,ICEHL 2025/26,254,8,0,2,5,49,0,0,1:0 | 3:0 | 1:0 | 0:0,42,19:45,https://s3.eu-west-1.amazonaws.com/icehl.hokejovyzapis.cz/widget/esports/match/259.json,Sparkasse Arena
260,2026-01-24,Hydro Fehervar AV 19,HC Falkensteiner Pustertal,0:3,3897,10,1,5,3,33,ICEHL 2025/26,255,10,0,5,0,25,0,0,0:0 | 0:2 | 0:1 | 0:0,43,17:30,https://s3.eu-west-1.amazonaws.com/icehl.hokejovyzapis.cz/widget/esports/match/260.json,MET Aréna Székesfehérvár
261,2026-01-24,FTC-Telekom,Olimpija Ljubljana,3:4,1701,8,1,5,4,42,ICEHL 2025/26,256,10,2,4,3,18,0,0,1:1 | 0:2 | 2:1 | 0:0,43,18:30,https://s3.eu-west-1.amazonaws.com/icehl.hokejovyzapis.cz/widget/esports/match/261.json,Tüskecsarnok
262,2026-01-25,Vienna Capitals,HCB Südtirol Alperia,3:0,4840,6,0,3,0,27,ICEHL 2025/26,257,6,1,3,3,24,0,0,1:0 | 1:0 | 1:0 | 0:0,43,17:30,https://s3.eu-west-1.amazonaws.com/icehl.hokejovyzapis.cz/widget/esports/match/262.json,STEFFL Arena
263,2026-01-25,EC-KAC,EC Red Bull Salzburg,3:4,4296,8,1,2,4,25,ICEHL 2025/26,258,6,1,3,3,28,0,0,2:3 | 0:1 | 1:0 | 0:0,43,17:30,https://s3.eu-west-1.amazonaws.com/icehl.hokejovyzapis.cz/widget/esports/match/263.json,Heidi Horten Arena
264,2026-01-25,Pioneers Vorarlberg,EC iDM Wärmepumpen VSV,4:1,1720,18,0,2,1,32,ICEHL 2025/26,259,6,1,6,4,26,0,0,0:0 | 2:1 | 2:0 | 0:0,43,16:00,https://s3.eu-west-1.amazonaws.com/icehl.hokejovyzapis.cz/widget/esports/match/264.json,Vorarlberghalle
265,2026-01-25,HC TIWAG Innsbruck - Die Haie,Steinbach Black Wings Linz,2:3,1500,6,0,1,3,41,ICEHL 2025/26,260,4,1,3,2,18,0,0,0:2 | 1:0 | 1:1 | 0:0,43,17:30,https://s3.eu-west-1.amazonaws.com/icehl.hokejovyzapis.cz/widget/esports/match/265.json,TIWAG Arena
266,2026-01-27,Olimpija Ljubljana,Pioneers Vorarlberg,5:2,2488,35,0,5,2,25,ICEHL 2025/26,266,14,2,5,5,33,0,0,1:0 | 1:1 | 3:1 | 0:0,44,19:15,https://s3.eu-west-1.amazonaws.com/icehl.hokejovyzapis.cz/widget/esports/match/266.json,Hala Tivoli
267,2026-01-28,EC-KAC,FTC-Telekom,5:2,3394,8,1,5,2,25,ICEHL 2025/26,261,10,1,4,5,30,0,0,2:1 | 2:0 | 1:1 | 0:0,44,19:15,https://s3.eu-west-1.amazonaws.com/icehl.hokejovyzapis.cz/widget/esports/match/267.json,Heidi Horten Arena
268,2026-01-28,EC Red Bull Salzburg,Hydro Fehervar AV 19,4:0,3400,4,0,4,0,28,ICEHL 2025/26,262,33,0,1,4,29,0,0,2:0 | 1:0 | 1:0 | 0:0,44,19:15,https://s3.eu-west-1.amazonaws.com/icehl.hokejovyzapis.cz/widget/esports/match/268.json,Eisarena Salzburg
269,2026-01-28,EC iDM Wärmepumpen VSV,Vienna Capitals,4:1,3081,4,0,2,1,31,ICEHL 2025/26,263,4,1,2,4,32,0,0,1:0 | 1:0 | 2:1 | 0:0,44,19:15,https://s3.eu-west-1.amazonaws.com/icehl.hokejovyzapis.cz/widget/esports/match/269.json,Villacher Stadthalle
270,2026-01-28,Steinbach Black Wings Linz,HCB Südtirol Alperia,6:0,3880,8,0,4,0,17,ICEHL 2025/26,264,8,1,4,6,22,0,0,2:0 | 2:0 | 2:0 | 0:0,44,19:15,https://s3.eu-west-1.amazonaws.com/icehl.hokejovyzapis.cz/widget/esports/match/270.json,Linz AG Eisarena
271,2026-01-28,HC Falkensteiner Pustertal,Moser Medical Graz99ers,1:7,2114,6,1,1,7,34,ICEHL 2025/26,265,2,0,3,1,30,0,0,1:3 | 0:3 | 0:1 | 0:0,44,19:45,https://s3.eu-west-1.amazonaws.com/icehl.hokejovyzapis.cz/widget/esports/match/271.json,Intercable Arena
272,2026-01-30,Moser Medical Graz99ers,Pioneers Vorarlberg,3:2,3808,6,0,3,2,14,ICEHL 2025/26,267,6,0,3,3,42,0,0,2:0 | 1:1 | 0:1 | 0:0,45,18:30,https://s3.eu-west-1.amazonaws.com/icehl.hokejovyzapis.cz/widget/esports/match/272.json,Merkur Eisstadion
273,2026-01-30,Vienna Capitals,HC TIWAG Innsbruck - Die Haie,5:2,5880,17,0,4,2,19,ICEHL 2025/26,268,15,2,4,5,46,0,0,1:0 | 3:1 | 1:1 | 0:0,45,19:15,https://s3.eu-west-1.amazonaws.com/icehl.hokejovyzapis.cz/widget/esports/match/273.json,STEFFL Arena
274,2026-01-30,HC Falkensteiner Pustertal,EC iDM Wärmepumpen VSV,3:1,2636,16,0,1,1,25,ICEHL 2025/26,270,4,0,6,3,28,0,0,2:0 | 0:0 | 1:1 | 0:0,45,19:45,https://s3.eu-west-1.amazonaws.com/icehl.hokejovyzapis.cz/widget/esports/match/274.json,Intercable Arena
275,2026-01-30,Olimpija Ljubljana,EC Red Bull Salzburg,5:1,3592,12,0,3,1,20,ICEHL 2025/26,271,10,0,4,5,40,0,0,1:0 | 2:1 | 2:0 | 0:0,45,19:15,https://s3.eu-west-1.amazonaws.com/icehl.hokejovyzapis.cz/widget/esports/match/275.json,Hala Tivoli
276,2026-01-31,Moser Medical Graz99ers,HC TIWAG Innsbruck - Die Haie,4:3,4126,8,2,4,3,24,ICEHL 2025/26,272,8,2,4,4,38,0,0,2:1 | 1:1 | 1:1 | 0:0,46,18:30,https://s3.eu-west-1.amazonaws.com/icehl.hokejovyzapis.cz/widget/esports/match/276.json,Merkur Eisstadion
277,2026-01-31,Vienna Capitals,Pioneers Vorarlberg,1:0,6025,11,0,0,0,21,ICEHL 2025/26,273,7,0,2,1,30,0,0,0:0 | 1:0 | 0:0 | 0:0,46,16:30,https://s3.eu-west-1.amazonaws.com/icehl.hokejovyzapis.cz/widget/esports/match/277.json,STEFFL Arena
278,2026-02-01,EC-KAC,Steinbach Black Wings Linz,4:0,4198,10,0,3,0,25,ICEHL 2025/26,274,6,1,5,4,23,0,0,2:0 | 1:0 | 1:0 | 0:0,46,17:30,https://s3.eu-west-1.amazonaws.com/icehl.hokejovyzapis.cz/widget/esports/match/278.json,Heidi Horten Arena
279,2026-02-01,EC iDM Wärmepumpen VSV,Olimpija Ljubljana,8:5,3414,4,0,1,5,40,ICEHL 2025/26,275,2,1,2,8,33,0,0,2:1 | 3:3 | 3:1 | 0:0,46,17:00,https://s3.eu-west-1.amazonaws.com/icehl.hokejovyzapis.cz/widget/esports/match/279.json,Villacher Stadthalle
280,2026-02-01,HCB Südtirol Alperia,HC Falkensteiner Pustertal,7:2,6738,12,1,4,2,41,ICEHL 2025/26,276,8,5,6,7,29,0,0,3:0 | 4:0 | 0:2 | 0:0,46,18:00,https://s3.eu-west-1.amazonaws.com/icehl.hokejovyzapis.cz/widget/esports/match/280.json,Sparkasse Arena
281,2026-02-14,FTC-Telekom,EC iDM Wärmepumpen VSV,2:4,1857,8,0,0,4,19,ICEHL 2025/26,299,0,1,4,2,56,0,0,0:1 | 1:1 | 1:2 | 0:0,50,18:30,https://s3.eu-west-1.amazonaws.com/icehl.hokejovyzapis.cz/widget/esports/match/281.json,Tüskecsarnok
282,2026-02-15,Hydro Fehervar AV 19,EC iDM Wärmepumpen VSV,5:4,3989,10,2,2,4,29,ICEHL 2025/26,277,8,2,3,5,42,0,0,2:2 | 2:1 | 1:1 | 0:0,47,16:00,https://s3.eu-west-1.amazonaws.com/icehl.hokejovyzapis.cz/widget/esports/match/282.json,MET Aréna Székesfehérvár
283,2026-02-15,FTC-Telekom,Moser Medical Graz99ers,3:8,1770,6,2,2,8,40,ICEHL 2025/26,279,6,0,2,3,23,0,0,2:4 | 0:3 | 1:1 | 0:0,47,15:30,https://s3.eu-west-1.amazonaws.com/icehl.hokejovyzapis.cz/widget/esports/match/283.json,Tüskecsarnok
284,2026-02-18,Pioneers Vorarlberg,Steinbach Black Wings Linz,0:2,1472,6,0,1,2,24,ICEHL 2025/26,278,2,0,3,0,26,0,0,0:0 | 0:1 | 0:1 | 0:0,47,19:30,https://s3.eu-west-1.amazonaws.com/icehl.hokejovyzapis.cz/widget/esports/match/284.json,Vorarlberghalle
285,2026-02-18,Olimpija Ljubljana,Vienna Capitals,7:5,3179,6,0,1,5,31,ICEHL 2025/26,282,4,0,2,7,38,0,0,3:0 | 2:3 | 2:2 | 0:0,47,19:15,https://s3.eu-west-1.amazonaws.com/icehl.hokejovyzapis.cz/widget/esports/match/285.json,Hala Tivoli
286,2026-02-20,EC-KAC,Olimpija Ljubljana,2:0,4203,67,0,5,0,21,ICEHL 2025/26,283,33,1,8,2,21,0,0,0:0 | 0:0 | 2:0 | 0:0,48,19:15,https://s3.eu-west-1.amazonaws.com/icehl.hokejovyzapis.cz/widget/esports/match/286.json,Heidi Horten Arena
287,2026-02-20,EC Red Bull Salzburg,EC iDM Wärmepumpen VSV,3:4,3400,2,0,2,4,28,ICEHL 2025/26,288,4,0,1,3,33,0,0,2:1 | 1:0 | 0:2 | 0:0,48,19:15,https://s3.eu-west-1.amazonaws.com/icehl.hokejovyzapis.cz/widget/esports/match/287.json,Eisarena Salzburg
288,2026-02-20,Steinbach Black Wings Linz,Vienna Capitals,1:4,4865,4,0,1,4,24,ICEHL 2025/26,284,2,0,2,1,25,0,0,1:1 | 0:1 | 0:2 | 0:0,48,19:15,https://s3.eu-west-1.amazonaws.com/icehl.hokejovyzapis.cz/widget/esports/match/288.json,Linz AG Eisarena
289,2026-02-20,Pioneers Vorarlberg,FTC-Telekom,2:4,1249,8,0,2,4,33,ICEHL 2025/26,285,6,0,3,2,24,0,0,1:0 | 0:2 | 1:2 | 0:0,48,19:30,https://s3.eu-west-1.amazonaws.com/icehl.hokejovyzapis.cz/widget/esports/match/289.json,Vorarlberghalle
290,2026-02-20,HCB Südtirol Alperia,Moser Medical Graz99ers,4:0,3390,10,0,3,0,27,ICEHL 2025/26,286,8,1,4,4,31,0,0,2:0 | 0:0 | 2:0 | 0:0,48,19:45,https://s3.eu-west-1.amazonaws.com/icehl.hokejovyzapis.cz/widget/esports/match/290.json,Sparkasse Arena
291,2026-02-20,HC Falkensteiner Pustertal,Hydro Fehervar AV 19,4:2,2517,8,0,3,2,21,ICEHL 2025/26,287,6,1,4,4,38,0,0,1:1 | 0:1 | 3:0 | 0:0,48,19:45,https://s3.eu-west-1.amazonaws.com/icehl.hokejovyzapis.cz/widget/esports/match/291.json,Intercable Arena
292,2026-02-21,HC TIWAG Innsbruck - Die Haie,FTC-Telekom,4:5,1600,8,3,4,5,35,ICEHL 2025/26,289,8,1,4,4,33,0,0,1:0 | 1:4 | 2:1 | 0:0,49,17:30,https://s3.eu-west-1.amazonaws.com/icehl.hokejovyzapis.cz/widget/esports/match/292.json,TIWAG Arena
293,2026-02-21,HCB Südtirol Alperia,Hydro Fehervar AV 19,5:2,3320,8,0,2,2,38,ICEHL 2025/26,290,4,2,4,5,54,0,0,3:0 | 1:1 | 1:1 | 0:0,49,18:00,https://s3.eu-west-1.amazonaws.com/icehl.hokejovyzapis.cz/widget/esports/match/293.json,Sparkasse Arena
294,2026-02-22,Moser Medical Graz99ers,EC-KAC,4:2,4126,8,0,2,2,15,ICEHL 2025/26,291,6,0,3,4,37,0,0,0:1 | 0:1 | 4:0 | 0:0,49,18:30,https://s3.eu-west-1.amazonaws.com/icehl.hokejovyzapis.cz/widget/esports/match/294.json,Merkur Eisstadion
295,2026-02-22,EC Red Bull Salzburg,HC Falkensteiner Pustertal,2:1,3232,10,0,1,1,27,ICEHL 2025/26,292,2,0,5,2,40,0,0,0:1 | 0:0 | 1:0 | 1:0,49,15:00,https://s3.eu-west-1.amazonaws.com/icehl.hokejovyzapis.cz/widget/esports/match/295.json,Eisarena Salzburg
296,2026-02-22,EC iDM Wärmepumpen VSV,Pioneers Vorarlberg,3:1,3354,8,1,2,1,18,ICEHL 2025/26,293,6,0,3,3,30,0,0,1:0 | 1:1 | 1:0 | 0:0,49,17:00,https://s3.eu-west-1.amazonaws.com/icehl.hokejovyzapis.cz/widget/esports/match/296.json,Villacher Stadthalle
297,2026-02-22,Steinbach Black Wings Linz,Olimpija Ljubljana,1:2,4753,8,1,5,2,30,ICEHL 2025/26,294,10,1,4,1,34,0,0,1:1 | 0:0 | 0:0 | 0:1,49,15:30,https://s3.eu-west-1.amazonaws.com/icehl.hokejovyzapis.cz/widget/esports/match/297.json,Linz AG Eisarena
298,2026-02-25,Vienna Capitals,Moser Medical Graz99ers,2:5,7022,6,0,1,5,24,ICEHL 2025/26,295,6,1,2,2,10,0,0,2:1 | 0:2 | 0:2 | 0:0,50,19:15,https://s3.eu-west-1.amazonaws.com/icehl.hokejovyzapis.cz/widget/esports/match/298.json,STEFFL Arena
299,2026-02-25,EC-KAC,HC TIWAG Innsbruck - Die Haie,7:2,3780,8,1,3,2,20,ICEHL 2025/26,296,8,4,4,7,37,0,0,3:1 | 2:0 | 2:1 | 0:0,50,19:15,https://s3.eu-west-1.amazonaws.com/icehl.hokejovyzapis.cz/widget/esports/match/299.json,Heidi Horten Arena
300,2026-02-25,Hydro Fehervar AV 19,EC Red Bull Salzburg,2:6,3717,15,2,2,6,34,ICEHL 2025/26,297,9,0,5,2,33,0,0,2:3 | 0:1 | 0:2 | 0:0,50,19:15,https://s3.eu-west-1.amazonaws.com/icehl.hokejovyzapis.cz/widget/esports/match/300.json,MET Aréna Székesfehérvár
301,2026-02-25,Pioneers Vorarlberg,HC Falkensteiner Pustertal,3:4,1244,8,2,4,4,24,ICEHL 2025/26,298,8,1,4,3,22,0,0,2:1 | 1:2 | 0:1 | 0:0,50,19:30,https://s3.eu-west-1.amazonaws.com/icehl.hokejovyzapis.cz/widget/esports/match/301.json,Vorarlberghalle
302,2026-02-25,Olimpija Ljubljana,HCB Südtirol Alperia,4:3,3643,8,0,3,3,35,ICEHL 2025/26,300,8,0,3,4,36,0,0,1:2 | 1:0 | 1:1 | 0:0,50,19:15,https://s3.eu-west-1.amazonaws.com/icehl.hokejovyzapis.cz/widget/esports/match/302.json,Hala Tivoli
303,2026-02-27,Moser Medical Graz99ers,EC iDM Wärmepumpen VSV,2:0,4126,8,0,2,0,27,ICEHL 2025/26,301,6,0,3,2,41,0,0,0:0 | 1:0 | 1:0 | 0:0,51,18:30,https://s3.eu-west-1.amazonaws.com/icehl.hokejovyzapis.cz/widget/esports/match/303.json,Merkur Eisstadion
304,2026-02-27,Vienna Capitals,Hydro Fehervar AV 19,4:3,7022,10,0,5,3,27,ICEHL 2025/26,302,12,1,4,4,32,0,0,2:1 | 1:1 | 0:1 | 0:0,51,19:15,https://s3.eu-west-1.amazonaws.com/icehl.hokejovyzapis.cz/widget/esports/match/304.json,STEFFL Arena
305,2026-02-27,FTC-Telekom,Steinbach Black Wings Linz,0:2,2222,4,0,3,2,37,ICEHL 2025/26,303,8,0,1,0,20,0,0,0:1 | 0:0 | 0:1 | 0:0,51,18:30,https://s3.eu-west-1.amazonaws.com/icehl.hokejovyzapis.cz/widget/esports/match/305.json,Tüskecsarnok
306,2026-02-27,HC TIWAG Innsbruck - Die Haie,Pioneers Vorarlberg,6:5,2500,8,2,2,5,30,ICEHL 2025/26,304,6,3,4,6,34,0,0,0:2 | 3:2 | 2:1 | 1:0,51,19:15,https://s3.eu-west-1.amazonaws.com/icehl.hokejovyzapis.cz/widget/esports/match/306.json,TIWAG Arena
307,2026-02-27,HCB Südtirol Alperia,EC-KAC,3:6,2980,10,3,7,6,38,ICEHL 2025/26,305,18,0,2,3,27,0,0,0:0 | 0:3 | 3:3 | 0:0,51,19:45,https://s3.eu-west-1.amazonaws.com/icehl.hokejovyzapis.cz/widget/esports/match/307.json,Sparkasse Arena
308,2026-02-27,HC Falkensteiner Pustertal,Olimpija Ljubljana,3:2,2657,16,1,4,2,21,ICEHL 2025/26,306,10,3,8,3,30,0,0,0:1 | 1:0 | 1:1 | 1:0,51,19:45,https://s3.eu-west-1.amazonaws.com/icehl.hokejovyzapis.cz/widget/esports/match/308.json,Intercable Arena
309,2026-03-01,EC-KAC,Vienna Capitals,2:3,4306,0,0,0,3,24,ICEHL 2025/26,307,0,0,0,2,29,0,0,0:0 | 1:1 | 1:1 | 0:1,52,17:30,https://s3.eu-west-1.amazonaws.com/icehl.hokejovyzapis.cz/widget/esports/match/309.json,Heidi Horten Arena
310,2026-03-01,EC Red Bull Salzburg,HC TIWAG Innsbruck - Die Haie,4:1,3194,4,0,3,1,18,ICEHL 2025/26,308,6,0,2,4,45,0,0,2:0 | 1:0 | 1:1 | 0:0,52,17:30,https://s3.eu-west-1.amazonaws.com/icehl.hokejovyzapis.cz/widget/esports/match/310.json,Eisarena Salzburg
311,2026-03-01,EC iDM Wärmepumpen VSV,HC Falkensteiner Pustertal,0:1,3435,10,0,3,1,28,ICEHL 2025/26,309,8,0,4,0,33,0,0,0:1 | 0:0 | 0:0 | 0:0,52,17:30,https://s3.eu-west-1.amazonaws.com/icehl.hokejovyzapis.cz/widget/esports/match/311.json,Villacher Stadthalle
312,2026-03-01,Hydro Fehervar AV 19,FTC-Telekom,3:2,5115,6,0,1,2,21,ICEHL 2025/26,310,2,2,3,3,42,0,0,0:0 | 1:1 | 1:1 | 1:0,52,17:30,https://s3.eu-west-1.amazonaws.com/icehl.hokejovyzapis.cz/widget/esports/match/312.json,MET Aréna Székesfehérvár
313,2026-03-01,Steinbach Black Wings Linz,Moser Medical Graz99ers,1:3,4575,2,1,4,3,39,ICEHL 2025/26,311,8,1,1,1,12,0,0,0:1 | 1:1 | 0:1 | 0:0,52,17:30,https://s3.eu-west-1.amazonaws.com/icehl.hokejovyzapis.cz/widget/esports/match/313.json,Linz AG Eisarena
314,2026-03-01,Pioneers Vorarlberg,HCB Südtirol Alperia,1:4,1588,4,1,4,4,28,ICEHL 2025/26,312,8,1,2,1,19,0,0,0:3 | 1:0 | 0:1 | 0:0,52,17:30,https://s3.eu-west-1.amazonaws.com/icehl.hokejovyzapis.cz/widget/esports/match/314.json,Vorarlberghalle
7808,2026-03-04,Vienna Capitals,Hydro Fehervar AV 19,5:1,4410,8,0,4,1,28,ICEHL 2025/26 - Playoff,313,8,1,4,5,22,0,0,1:0 | 3:0 | 1:1 | 0:0,1,19:15,https://s3.eu-west-1.amazonaws.com/icehl.hokejovyzapis.cz/widget/esports/match/7808.json,STEFFL Arena
7809,2026-03-04,EC iDM Wärmepumpen VSV,Steinbach Black Wings Linz,2:1,2831,16,0,2,1,26,ICEHL 2025/26 - Playoff,314,12,0,4,2,51,1,0,0:0 | 0:1 | 1:0 | 1:0,1,19:15,https://s3.eu-west-1.amazonaws.com/icehl.hokejovyzapis.cz/widget/esports/match/7809.json,Villacher Stadthalle
7810,2026-03-06,Steinbach Black Wings Linz,EC iDM Wärmepumpen VSV,1:5,3847,2,0,1,5,28,ICEHL 2025/26 - Playoff,316,2,0,1,1,45,0,0,1:1 | 0:2 | 0:2 | 0:0,2,19:15,https://s3.eu-west-1.amazonaws.com/icehl.hokejovyzapis.cz/widget/esports/match/7810.json,Linz AG Eisarena
7811,2026-03-06,Hydro Fehervar AV 19,Vienna Capitals,7:3,4044,49,2,4,3,31,ICEHL 2025/26 - Playoff,315,12,4,5,7,41,0,0,1:2 | 2:1 | 4:0 | 0:0,2,19:15,https://s3.eu-west-1.amazonaws.com/icehl.hokejovyzapis.cz/widget/esports/match/7811.json,MET Aréna Székesfehérvár
7813,2026-03-08,Vienna Capitals,Hydro Fehervar AV 19,0:1,4040,4,0,0,1,25,ICEHL 2025/26 - Playoff,317,0,0,2,0,32,0,0,0:1 | 0:0 | 0:0 | 0:0,3,17:30,https://s3.eu-west-1.amazonaws.com/icehl.hokejovyzapis.cz/widget/esports/match/7813.json,STEFFL Arena
7815,2026-03-10,Moser Medical Graz99ers,EC iDM Wärmepumpen VSV,2:1,4126,4,0,4,1,41,ICEHL 2025/26 - Playoff,318,8,0,2,2,40,0,0,0:0 | 1:1 | 0:0 | 1:0,1,19:15,https://s3.eu-west-1.amazonaws.com/icehl.hokejovyzapis.cz/widget/esports/match/7815.json,Merkur Eisstadion
7816,2026-03-15,EC-KAC,Hydro Fehervar AV 19,3:0,4405,4,0,1,0,29,ICEHL 2025/26 - Playoff,319,4,0,1,3,40,0,0,0:0 | 1:0 | 2:0 | 0:0,1,18:00,https://s3.eu-west-1.amazonaws.com/icehl.hokejovyzapis.cz/widget/esports/match/7816.json,Heidi Horten Arena
7817,2026-03-10,EC Red Bull Salzburg,HC Falkensteiner Pustertal,2:3,2945,8,1,5,3,32,ICEHL 2025/26 - Playoff,320,12,0,3,2,24,0,0,1:0 | 1:2 | 0:0 | 0:1,1,19:15,https://s3.eu-west-1.amazonaws.com/icehl.hokejovyzapis.cz/widget/esports/match/7817.json,Eisarena Salzburg
7818,2026-03-10,HCB Südtirol Alperia,Olimpija Ljubljana,2:3,2802,10,0,1,3,19,ICEHL 2025/26 - Playoff,321,4,1,4,2,36,0,0,0:0 | 2:1 | 0:1 | 0:1,1,19:45,https://s3.eu-west-1.amazonaws.com/icehl.hokejovyzapis.cz/widget/esports/match/7818.json,Sparkasse Arena
7819,2026-03-12,EC iDM Wärmepumpen VSV,Moser Medical Graz99ers,1:5,3107,6,0,1,5,43,ICEHL 2025/26 - Playoff,322,4,0,2,1,29,0,0,0:0 | 0:0 | 1:5 | 0:0,2,19:15,https://s3.eu-west-1.amazonaws.com/icehl.hokejovyzapis.cz/widget/esports/match/7819.json,Villacher Stadthalle
7820,2026-03-17,Hydro Fehervar AV 19,EC-KAC,2:1,3193,11,0,2,1,26,ICEHL 2025/26 - Playoff,323,11,1,2,2,22,0,0,0:1 | 2:0 | 0:0 | 0:0,2,19:15,https://s3.eu-west-1.amazonaws.com/icehl.hokejovyzapis.cz/widget/esports/match/7820.json,MET Aréna Székesfehérvár
7821,2026-03-12,HC Falkensteiner Pustertal,EC Red Bull Salzburg,2:1,3104,2,0,3,1,35,ICEHL 2025/26 - Playoff,324,6,0,1,2,19,0,0,1:1 | 1:0 | 0:0 | 0:0,2,19:15,https://s3.eu-west-1.amazonaws.com/icehl.hokejovyzapis.cz/widget/esports/match/7821.json,Intercable Arena
7822,2026-03-12,Olimpija Ljubljana,HCB Südtirol Alperia,1:2,3765,8,0,3,2,23,ICEHL 2025/26 - Playoff,325,6,0,4,1,44,0,0,1:0 | 0:1 | 0:1 | 0:0,2,19:15,https://s3.eu-west-1.amazonaws.com/icehl.hokejovyzapis.cz/widget/esports/match/7822.json,Hala Tivoli
7823,2026-03-14,Moser Medical Graz99ers,EC iDM Wärmepumpen VSV,3:1,4126,22,0,3,1,24,ICEHL 2025/26 - Playoff,326,16,1,5,3,39,0,0,2:0 | 1:1 | 0:0 | 0:0,3,18:30,https://s3.eu-west-1.amazonaws.com/icehl.hokejovyzapis.cz/widget/esports/match/7823.json,Merkur Eisstadion
7824,2026-03-19,EC-KAC,Hydro Fehervar AV 19,8:3,4400,19,0,3,3,31,ICEHL 2025/26 - Playoff,327,15,1,5,8,48,0,0,3:3 | 4:0 | 1:0 | 0:0,3,19:15,https://s3.eu-west-1.amazonaws.com/icehl.hokejovyzapis.cz/widget/esports/match/7824.json,Heidi Horten Arena
7825,2026-03-14,EC Red Bull Salzburg,HC Falkensteiner Pustertal,3:4,3400,8,0,4,4,26,ICEHL 2025/26 - Playoff,328,31,0,3,3,32,0,0,1:1 | 2:3 | 0:0 | 0:0,3,19:15,https://s3.eu-west-1.amazonaws.com/icehl.hokejovyzapis.cz/widget/esports/match/7825.json,Eisarena Salzburg
7826,2026-03-14,HCB Südtirol Alperia,Olimpija Ljubljana,2:3,3920,14,1,2,3,20,ICEHL 2025/26 - Playoff,329,8,0,5,2,28,0,0,1:0 | 1:0 | 0:3 | 0:0,3,19:45,https://s3.eu-west-1.amazonaws.com/icehl.hokejovyzapis.cz/widget/esports/match/7826.json,Sparkasse Arena
7827,2026-03-17,EC iDM Wärmepumpen VSV,Moser Medical Graz99ers,2:6,3287,8,0,4,6,31,ICEHL 2025/26 - Playoff,330,10,1,4,2,29,0,0,0:6 | 2:0 | 0:0 | 0:0,4,19:15,https://s3.eu-west-1.amazonaws.com/icehl.hokejovyzapis.cz/widget/esports/match/7827.json,Villacher Stadthalle
7828,2026-03-21,Hydro Fehervar AV 19,EC-KAC,3:2,4188,12,1,3,2,36,ICEHL 2025/26 - Playoff,331,29,1,6,3,26,0,0,0:1 | 1:0 | 1:1 | 1:0,4,19:15,https://s3.eu-west-1.amazonaws.com/icehl.hokejovyzapis.cz/widget/esports/match/7828.json,MET Aréna Székesfehérvár
7829,2026-03-17,HC Falkensteiner Pustertal,EC Red Bull Salzburg,2:1,3104,14,0,2,1,30,ICEHL 2025/26 - Playoff,332,10,0,4,2,47,0,0,0:1 | 1:0 | 0:0 | 1:0,4,19:45,https://s3.eu-west-1.amazonaws.com/icehl.hokejovyzapis.cz/widget/esports/match/7829.json,Intercable Arena
7830,2026-03-17,Olimpija Ljubljana,HCB Südtirol Alperia,4:0,4005,54,0,4,0,35,ICEHL 2025/26 - Playoff,333,42,1,4,4,33,0,0,0:0 | 3:0 | 1:0 | 0:0,4,19:15,https://s3.eu-west-1.amazonaws.com/icehl.hokejovyzapis.cz/widget/esports/match/7830.json,Hala Tivoli
7832,2026-03-23,EC-KAC,Hydro Fehervar AV 19,3:4,4293,8,0,2,4,16,ICEHL 2025/26 - Playoff,334,6,1,3,3,37,0,0,1:1 | 1:1 | 1:2 | 0:0,5,19:30,https://s3.eu-west-1.amazonaws.com/icehl.hokejovyzapis.cz/widget/esports/match/7832.json,Heidi Horten Arena
7834,2026-03-19,HCB Südtirol Alperia,Olimpija Ljubljana,1:4,3190,8,0,3,4,24,ICEHL 2025/26 - Playoff,335,6,0,4,1,35,0,0,0:1 | 0:0 | 1:3 | 0:0,5,19:45,https://s3.eu-west-1.amazonaws.com/icehl.hokejovyzapis.cz/widget/esports/match/7834.json,Sparkasse Arena
7843,2026-03-25,Hydro Fehervar AV 19,EC-KAC,3:0,4733,40,0,1,0,25,ICEHL 2025/26 - Playoff,336,4,1,4,3,30,0,0,0:0 | 1:0 | 2:0 | 0:0,6,19:15,https://s3.eu-west-1.amazonaws.com/icehl.hokejovyzapis.cz/widget/esports/match/7843.json,MET Aréna Székesfehérvár
7845,2026-03-29,Moser Medical Graz99ers,Hydro Fehervar AV 19,3:2,4126,2,1,1,2,27,ICEHL 2025/26 - Playoff,337,2,0,1,3,40,0,0,1:1 | 1:1 | 1:0 | 0:0,1,15:15,https://s3.eu-west-1.amazonaws.com/icehl.hokejovyzapis.cz/widget/esports/match/7845.json,Merkur Eisstadion
7852,2026-03-29,HC Falkensteiner Pustertal,Olimpija Ljubljana,3:0,3104,16,0,4,0,22,ICEHL 2025/26 - Playoff,338,14,2,5,3,25,0,0,0:0 | 1:0 | 2:0 | 0:0,1,18:00,https://s3.eu-west-1.amazonaws.com/icehl.hokejovyzapis.cz/widget/esports/match/7852.json,Intercable Arena
