match_id,date,round,venue,attendance,home_team,away_team,score,home_goals,away_goals,periods,goal_count,penalty_count,goalie_change_count,unclassified_event_count,url,error
153017,,,,,Presov Hockey a.s.,Hokejový klub Poprad a.s.,4 : 3,4,3,0:2 | 2:1 | 2:0,8,11,4,0,https://www.hockeyslovakia.sk/sk/stats/matches/1131/tipsport-liga/match/153017/Overview,
153018,,,,,"HC ‘05 BANSKÁ BYSTRICA, a.s.",HKM a.s,5 : 1,5,1,2:0 | 1:1 | 2:0,7,7,4,0,https://www.hockeyslovakia.sk/sk/stats/matches/1131/tipsport-liga/match/153018/Overview,
153019,,,,,"VLCI ŽILINA, a.s.","HK Nitra, s.r.o.",3 : 0,3,0,0:0 | 2:0 | 1:0,3,14,4,0,https://www.hockeyslovakia.sk/sk/stats/matches/1131/tipsport-liga/match/153019/Overview,
153020,,,,,"Hokejový klub DUKLA Trenčín, a.s.","HK Rysy, s.r.o.",4 : 3,4,3,0:1 | 4:2 | 0:0,7,8,6,0,https://www.hockeyslovakia.sk/sk/stats/matches/1131/tipsport-liga/match/153020/Overview,
153021,,,,,"HC SLOVAN Bratislava, a.s.",HC Košice s.r.o.,2 : 4,2,4,0:1 | 1:1 | 1:2,6,11,6,0,https://www.hockeyslovakia.sk/sk/stats/matches/1131/tipsport-liga/match/153021/Overview,
153022,,,,,"Mestský Hokejový klub 32 Liptovský Mikuláš, a.s.",Hokejový klub Dukla Ingema Michalovce,4 : 1,4,1,2:0 | 0:1 | 2:0,5,10,4,0,https://www.hockeyslovakia.sk/sk/stats/matches/1131/tipsport-liga/match/153022/Overview,
153023,,,,,Hokejový klub Poprad a.s.,Hokejový klub Dukla Ingema Michalovce,5 : 4,5,4,2:1 | 1:3 | 2:0,10,12,4,0,https://www.hockeyslovakia.sk/sk/stats/matches/1131/tipsport-liga/match/153023/Overview,
153024,,,,,HC Košice s.r.o.,"Mestský Hokejový klub 32 Liptovský Mikuláš, a.s.",3 : 4 sn,3,4,0:1 | 0:0 | 3:2 | 0:0,7,7,4,0,https://www.hockeyslovakia.sk/sk/stats/matches/1131/tipsport-liga/match/153024/Overview,
153025,,,,,"HK Rysy, s.r.o.","HC SLOVAN Bratislava, a.s.",1 : 3,1,3,0:2 | 0:1 | 1:0,4,12,4,0,https://www.hockeyslovakia.sk/sk/stats/matches/1131/tipsport-liga/match/153025/Overview,
153026,,,,,"HK Nitra, s.r.o.","Hokejový klub DUKLA Trenčín, a.s.",2 : 3 sn,2,3,0:1 | 1:1 | 1:0 | 0:0,5,14,4,0,https://www.hockeyslovakia.sk/sk/stats/matches/1131/tipsport-liga/match/153026/Overview,
153027,,,,,HKM a.s,"VLCI ŽILINA, a.s.",1 : 4,1,4,0:2 | 0:0 | 1:2,5,7,4,0,https://www.hockeyslovakia.sk/sk/stats/matches/1131/tipsport-liga/match/153027/Overview,
153028,,,,,Presov Hockey a.s.,"HC ‘05 BANSKÁ BYSTRICA, a.s.",0 : 6,0,6,0:0 | 0:4 | 0:2,7,9,4,0,https://www.hockeyslovakia.sk/sk/stats/matches/1131/tipsport-liga/match/153028/Overview,
153029,,,,,"HC ‘05 BANSKÁ BYSTRICA, a.s.",Hokejový klub Poprad a.s.,3 : 2,3,2,0:0 | 3:2 | 0:0,5,6,4,0,https://www.hockeyslovakia.sk/sk/stats/matches/1131/tipsport-liga/match/153029/Overview,
153030,,,,,"VLCI ŽILINA, a.s.",Presov Hockey a.s.,4 : 1,4,1,1:0 | 1:1 | 2:0,5,8,4,0,https://www.hockeyslovakia.sk/sk/stats/matches/1131/tipsport-liga/match/153030/Overview,
153031,,,,,"Hokejový klub DUKLA Trenčín, a.s.",HKM a.s,4 : 3 pp,4,3,2:1 | 1:1 | 0:1 | 1:0,7,5,4,0,https://www.hockeyslovakia.sk/sk/stats/matches/1131/tipsport-liga/match/153031/Overview,
153032,,,,,"HC SLOVAN Bratislava, a.s.","HK Nitra, s.r.o.",3 : 4 pp,3,4,0:3 | 1:0 | 2:0 | 0:1,7,7,4,0,https://www.hockeyslovakia.sk/sk/stats/matches/1131/tipsport-liga/match/153032/Overview,
153033,,,,,"Mestský Hokejový klub 32 Liptovský Mikuláš, a.s.","HK Rysy, s.r.o.",4 : 5 sn,4,5,0:3 | 3:0 | 1:1 | 0:0,9,16,4,0,https://www.hockeyslovakia.sk/sk/stats/matches/1131/tipsport-liga/match/153033/Overview,
153034,,,,,Hokejový klub Dukla Ingema Michalovce,HC Košice s.r.o.,3 : 2 pp,3,2,1:0 | 0:1 | 1:1 | 1:0,5,17,4,0,https://www.hockeyslovakia.sk/sk/stats/matches/1131/tipsport-liga/match/153034/Overview,
153035,,,,,Hokejový klub Poprad a.s.,HC Košice s.r.o.,2 : 5,2,5,1:1 | 0:4 | 1:0,8,13,6,0,https://www.hockeyslovakia.sk/sk/stats/matches/1131/tipsport-liga/match/153035/Overview,
153036,,,,,"HK Rysy, s.r.o.",Hokejový klub Dukla Ingema Michalovce,2 : 1,2,1,0:1 | 2:0 | 0:0,3,11,4,0,https://www.hockeyslovakia.sk/sk/stats/matches/1131/tipsport-liga/match/153036/Overview,
153037,,,,,"HK Nitra, s.r.o.","Mestský Hokejový klub 32 Liptovský Mikuláš, a.s.",5 : 2,5,2,2:0 | 1:0 | 2:2,7,6,8,0,https://www.hockeyslovakia.sk/sk/stats/matches/1131/tipsport-liga/match/153037/Overview,
153038,,,,,HKM a.s,"HC SLOVAN Bratislava, a.s.",3 : 5,3,5,1:0 | 1:3 | 1:2,8,8,6,0,https://www.hockeyslovakia.sk/sk/stats/matches/1131/tipsport-liga/match/153038/Overview,
153039,,,,,Presov Hockey a.s.,"Hokejový klub DUKLA Trenčín, a.s.",1 : 3,1,3,0:2 | 1:0 | 0:1,4,4,6,0,https://www.hockeyslovakia.sk/sk/stats/matches/1131/tipsport-liga/match/153039/Overview,
153040,,,,,"HC ‘05 BANSKÁ BYSTRICA, a.s.","VLCI ŽILINA, a.s.",2 : 1 pp,2,1,0:0 | 0:0 | 1:1 | 1:0,3,13,4,0,https://www.hockeyslovakia.sk/sk/stats/matches/1131/tipsport-liga/match/153040/Overview,
153041,,,,,"VLCI ŽILINA, a.s.",Hokejový klub Poprad a.s.,4 : 3,4,3,1:0 | 0:3 | 3:0,7,8,4,0,https://www.hockeyslovakia.sk/sk/stats/matches/1131/tipsport-liga/match/153041/Overview,
153042,,,,,"Hokejový klub DUKLA Trenčín, a.s.","HC ‘05 BANSKÁ BYSTRICA, a.s.",3 : 4,3,4,1:1 | 2:0 | 0:3,7,9,4,0,https://www.hockeyslovakia.sk/sk/stats/matches/1131/tipsport-liga/match/153042/Overview,
153043,,,,,"HC SLOVAN Bratislava, a.s.",Presov Hockey a.s.,4 : 0,4,0,2:0 | 1:0 | 1:0,4,8,4,0,https://www.hockeyslovakia.sk/sk/stats/matches/1131/tipsport-liga/match/153043/Overview,
153044,,,,,"Mestský Hokejový klub 32 Liptovský Mikuláš, a.s.",HKM a.s,2 : 5,2,5,0:1 | 1:2 | 1:2,7,4,4,0,https://www.hockeyslovakia.sk/sk/stats/matches/1131/tipsport-liga/match/153044/Overview,
153045,,,,,Hokejový klub Dukla Ingema Michalovce,"HK Nitra, s.r.o.",4 : 5,4,5,0:1 | 3:3 | 1:1,9,9,6,0,https://www.hockeyslovakia.sk/sk/stats/matches/1131/tipsport-liga/match/153045/Overview,
153046,,,,,HC Košice s.r.o.,"HK Rysy, s.r.o.",5 : 1,5,1,2:1 | 2:0 | 1:0,7,8,8,0,https://www.hockeyslovakia.sk/sk/stats/matches/1131/tipsport-liga/match/153046/Overview,
153047,,,,,Hokejový klub Poprad a.s.,"HK Rysy, s.r.o.",1 : 2,1,2,1:0 | 0:0 | 0:2,3,8,6,0,https://www.hockeyslovakia.sk/sk/stats/matches/1131/tipsport-liga/match/153047/Overview,
153048,,,,,"HK Nitra, s.r.o.",HC Košice s.r.o.,4 : 3,4,3,2:0 | 1:1 | 1:2,7,6,4,0,https://www.hockeyslovakia.sk/sk/stats/matches/1131/tipsport-liga/match/153048/Overview,
153049,,,,,HKM a.s,Hokejový klub Dukla Ingema Michalovce,7 : 2,7,2,2:0 | 1:1 | 4:1,9,9,6,0,https://www.hockeyslovakia.sk/sk/stats/matches/1131/tipsport-liga/match/153049/Overview,
153050,,,,,Presov Hockey a.s.,"Mestský Hokejový klub 32 Liptovský Mikuláš, a.s.",3 : 4,3,4,2:1 | 0:2 | 1:1,9,11,4,0,https://www.hockeyslovakia.sk/sk/stats/matches/1131/tipsport-liga/match/153050/Overview,
153051,,,,,"HC ‘05 BANSKÁ BYSTRICA, a.s.","HC SLOVAN Bratislava, a.s.",4 : 5 pp,4,5,3:1 | 1:3 | 0:0 | 0:1,10,10,6,0,https://www.hockeyslovakia.sk/sk/stats/matches/1131/tipsport-liga/match/153051/Overview,
153052,,,,,"VLCI ŽILINA, a.s.","Hokejový klub DUKLA Trenčín, a.s.",4 : 0,4,0,3:0 | 0:0 | 1:0,4,8,4,0,https://www.hockeyslovakia.sk/sk/stats/matches/1131/tipsport-liga/match/153052/Overview,
153053,,,,,"Hokejový klub DUKLA Trenčín, a.s.",Hokejový klub Poprad a.s.,3 : 0,3,0,1:0 | 2:0 | 0:0,3,7,4,0,https://www.hockeyslovakia.sk/sk/stats/matches/1131/tipsport-liga/match/153053/Overview,
153054,,,,,"HC SLOVAN Bratislava, a.s.","VLCI ŽILINA, a.s.",5 : 1,5,1,2:0 | 2:1 | 1:0,7,24,4,0,https://www.hockeyslovakia.sk/sk/stats/matches/1131/tipsport-liga/match/153054/Overview,
153055,,,,,"Mestský Hokejový klub 32 Liptovský Mikuláš, a.s.","HC ‘05 BANSKÁ BYSTRICA, a.s.",4 : 3,4,3,1:1 | 2:1 | 1:1,7,11,4,0,https://www.hockeyslovakia.sk/sk/stats/matches/1131/tipsport-liga/match/153055/Overview,
153056,,,,,Hokejový klub Dukla Ingema Michalovce,Presov Hockey a.s.,2 : 5,2,5,1:2 | 0:2 | 1:1,8,10,4,0,https://www.hockeyslovakia.sk/sk/stats/matches/1131/tipsport-liga/match/153056/Overview,
153057,,,,,HC Košice s.r.o.,HKM a.s,1 : 2 pp,1,2,0:0 | 1:1 | 0:0 | 0:1,3,6,4,0,https://www.hockeyslovakia.sk/sk/stats/matches/1131/tipsport-liga/match/153057/Overview,
153058,,,,,"HK Rysy, s.r.o.","HK Nitra, s.r.o.",1 : 2,1,2,0:1 | 1:1 | 0:0,3,7,4,0,https://www.hockeyslovakia.sk/sk/stats/matches/1131/tipsport-liga/match/153058/Overview,
153059,,,,,Hokejový klub Poprad a.s.,"HK Nitra, s.r.o.",2 : 3,2,3,0:2 | 0:1 | 2:0,5,5,4,0,https://www.hockeyslovakia.sk/sk/stats/matches/1131/tipsport-liga/match/153059/Overview,
153060,,,,,HKM a.s,"HK Rysy, s.r.o.",2 : 3,2,3,1:1 | 1:0 | 0:2,5,12,4,0,https://www.hockeyslovakia.sk/sk/stats/matches/1131/tipsport-liga/match/153060/Overview,
153061,,,,,Presov Hockey a.s.,HC Košice s.r.o.,0 : 6,0,6,0:1 | 0:2 | 0:3,6,11,4,0,https://www.hockeyslovakia.sk/sk/stats/matches/1131/tipsport-liga/match/153061/Overview,
153062,,,,,"HC ‘05 BANSKÁ BYSTRICA, a.s.",Hokejový klub Dukla Ingema Michalovce,3 : 4,3,4,0:3 | 1:1 | 2:0,7,7,4,0,https://www.hockeyslovakia.sk/sk/stats/matches/1131/tipsport-liga/match/153062/Overview,
153063,,,,,"VLCI ŽILINA, a.s.","Mestský Hokejový klub 32 Liptovský Mikuláš, a.s.",1 : 3,1,3,1:1 | 0:0 | 0:2,4,8,6,0,https://www.hockeyslovakia.sk/sk/stats/matches/1131/tipsport-liga/match/153063/Overview,
153064,,,,,"Hokejový klub DUKLA Trenčín, a.s.","HC SLOVAN Bratislava, a.s.",2 : 3 pp,2,3,2:0 | 0:1 | 0:1 | 0:1,5,4,8,0,https://www.hockeyslovakia.sk/sk/stats/matches/1131/tipsport-liga/match/153064/Overview,
153065,,,,,"HC SLOVAN Bratislava, a.s.",Hokejový klub Poprad a.s.,6 : 5 pp,6,5,2:3 | 3:0 | 0:2 | 1:0,11,9,4,0,https://www.hockeyslovakia.sk/sk/stats/matches/1131/tipsport-liga/match/153065/Overview,
153066,,,,,"Hokejový klub DUKLA Trenčín, a.s.","Mestský Hokejový klub 32 Liptovský Mikuláš, a.s.",1 : 2 pp,1,2,0:0 | 1:1 | 0:0 | 0:1,3,6,4,0,https://www.hockeyslovakia.sk/sk/stats/matches/1131/tipsport-liga/match/153066/Overview,
153067,,,,,Hokejový klub Dukla Ingema Michalovce,"VLCI ŽILINA, a.s.",1 : 2,1,2,1:1 | 0:0 | 0:1,6,4,8,0,https://www.hockeyslovakia.sk/sk/stats/matches/1131/tipsport-liga/match/153067/Overview,
153068,,,,,HC Košice s.r.o.,"HC ‘05 BANSKÁ BYSTRICA, a.s.",2 : 3,2,3,0:1 | 1:1 | 1:1,5,12,4,0,https://www.hockeyslovakia.sk/sk/stats/matches/1131/tipsport-liga/match/153068/Overview,
153069,,,,,"HK Rysy, s.r.o.",Presov Hockey a.s.,2 : 1,2,1,1:1 | 0:0 | 1:0,3,7,4,0,https://www.hockeyslovakia.sk/sk/stats/matches/1131/tipsport-liga/match/153069/Overview,
153070,,,,,"HK Nitra, s.r.o.",HKM a.s,3 : 2,3,2,1:1 | 2:1 | 0:0,5,10,4,0,https://www.hockeyslovakia.sk/sk/stats/matches/1131/tipsport-liga/match/153070/Overview,
153071,,,,,Hokejový klub Poprad a.s.,HKM a.s,1 : 6,1,6,0:3 | 1:1 | 0:2,8,5,4,0,https://www.hockeyslovakia.sk/sk/stats/matches/1131/tipsport-liga/match/153071/Overview,
153072,,,,,Presov Hockey a.s.,"HK Nitra, s.r.o.",0 : 4,0,4,0:2 | 0:0 | 0:2,4,5,4,0,https://www.hockeyslovakia.sk/sk/stats/matches/1131/tipsport-liga/match/153072/Overview,
153073,,,,,"HC ‘05 BANSKÁ BYSTRICA, a.s.","HK Rysy, s.r.o.",5 : 2,5,2,1:0 | 0:1 | 4:1,8,8,6,0,https://www.hockeyslovakia.sk/sk/stats/matches/1131/tipsport-liga/match/153073/Overview,
153074,,,,,"VLCI ŽILINA, a.s.",HC Košice s.r.o.,5 : 2,5,2,1:0 | 2:1 | 2:1,8,4,8,0,https://www.hockeyslovakia.sk/sk/stats/matches/1131/tipsport-liga/match/153074/Overview,
153075,,,,,"Hokejový klub DUKLA Trenčín, a.s.",Hokejový klub Dukla Ingema Michalovce,2 : 3 pp,2,3,1:0 | 1:1 | 0:1 | 0:1,5,5,6,0,https://www.hockeyslovakia.sk/sk/stats/matches/1131/tipsport-liga/match/153075/Overview,
153076,,,,,"HC SLOVAN Bratislava, a.s.","Mestský Hokejový klub 32 Liptovský Mikuláš, a.s.",6 : 5 sn,6,5,1:2 | 0:1 | 4:2 | 0:0,11,9,4,0,https://www.hockeyslovakia.sk/sk/stats/matches/1131/tipsport-liga/match/153076/Overview,
153077,,,,,"Mestský Hokejový klub 32 Liptovský Mikuláš, a.s.",Hokejový klub Poprad a.s.,3 : 2 pp,3,2,1:1 | 0:1 | 1:0 | 1:0,5,5,4,0,https://www.hockeyslovakia.sk/sk/stats/matches/1131/tipsport-liga/match/153077/Overview,
153078,,,,,Hokejový klub Dukla Ingema Michalovce,"HC SLOVAN Bratislava, a.s.",2 : 3,2,3,1:0 | 0:1 | 1:2,5,11,6,0,https://www.hockeyslovakia.sk/sk/stats/matches/1131/tipsport-liga/match/153078/Overview,
153079,,,,,HC Košice s.r.o.,"Hokejový klub DUKLA Trenčín, a.s.",2 : 1,2,1,1:0 | 1:0 | 0:1,3,4,6,0,https://www.hockeyslovakia.sk/sk/stats/matches/1131/tipsport-liga/match/153079/Overview,
153080,,,,,"HK Rysy, s.r.o.","VLCI ŽILINA, a.s.",1 : 5,1,5,0:2 | 1:1 | 0:2,6,11,4,0,https://www.hockeyslovakia.sk/sk/stats/matches/1131/tipsport-liga/match/153080/Overview,
153081,,,,,"HK Nitra, s.r.o.","HC ‘05 BANSKÁ BYSTRICA, a.s.",4 : 1,4,1,2:1 | 0:0 | 2:0,5,11,8,0,https://www.hockeyslovakia.sk/sk/stats/matches/1131/tipsport-liga/match/153081/Overview,
153082,,,,,HKM a.s,Presov Hockey a.s.,5 : 0,5,0,1:0 | 3:0 | 1:0,5,7,4,0,https://www.hockeyslovakia.sk/sk/stats/matches/1131/tipsport-liga/match/153082/Overview,
153083,,,,,Hokejový klub Poprad a.s.,Presov Hockey a.s.,7 : 2,7,2,3:2 | 2:0 | 2:0,10,7,8,0,https://www.hockeyslovakia.sk/sk/stats/matches/1131/tipsport-liga/match/153083/Overview,
153084,,,,,HKM a.s,"HC ‘05 BANSKÁ BYSTRICA, a.s.",1 : 6,1,6,0:3 | 1:1 | 0:2,8,9,4,0,https://www.hockeyslovakia.sk/sk/stats/matches/1131/tipsport-liga/match/153084/Overview,
153085,,,,,"HK Nitra, s.r.o.","VLCI ŽILINA, a.s.",1 : 3,1,3,0:2 | 1:1 | 0:0,4,7,8,0,https://www.hockeyslovakia.sk/sk/stats/matches/1131/tipsport-liga/match/153085/Overview,
153086,,,,,"HK Rysy, s.r.o.","Hokejový klub DUKLA Trenčín, a.s.",2 : 1,2,1,0:0 | 1:0 | 1:1,3,4,4,0,https://www.hockeyslovakia.sk/sk/stats/matches/1131/tipsport-liga/match/153086/Overview,
153087,,,,,HC Košice s.r.o.,"HC SLOVAN Bratislava, a.s.",1 : 2 sn,1,2,0:0 | 1:1 | 0:0 | 0:0,3,10,8,0,https://www.hockeyslovakia.sk/sk/stats/matches/1131/tipsport-liga/match/153087/Overview,
153088,,,,,Hokejový klub Dukla Ingema Michalovce,"Mestský Hokejový klub 32 Liptovský Mikuláš, a.s.",3 : 2,3,2,0:0 | 0:1 | 3:1,5,11,4,0,https://www.hockeyslovakia.sk/sk/stats/matches/1131/tipsport-liga/match/153088/Overview,
153089,,,,,Hokejový klub Dukla Ingema Michalovce,Hokejový klub Poprad a.s.,2 : 3 pp,2,3,1:2 | 1:0 | 0:0 | 0:1,5,7,4,0,https://www.hockeyslovakia.sk/sk/stats/matches/1131/tipsport-liga/match/153089/Overview,
153090,,,,,"Mestský Hokejový klub 32 Liptovský Mikuláš, a.s.",HC Košice s.r.o.,0 : 5,0,5,0:3 | 0:1 | 0:1,6,17,4,0,https://www.hockeyslovakia.sk/sk/stats/matches/1131/tipsport-liga/match/153090/Overview,
153091,,,,,"HC SLOVAN Bratislava, a.s.","HK Rysy, s.r.o.",6 : 4,6,4,3:1 | 1:2 | 2:1,11,8,6,0,https://www.hockeyslovakia.sk/sk/stats/matches/1131/tipsport-liga/match/153091/Overview,
153092,,,,,"Hokejový klub DUKLA Trenčín, a.s.","HK Nitra, s.r.o.",1 : 4,1,4,0:3 | 0:0 | 1:1,5,8,6,0,https://www.hockeyslovakia.sk/sk/stats/matches/1131/tipsport-liga/match/153092/Overview,
153093,,,,,"VLCI ŽILINA, a.s.",HKM a.s,6 : 5 pp,6,5,1:2 | 4:0 | 0:3 | 1:0,12,5,6,0,https://www.hockeyslovakia.sk/sk/stats/matches/1131/tipsport-liga/match/153093/Overview,
153094,,,,,Presov Hockey a.s.,"HC ‘05 BANSKÁ BYSTRICA, a.s.",4 : 1,4,1,1:1 | 1:0 | 2:0,5,6,6,0,https://www.hockeyslovakia.sk/sk/stats/matches/1131/tipsport-liga/match/153094/Overview,
153095,,,,,"HC ‘05 BANSKÁ BYSTRICA, a.s.",Hokejový klub Poprad a.s.,3 : 0,3,0,2:0 | 1:0 | 0:0,3,7,4,0,https://www.hockeyslovakia.sk/sk/stats/matches/1131/tipsport-liga/match/153095/Overview,
153096,,,,,Presov Hockey a.s.,"VLCI ŽILINA, a.s.",4 : 7,4,7,0:0 | 2:5 | 2:2,12,12,6,0,https://www.hockeyslovakia.sk/sk/stats/matches/1131/tipsport-liga/match/153096/Overview,
153097,,,,,HKM a.s,"Hokejový klub DUKLA Trenčín, a.s.",3 : 2 sn,3,2,0:1 | 1:0 | 1:1 | 0:0,5,6,4,0,https://www.hockeyslovakia.sk/sk/stats/matches/1131/tipsport-liga/match/153097/Overview,
153098,,,,,"HK Nitra, s.r.o.","HC SLOVAN Bratislava, a.s.",5 : 4 sn,5,4,0:1 | 2:0 | 2:3 | 0:0,9,16,12,0,https://www.hockeyslovakia.sk/sk/stats/matches/1131/tipsport-liga/match/153098/Overview,
153099,,,,,"HK Rysy, s.r.o.","Mestský Hokejový klub 32 Liptovský Mikuláš, a.s.",2 : 5,2,5,1:1 | 1:3 | 0:1,8,9,4,0,https://www.hockeyslovakia.sk/sk/stats/matches/1131/tipsport-liga/match/153099/Overview,
153100,,,,,HC Košice s.r.o.,Hokejový klub Dukla Ingema Michalovce,6 : 2,6,2,3:0 | 1:1 | 2:1,9,5,6,0,https://www.hockeyslovakia.sk/sk/stats/matches/1131/tipsport-liga/match/153100/Overview,
153101,,,,,HC Košice s.r.o.,Hokejový klub Poprad a.s.,6 : 3,6,3,2:2 | 1:0 | 3:1,9,9,4,0,https://www.hockeyslovakia.sk/sk/stats/matches/1131/tipsport-liga/match/153101/Overview,
153102,,,,,Hokejový klub Dukla Ingema Michalovce,"HK Rysy, s.r.o.",4 : 3,4,3,2:2 | 1:1 | 1:0,7,6,6,0,https://www.hockeyslovakia.sk/sk/stats/matches/1131/tipsport-liga/match/153102/Overview,
153103,,,,,"Mestský Hokejový klub 32 Liptovský Mikuláš, a.s.","HK Nitra, s.r.o.",2 : 5,2,5,0:1 | 1:4 | 1:0,8,9,4,0,https://www.hockeyslovakia.sk/sk/stats/matches/1131/tipsport-liga/match/153103/Overview,
153104,,,,,"HC SLOVAN Bratislava, a.s.",HKM a.s,4 : 3 pp,4,3,0:0 | 2:2 | 1:1 | 1:0,7,7,4,0,https://www.hockeyslovakia.sk/sk/stats/matches/1131/tipsport-liga/match/153104/Overview,
153105,,,,,"Hokejový klub DUKLA Trenčín, a.s.",Presov Hockey a.s.,3 : 1,3,1,2:0 | 1:1 | 0:0,4,7,6,0,https://www.hockeyslovakia.sk/sk/stats/matches/1131/tipsport-liga/match/153105/Overview,
153106,,,,,"VLCI ŽILINA, a.s.","HC ‘05 BANSKÁ BYSTRICA, a.s.",4 : 3 pp,4,3,1:1 | 0:0 | 2:2 | 1:0,7,4,4,0,https://www.hockeyslovakia.sk/sk/stats/matches/1131/tipsport-liga/match/153106/Overview,
153107,,,,,Hokejový klub Poprad a.s.,"VLCI ŽILINA, a.s.",5 : 2,5,2,1:1 | 1:0 | 3:1,8,12,8,0,https://www.hockeyslovakia.sk/sk/stats/matches/1131/tipsport-liga/match/153107/Overview,
153108,,,,,"HC ‘05 BANSKÁ BYSTRICA, a.s.","Hokejový klub DUKLA Trenčín, a.s.",4 : 0,4,0,0:0 | 3:0 | 1:0,4,10,4,0,https://www.hockeyslovakia.sk/sk/stats/matches/1131/tipsport-liga/match/153108/Overview,
153109,,,,,"HC SLOVAN Bratislava, a.s.",Presov Hockey a.s.,5 : 3,5,3,0:0 | 3:0 | 2:3,8,11,6,0,https://www.hockeyslovakia.sk/sk/stats/matches/1131/tipsport-liga/match/153109/Overview,
153110,,,,,HKM a.s,"Mestský Hokejový klub 32 Liptovský Mikuláš, a.s.",3 : 2,3,2,1:0 | 1:0 | 1:2,5,6,6,0,https://www.hockeyslovakia.sk/sk/stats/matches/1131/tipsport-liga/match/153110/Overview,
153111,,,,,"HK Nitra, s.r.o.",Hokejový klub Dukla Ingema Michalovce,2 : 5,2,5,1:2 | 1:1 | 0:2,7,6,4,0,https://www.hockeyslovakia.sk/sk/stats/matches/1131/tipsport-liga/match/153111/Overview,
153112,,,,,"HK Rysy, s.r.o.",HC Košice s.r.o.,1 : 2 sn,1,2,1:1 | 0:0 | 0:0 | 0:0,3,9,4,0,https://www.hockeyslovakia.sk/sk/stats/matches/1131/tipsport-liga/match/153112/Overview,
153113,,,,,"HK Rysy, s.r.o.",Hokejový klub Poprad a.s.,4 : 2,4,2,0:2 | 2:0 | 2:0,6,6,6,0,https://www.hockeyslovakia.sk/sk/stats/matches/1131/tipsport-liga/match/153113/Overview,
153114,,,,,HC Košice s.r.o.,"HK Nitra, s.r.o.",0 : 5,0,5,0:2 | 0:2 | 0:1,5,15,6,0,https://www.hockeyslovakia.sk/sk/stats/matches/1131/tipsport-liga/match/153114/Overview,
153115,,,,,Hokejový klub Dukla Ingema Michalovce,HKM a.s,1 : 5,1,5,0:1 | 1:2 | 0:2,6,9,4,0,https://www.hockeyslovakia.sk/sk/stats/matches/1131/tipsport-liga/match/153115/Overview,
153116,,,,,"Mestský Hokejový klub 32 Liptovský Mikuláš, a.s.",Presov Hockey a.s.,5 : 6 pp,5,6,2:1 | 2:1 | 1:3 | 0:1,11,10,4,0,https://www.hockeyslovakia.sk/sk/stats/matches/1131/tipsport-liga/match/153116/Overview,
153117,,,,,"HC SLOVAN Bratislava, a.s.","HC ‘05 BANSKÁ BYSTRICA, a.s.",4 : 3,4,3,1:0 | 1:1 | 2:2,7,3,4,0,https://www.hockeyslovakia.sk/sk/stats/matches/1131/tipsport-liga/match/153117/Overview,
153118,,,,,"Hokejový klub DUKLA Trenčín, a.s.","VLCI ŽILINA, a.s.",4 : 5,4,5,0:2 | 2:2 | 2:1,9,5,4,0,https://www.hockeyslovakia.sk/sk/stats/matches/1131/tipsport-liga/match/153118/Overview,
153119,,,,,Hokejový klub Poprad a.s.,"Hokejový klub DUKLA Trenčín, a.s.",4 : 0,4,0,0:0 | 2:0 | 2:0,4,6,8,0,https://www.hockeyslovakia.sk/sk/stats/matches/1131/tipsport-liga/match/153119/Overview,
153120,,,,,"VLCI ŽILINA, a.s.","HC SLOVAN Bratislava, a.s.",1 : 3,1,3,0:0 | 0:0 | 1:3,4,12,4,0,https://www.hockeyslovakia.sk/sk/stats/matches/1131/tipsport-liga/match/153120/Overview,
153121,,,,,"HC ‘05 BANSKÁ BYSTRICA, a.s.","Mestský Hokejový klub 32 Liptovský Mikuláš, a.s.",5 : 4 sn,5,4,3:2 | 0:1 | 1:1 | 0:0,9,6,6,0,https://www.hockeyslovakia.sk/sk/stats/matches/1131/tipsport-liga/match/153121/Overview,
153122,,,,,Presov Hockey a.s.,Hokejový klub Dukla Ingema Michalovce,4 : 3,4,3,0:2 | 0:1 | 4:0,7,11,4,0,https://www.hockeyslovakia.sk/sk/stats/matches/1131/tipsport-liga/match/153122/Overview,
153123,,,,,HKM a.s,HC Košice s.r.o.,4 : 3 sn,4,3,0:0 | 1:2 | 2:1 | 0:0,7,5,4,0,https://www.hockeyslovakia.sk/sk/stats/matches/1131/tipsport-liga/match/153123/Overview,
153124,,,,,"HK Nitra, s.r.o.","HK Rysy, s.r.o.",4 : 2,4,2,0:1 | 2:1 | 2:0,6,13,6,0,https://www.hockeyslovakia.sk/sk/stats/matches/1131/tipsport-liga/match/153124/Overview,
153125,,,,,"HK Nitra, s.r.o.",Hokejový klub Poprad a.s.,0 : 1,0,1,0:1 | 0:0 | 0:0,1,9,4,0,https://www.hockeyslovakia.sk/sk/stats/matches/1131/tipsport-liga/match/153125/Overview,
153126,,,,,"HK Rysy, s.r.o.",HKM a.s,2 : 1,2,1,2:0 | 0:0 | 0:1,3,7,4,0,https://www.hockeyslovakia.sk/sk/stats/matches/1131/tipsport-liga/match/153126/Overview,
153127,,,,,HC Košice s.r.o.,Presov Hockey a.s.,6 : 1,6,1,2:0 | 2:0 | 2:1,7,4,4,0,https://www.hockeyslovakia.sk/sk/stats/matches/1131/tipsport-liga/match/153127/Overview,
153128,,,,,Hokejový klub Dukla Ingema Michalovce,"HC ‘05 BANSKÁ BYSTRICA, a.s.",5 : 3,5,3,2:1 | 3:1 | 0:1,9,12,4,0,https://www.hockeyslovakia.sk/sk/stats/matches/1131/tipsport-liga/match/153128/Overview,
153129,,,,,"Mestský Hokejový klub 32 Liptovský Mikuláš, a.s.","VLCI ŽILINA, a.s.",3 : 1,3,1,2:1 | 1:0 | 0:0,4,11,4,0,https://www.hockeyslovakia.sk/sk/stats/matches/1131/tipsport-liga/match/153129/Overview,
153130,,,,,"HC SLOVAN Bratislava, a.s.","Hokejový klub DUKLA Trenčín, a.s.",1 : 4,1,4,0:1 | 0:1 | 1:2,5,5,6,0,https://www.hockeyslovakia.sk/sk/stats/matches/1131/tipsport-liga/match/153130/Overview,
153131,,,,,Hokejový klub Poprad a.s.,"HC SLOVAN Bratislava, a.s.",4 : 0,4,0,0:0 | 2:0 | 2:0,4,18,6,0,https://www.hockeyslovakia.sk/sk/stats/matches/1131/tipsport-liga/match/153131/Overview,
153132,,,,,"Hokejový klub DUKLA Trenčín, a.s.","Mestský Hokejový klub 32 Liptovský Mikuláš, a.s.",3 : 1,3,1,1:0 | 2:0 | 0:1,4,8,4,0,https://www.hockeyslovakia.sk/sk/stats/matches/1131/tipsport-liga/match/153132/Overview,
153133,,,,,"VLCI ŽILINA, a.s.",Hokejový klub Dukla Ingema Michalovce,5 : 4 sn,5,4,1:1 | 1:1 | 2:2 | 0:0,9,3,4,0,https://www.hockeyslovakia.sk/sk/stats/matches/1131/tipsport-liga/match/153133/Overview,
153134,,,,,"HC ‘05 BANSKÁ BYSTRICA, a.s.",HC Košice s.r.o.,1 : 2,1,2,0:1 | 0:1 | 1:0,3,4,6,0,https://www.hockeyslovakia.sk/sk/stats/matches/1131/tipsport-liga/match/153134/Overview,
153135,,,,,Presov Hockey a.s.,"HK Rysy, s.r.o.",4 : 2,4,2,0:0 | 2:1 | 2:1,6,11,6,0,https://www.hockeyslovakia.sk/sk/stats/matches/1131/tipsport-liga/match/153135/Overview,
153136,,,,,HKM a.s,"HK Nitra, s.r.o.",2 : 8,2,8,0:4 | 0:2 | 2:2,11,7,4,0,https://www.hockeyslovakia.sk/sk/stats/matches/1131/tipsport-liga/match/153136/Overview,
153137,,,,,HKM a.s,Hokejový klub Poprad a.s.,2 : 3 pp,2,3,0:1 | 1:0 | 1:1 | 0:1,5,6,4,0,https://www.hockeyslovakia.sk/sk/stats/matches/1131/tipsport-liga/match/153137/Overview,
153138,,,,,"HK Nitra, s.r.o.",Presov Hockey a.s.,4 : 2,4,2,2:0 | 1:2 | 1:0,7,10,6,0,https://www.hockeyslovakia.sk/sk/stats/matches/1131/tipsport-liga/match/153138/Overview,
153139,,,,,"HK Rysy, s.r.o.","HC ‘05 BANSKÁ BYSTRICA, a.s.",5 : 2,5,2,1:0 | 2:1 | 2:1,7,4,6,0,https://www.hockeyslovakia.sk/sk/stats/matches/1131/tipsport-liga/match/153139/Overview,
153140,,,,,HC Košice s.r.o.,"VLCI ŽILINA, a.s.",4 : 2,4,2,1:1 | 2:0 | 1:1,6,11,10,0,https://www.hockeyslovakia.sk/sk/stats/matches/1131/tipsport-liga/match/153140/Overview,
153141,,,,,Hokejový klub Dukla Ingema Michalovce,"Hokejový klub DUKLA Trenčín, a.s.",4 : 2,4,2,0:0 | 3:2 | 1:0,6,10,6,0,https://www.hockeyslovakia.sk/sk/stats/matches/1131/tipsport-liga/match/153141/Overview,
153142,,,,,"Mestský Hokejový klub 32 Liptovský Mikuláš, a.s.","HC SLOVAN Bratislava, a.s.",4 : 3 sn,4,3,0:0 | 1:3 | 2:0 | 0:0,7,7,4,0,https://www.hockeyslovakia.sk/sk/stats/matches/1131/tipsport-liga/match/153142/Overview,
153143,,,,,Hokejový klub Poprad a.s.,"Mestský Hokejový klub 32 Liptovský Mikuláš, a.s.",3 : 4 pp,3,4,2:1 | 0:0 | 1:2 | 0:1,7,6,4,0,https://www.hockeyslovakia.sk/sk/stats/matches/1131/tipsport-liga/match/153143/Overview,
153144,,,,,"HC SLOVAN Bratislava, a.s.",Hokejový klub Dukla Ingema Michalovce,3 : 0,3,0,1:0 | 1:0 | 1:0,3,4,6,0,https://www.hockeyslovakia.sk/sk/stats/matches/1131/tipsport-liga/match/153144/Overview,
153145,,,,,"Hokejový klub DUKLA Trenčín, a.s.",HC Košice s.r.o.,2 : 1,2,1,0:0 | 1:1 | 1:0,3,10,6,0,https://www.hockeyslovakia.sk/sk/stats/matches/1131/tipsport-liga/match/153145/Overview,
153146,,,,,"VLCI ŽILINA, a.s.","HK Rysy, s.r.o.",1 : 2,1,2,1:1 | 0:1 | 0:0,3,7,4,0,https://www.hockeyslovakia.sk/sk/stats/matches/1131/tipsport-liga/match/153146/Overview,
153147,,,,,"HC ‘05 BANSKÁ BYSTRICA, a.s.","HK Nitra, s.r.o.",1 : 8,1,8,0:1 | 0:4 | 1:3,10,4,4,0,https://www.hockeyslovakia.sk/sk/stats/matches/1131/tipsport-liga/match/153147/Overview,
153148,,,,,Presov Hockey a.s.,HKM a.s,2 : 3,2,3,1:0 | 1:0 | 0:3,5,11,4,0,https://www.hockeyslovakia.sk/sk/stats/matches/1131/tipsport-liga/match/153148/Overview,
153151,,,,,Presov Hockey a.s.,Hokejový klub Poprad a.s.,0 : 4,0,4,0:3 | 0:0 | 0:1,4,10,4,0,https://www.hockeyslovakia.sk/sk/stats/matches/1131/tipsport-liga/match/153151/Overview,
153156,,,,,"HC ‘05 BANSKÁ BYSTRICA, a.s.",HKM a.s,0 : 4,0,4,0:0 | 0:2 | 0:2,4,5,6,0,https://www.hockeyslovakia.sk/sk/stats/matches/1131/tipsport-liga/match/153156/Overview,
153157,,,,,"VLCI ŽILINA, a.s.","HK Nitra, s.r.o.",2 : 3 sn,2,3,1:0 | 1:2 | 0:0 | 0:0,5,13,4,0,https://www.hockeyslovakia.sk/sk/stats/matches/1131/tipsport-liga/match/153157/Overview,
153158,,,,,"Hokejový klub DUKLA Trenčín, a.s.","HK Rysy, s.r.o.",3 : 1,3,1,1:0 | 1:1 | 1:0,4,3,4,0,https://www.hockeyslovakia.sk/sk/stats/matches/1131/tipsport-liga/match/153158/Overview,
153159,,,,,"HC SLOVAN Bratislava, a.s.",HC Košice s.r.o.,1 : 4,1,4,0:2 | 0:1 | 1:1,5,12,6,0,https://www.hockeyslovakia.sk/sk/stats/matches/1131/tipsport-liga/match/153159/Overview,
153160,,,,,"Mestský Hokejový klub 32 Liptovský Mikuláš, a.s.",Hokejový klub Dukla Ingema Michalovce,6 : 3,6,3,2:2 | 1:1 | 3:0,9,6,6,0,https://www.hockeyslovakia.sk/sk/stats/matches/1131/tipsport-liga/match/153160/Overview,
153161,,,,,Hokejový klub Poprad a.s.,Hokejový klub Dukla Ingema Michalovce,4 : 5 pp,4,5,1:1 | 2:0 | 1:3 | 0:1,9,14,6,0,https://www.hockeyslovakia.sk/sk/stats/matches/1131/tipsport-liga/match/153161/Overview,
153162,,,,,HC Košice s.r.o.,"Mestský Hokejový klub 32 Liptovský Mikuláš, a.s.",4 : 0,4,0,1:0 | 0:0 | 3:0,5,10,4,0,https://www.hockeyslovakia.sk/sk/stats/matches/1131/tipsport-liga/match/153162/Overview,
153163,,,,,"HK Rysy, s.r.o.","HC SLOVAN Bratislava, a.s.",2 : 5,2,5,0:0 | 1:2 | 1:3,7,10,6,0,https://www.hockeyslovakia.sk/sk/stats/matches/1131/tipsport-liga/match/153163/Overview,
153164,,,,,"HK Nitra, s.r.o.","Hokejový klub DUKLA Trenčín, a.s.",2 : 5,2,5,1:1 | 0:0 | 1:4,7,5,4,0,https://www.hockeyslovakia.sk/sk/stats/matches/1131/tipsport-liga/match/153164/Overview,
153165,,,,,HKM a.s,"VLCI ŽILINA, a.s.",0 : 3,0,3,0:1 | 0:1 | 0:1,3,5,6,0,https://www.hockeyslovakia.sk/sk/stats/matches/1131/tipsport-liga/match/153165/Overview,
153166,,,,,"HC ‘05 BANSKÁ BYSTRICA, a.s.",Presov Hockey a.s.,6 : 0,6,0,1:0 | 2:0 | 3:0,6,8,4,0,https://www.hockeyslovakia.sk/sk/stats/matches/1131/tipsport-liga/match/153166/Overview,
153167,,,,,Hokejový klub Poprad a.s.,"HC ‘05 BANSKÁ BYSTRICA, a.s.",2 : 1 sn,2,1,0:0 | 0:0 | 1:1 | 0:0,3,5,6,0,https://www.hockeyslovakia.sk/sk/stats/matches/1131/tipsport-liga/match/153167/Overview,
153168,,,,,"VLCI ŽILINA, a.s.",Presov Hockey a.s.,2 : 3 pp,2,3,0:1 | 2:1 | 0:0 | 0:1,5,9,4,0,https://www.hockeyslovakia.sk/sk/stats/matches/1131/tipsport-liga/match/153168/Overview,
153169,,,,,"Hokejový klub DUKLA Trenčín, a.s.",HKM a.s,5 : 3,5,3,2:1 | 0:2 | 3:0,8,2,6,0,https://www.hockeyslovakia.sk/sk/stats/matches/1131/tipsport-liga/match/153169/Overview,
153170,,,,,"HK Nitra, s.r.o.","HC SLOVAN Bratislava, a.s.",2 : 5,2,5,0:2 | 2:1 | 0:2,7,8,6,0,https://www.hockeyslovakia.sk/sk/stats/matches/1131/tipsport-liga/match/153170/Overview,
153171,,,,,"Mestský Hokejový klub 32 Liptovský Mikuláš, a.s.","HK Rysy, s.r.o.",2 : 3 sn,2,3,0:0 | 1:1 | 1:1 | 0:0,5,4,4,0,https://www.hockeyslovakia.sk/sk/stats/matches/1131/tipsport-liga/match/153171/Overview,
153172,,,,,Hokejový klub Dukla Ingema Michalovce,HC Košice s.r.o.,2 : 3 sn,2,3,0:1 | 1:0 | 1:1 | 0:0,5,15,4,0,https://www.hockeyslovakia.sk/sk/stats/matches/1131/tipsport-liga/match/153172/Overview,
153173,,,,,Hokejový klub Poprad a.s.,HC Košice s.r.o.,8 : 2,8,2,3:0 | 3:2 | 2:0,11,13,8,0,https://www.hockeyslovakia.sk/sk/stats/matches/1131/tipsport-liga/match/153173/Overview,
153174,,,,,"HK Rysy, s.r.o.",Hokejový klub Dukla Ingema Michalovce,2 : 3 sn,2,3,1:0 | 0:2 | 1:0 | 0:0,5,7,4,0,https://www.hockeyslovakia.sk/sk/stats/matches/1131/tipsport-liga/match/153174/Overview,
153175,,,,,"HK Nitra, s.r.o.","Mestský Hokejový klub 32 Liptovský Mikuláš, a.s.",3 : 4,3,4,0:1 | 3:3 | 0:0,7,9,4,0,https://www.hockeyslovakia.sk/sk/stats/matches/1131/tipsport-liga/match/153175/Overview,
153176,,,,,HKM a.s,"HC SLOVAN Bratislava, a.s.",0 : 3,0,3,0:0 | 0:1 | 0:2,3,7,8,0,https://www.hockeyslovakia.sk/sk/stats/matches/1131/tipsport-liga/match/153176/Overview,
153177,,,,,Presov Hockey a.s.,"Hokejový klub DUKLA Trenčín, a.s.",3 : 2,3,2,2:0 | 0:1 | 1:1,5,8,4,0,https://www.hockeyslovakia.sk/sk/stats/matches/1131/tipsport-liga/match/153177/Overview,
153178,,,,,"HC ‘05 BANSKÁ BYSTRICA, a.s.","VLCI ŽILINA, a.s.",5 : 1,5,1,0:0 | 4:1 | 1:0,7,15,4,0,https://www.hockeyslovakia.sk/sk/stats/matches/1131/tipsport-liga/match/153178/Overview,
153179,,,,,"HC ‘05 BANSKÁ BYSTRICA, a.s.",HKM a.s,2 : 5,2,5,1:2 | 0:2 | 1:1,7,17,4,0,https://www.hockeyslovakia.sk/sk/stats/matches/1131/tipsport-liga/match/153179/Overview,
153180,,,,,"VLCI ŽILINA, a.s.","HK Nitra, s.r.o.",6 : 4,6,4,1:2 | 2:0 | 3:2,10,4,6,0,https://www.hockeyslovakia.sk/sk/stats/matches/1131/tipsport-liga/match/153180/Overview,
153181,,,,,"Hokejový klub DUKLA Trenčín, a.s.","HC SLOVAN Bratislava, a.s.",3 : 4 sn,3,4,3:2 | 0:1 | 0:0 | 0:0,7,15,4,0,https://www.hockeyslovakia.sk/sk/stats/matches/1131/tipsport-liga/match/153181/Overview,
153182,,,,,Hokejový klub Poprad a.s.,Presov Hockey a.s.,3 : 2 pp,3,2,0:2 | 1:0 | 1:0 | 1:0,5,10,4,0,https://www.hockeyslovakia.sk/sk/stats/matches/1131/tipsport-liga/match/153182/Overview,
153183,,,,,"Mestský Hokejový klub 32 Liptovský Mikuláš, a.s.","HK Rysy, s.r.o.",3 : 2 pp,3,2,0:1 | 1:0 | 1:1 | 1:0,5,17,6,0,https://www.hockeyslovakia.sk/sk/stats/matches/1131/tipsport-liga/match/153183/Overview,
153184,,,,,Hokejový klub Dukla Ingema Michalovce,HC Košice s.r.o.,5 : 2,5,2,3:1 | 2:0 | 0:1,8,9,4,0,https://www.hockeyslovakia.sk/sk/stats/matches/1131/tipsport-liga/match/153184/Overview,
153185,,,,,HKM a.s,"HC SLOVAN Bratislava, a.s.",1 : 4,1,4,1:1 | 0:1 | 0:2,5,10,6,0,https://www.hockeyslovakia.sk/sk/stats/matches/1131/tipsport-liga/match/153185/Overview,
153186,,,,,"HK Nitra, s.r.o.","Hokejový klub DUKLA Trenčín, a.s.",2 : 4,2,4,0:0 | 2:2 | 0:2,7,10,4,0,https://www.hockeyslovakia.sk/sk/stats/matches/1131/tipsport-liga/match/153186/Overview,
153187,,,,,"VLCI ŽILINA, a.s.","HC ‘05 BANSKÁ BYSTRICA, a.s.",5 : 4 sn,5,4,0:4 | 3:0 | 1:0 | 0:0,10,15,4,0,https://www.hockeyslovakia.sk/sk/stats/matches/1131/tipsport-liga/match/153187/Overview,
153188,,,,,Hokejový klub Poprad a.s.,HC Košice s.r.o.,7 : 1,7,1,3:1 | 3:0 | 1:0,8,8,6,0,https://www.hockeyslovakia.sk/sk/stats/matches/1131/tipsport-liga/match/153188/Overview,
153189,,,,,"HK Rysy, s.r.o.",Hokejový klub Dukla Ingema Michalovce,5 : 0,5,0,1:0 | 0:0 | 4:0,5,12,6,0,https://www.hockeyslovakia.sk/sk/stats/matches/1131/tipsport-liga/match/153189/Overview,
153190,,,,,Presov Hockey a.s.,"Mestský Hokejový klub 32 Liptovský Mikuláš, a.s.",0 : 3,0,3,0:1 | 0:0 | 0:2,3,5,6,0,https://www.hockeyslovakia.sk/sk/stats/matches/1131/tipsport-liga/match/153190/Overview,
153191,,,,,"VLCI ŽILINA, a.s.",HKM a.s,3 : 0,3,0,2:0 | 0:0 | 1:0,3,4,4,0,https://www.hockeyslovakia.sk/sk/stats/matches/1131/tipsport-liga/match/153191/Overview,
153192,,,,,"Hokejový klub DUKLA Trenčín, a.s.","HC ‘05 BANSKÁ BYSTRICA, a.s.",2 : 3,2,3,0:0 | 1:1 | 1:2,5,9,4,0,https://www.hockeyslovakia.sk/sk/stats/matches/1131/tipsport-liga/match/153192/Overview,
153193,,,,,"HC SLOVAN Bratislava, a.s.","HK Nitra, s.r.o.",2 : 3,2,3,1:1 | 0:1 | 1:1,5,2,6,0,https://www.hockeyslovakia.sk/sk/stats/matches/1131/tipsport-liga/match/153193/Overview,
153194,,,,,"Mestský Hokejový klub 32 Liptovský Mikuláš, a.s.",Hokejový klub Poprad a.s.,3 : 7,3,7,0:0 | 0:5 | 3:2,11,23,8,0,https://www.hockeyslovakia.sk/sk/stats/matches/1131/tipsport-liga/match/153194/Overview,
153195,,,,,Hokejový klub Dukla Ingema Michalovce,Presov Hockey a.s.,7 : 0,7,0,1:0 | 3:0 | 3:0,8,7,4,0,https://www.hockeyslovakia.sk/sk/stats/matches/1131/tipsport-liga/match/153195/Overview,
153196,,,,,HC Košice s.r.o.,"HK Rysy, s.r.o.",2 : 0,2,0,0:0 | 1:0 | 1:0,2,7,10,0,https://www.hockeyslovakia.sk/sk/stats/matches/1131/tipsport-liga/match/153196/Overview,
153197,,,,,HKM a.s,"HK Nitra, s.r.o.",0 : 5,0,5,0:0 | 0:3 | 0:2,5,4,4,0,https://www.hockeyslovakia.sk/sk/stats/matches/1131/tipsport-liga/match/153197/Overview,
153198,,,,,"HC ‘05 BANSKÁ BYSTRICA, a.s.","HC SLOVAN Bratislava, a.s.",5 : 0,5,0,2:0 | 3:0 | 0:0,6,13,4,0,https://www.hockeyslovakia.sk/sk/stats/matches/1131/tipsport-liga/match/153198/Overview,
153199,,,,,"VLCI ŽILINA, a.s.","Hokejový klub DUKLA Trenčín, a.s.",4 : 2,4,2,0:1 | 3:0 | 1:1,6,7,6,0,https://www.hockeyslovakia.sk/sk/stats/matches/1131/tipsport-liga/match/153199/Overview,
153200,,,,,Hokejový klub Poprad a.s.,"HK Rysy, s.r.o.",7 : 2,7,2,2:1 | 4:0 | 1:1,10,4,4,0,https://www.hockeyslovakia.sk/sk/stats/matches/1131/tipsport-liga/match/153200/Overview,
153201,,,,,Presov Hockey a.s.,HC Košice s.r.o.,2 : 1 pp,2,1,0:0 | 1:1 | 0:0 | 1:0,3,5,4,0,https://www.hockeyslovakia.sk/sk/stats/matches/1131/tipsport-liga/match/153201/Overview,
153202,,,,,"Mestský Hokejový klub 32 Liptovský Mikuláš, a.s.",Hokejový klub Dukla Ingema Michalovce,2 : 6,2,6,1:3 | 1:1 | 0:2,8,11,4,0,https://www.hockeyslovakia.sk/sk/stats/matches/1131/tipsport-liga/match/153202/Overview,
153203,,,,,"Hokejový klub DUKLA Trenčín, a.s.",HKM a.s,3 : 4 pp,3,4,2:2 | 1:1 | 0:0 | 0:1,7,9,4,0,https://www.hockeyslovakia.sk/sk/stats/matches/1131/tipsport-liga/match/153203/Overview,
153204,,,,,"VLCI ŽILINA, a.s.","HC SLOVAN Bratislava, a.s.",2 : 6,2,6,0:3 | 0:1 | 2:2,9,13,6,0,https://www.hockeyslovakia.sk/sk/stats/matches/1131/tipsport-liga/match/153204/Overview,
153205,,,,,"HK Nitra, s.r.o.","HC ‘05 BANSKÁ BYSTRICA, a.s.",2 : 3 pp,2,3,0:1 | 2:0 | 0:1 | 0:1,5,8,4,0,https://www.hockeyslovakia.sk/sk/stats/matches/1131/tipsport-liga/match/153205/Overview,
153206,,,,,Hokejový klub Dukla Ingema Michalovce,Hokejový klub Poprad a.s.,2 : 5,2,5,0:1 | 0:1 | 2:3,7,10,6,0,https://www.hockeyslovakia.sk/sk/stats/matches/1131/tipsport-liga/match/153206/Overview,
153207,,,,,HC Košice s.r.o.,"Mestský Hokejový klub 32 Liptovský Mikuláš, a.s.",4 : 3,4,3,2:2 | 1:1 | 1:0,7,8,4,0,https://www.hockeyslovakia.sk/sk/stats/matches/1131/tipsport-liga/match/153207/Overview,
153208,,,,,"HK Rysy, s.r.o.",Presov Hockey a.s.,3 : 0,3,0,1:0 | 2:0 | 0:0,3,5,4,0,https://www.hockeyslovakia.sk/sk/stats/matches/1131/tipsport-liga/match/153208/Overview,
153209,,,,,HKM a.s,"HC ‘05 BANSKÁ BYSTRICA, a.s.",2 : 5,2,5,1:2 | 1:2 | 0:1,7,9,4,0,https://www.hockeyslovakia.sk/sk/stats/matches/1131/tipsport-liga/match/153209/Overview,
153210,,,,,"HK Nitra, s.r.o.","VLCI ŽILINA, a.s.",4 : 1,4,1,1:1 | 0:0 | 3:0,5,7,6,0,https://www.hockeyslovakia.sk/sk/stats/matches/1131/tipsport-liga/match/153210/Overview,
153211,,,,,"HC SLOVAN Bratislava, a.s.","Hokejový klub DUKLA Trenčín, a.s.",2 : 1,2,1,0:0 | 1:0 | 1:1,3,6,4,0,https://www.hockeyslovakia.sk/sk/stats/matches/1131/tipsport-liga/match/153211/Overview,
153212,,,,,Presov Hockey a.s.,Hokejový klub Poprad a.s.,2 : 5,2,5,1:3 | 1:1 | 0:1,7,5,6,0,https://www.hockeyslovakia.sk/sk/stats/matches/1131/tipsport-liga/match/153212/Overview,
153213,,,,,"HK Rysy, s.r.o.","Mestský Hokejový klub 32 Liptovský Mikuláš, a.s.",2 : 4,2,4,1:1 | 0:0 | 1:3,6,5,6,0,https://www.hockeyslovakia.sk/sk/stats/matches/1131/tipsport-liga/match/153213/Overview,
153214,,,,,HC Košice s.r.o.,Hokejový klub Dukla Ingema Michalovce,1 : 0,1,0,0:0 | 1:0 | 0:0,1,5,10,0,https://www.hockeyslovakia.sk/sk/stats/matches/1131/tipsport-liga/match/153214/Overview,
153215,,,,,"HC SLOVAN Bratislava, a.s.",HKM a.s,6 : 2,6,2,2:0 | 1:2 | 3:0,8,8,4,0,https://www.hockeyslovakia.sk/sk/stats/matches/1131/tipsport-liga/match/153215/Overview,
153216,,,,,"Hokejový klub DUKLA Trenčín, a.s.","HK Nitra, s.r.o.",3 : 2 pp,3,2,1:0 | 1:1 | 0:1 | 1:0,5,3,6,0,https://www.hockeyslovakia.sk/sk/stats/matches/1131/tipsport-liga/match/153216/Overview,
153217,,,,,"HC ‘05 BANSKÁ BYSTRICA, a.s.","VLCI ŽILINA, a.s.",3 : 2,3,2,0:0 | 2:2 | 1:0,5,10,4,0,https://www.hockeyslovakia.sk/sk/stats/matches/1131/tipsport-liga/match/153217/Overview,
153218,,,,,HC Košice s.r.o.,Hokejový klub Poprad a.s.,2 : 0,2,0,2:0 | 0:0 | 0:0,2,19,8,0,https://www.hockeyslovakia.sk/sk/stats/matches/1131/tipsport-liga/match/153218/Overview,
153219,,,,,Hokejový klub Dukla Ingema Michalovce,"HK Rysy, s.r.o.",4 : 2,4,2,1:1 | 2:0 | 1:1,6,9,4,0,https://www.hockeyslovakia.sk/sk/stats/matches/1131/tipsport-liga/match/153219/Overview,
153220,,,,,"Mestský Hokejový klub 32 Liptovský Mikuláš, a.s.",Presov Hockey a.s.,5 : 2,5,2,1:0 | 2:2 | 2:0,7,5,4,0,https://www.hockeyslovakia.sk/sk/stats/matches/1131/tipsport-liga/match/153220/Overview,
153221,,,,,HKM a.s,"VLCI ŽILINA, a.s.",3 : 4,3,4,2:1 | 0:2 | 1:1,7,4,4,0,https://www.hockeyslovakia.sk/sk/stats/matches/1131/tipsport-liga/match/153221/Overview,
153222,,,,,"HC ‘05 BANSKÁ BYSTRICA, a.s.","Hokejový klub DUKLA Trenčín, a.s.",4 : 3 pp,4,3,1:2 | 0:1 | 2:0 | 1:0,7,2,4,0,https://www.hockeyslovakia.sk/sk/stats/matches/1131/tipsport-liga/match/153222/Overview,
153223,,,,,"HK Nitra, s.r.o.","HC SLOVAN Bratislava, a.s.",5 : 4 sn,5,4,0:1 | 4:0 | 0:3 | 0:0,9,15,10,0,https://www.hockeyslovakia.sk/sk/stats/matches/1131/tipsport-liga/match/153223/Overview,
153224,,,,,Hokejový klub Poprad a.s.,"Mestský Hokejový klub 32 Liptovský Mikuláš, a.s.",2 : 1 pp,2,1,0:0 | 1:1 | 0:0 | 1:0,3,8,4,0,https://www.hockeyslovakia.sk/sk/stats/matches/1131/tipsport-liga/match/153224/Overview,
153225,,,,,Presov Hockey a.s.,Hokejový klub Dukla Ingema Michalovce,4 : 3,4,3,2:1 | 1:1 | 1:1,7,18,6,0,https://www.hockeyslovakia.sk/sk/stats/matches/1131/tipsport-liga/match/153225/Overview,
153226,,,,,"HK Rysy, s.r.o.",HC Košice s.r.o.,2 : 1 pp,2,1,0:0 | 0:1 | 1:0 | 1:0,3,9,4,0,https://www.hockeyslovakia.sk/sk/stats/matches/1131/tipsport-liga/match/153226/Overview,
153227,,,,,"HK Rysy, s.r.o.",Hokejový klub Dukla Ingema Michalovce,1 : 2,1,2,1:0 | 0:2 | 0:0,3,5,4,0,https://www.hockeyslovakia.sk/sk/stats/matches/1131/tipsport-liga/match/153227/Overview,
153228,,,,,"Mestský Hokejový klub 32 Liptovský Mikuláš, a.s.",HKM a.s,2 : 1 pp,2,1,0:0 | 1:1 | 0:0 | 1:0,3,9,4,0,https://www.hockeyslovakia.sk/sk/stats/matches/1131/tipsport-liga/match/153228/Overview,
153229,,,,,"HK Rysy, s.r.o.",Hokejový klub Dukla Ingema Michalovce,5 : 0,5,0,1:0 | 0:0 | 4:0,5,16,4,0,https://www.hockeyslovakia.sk/sk/stats/matches/1131/tipsport-liga/match/153229/Overview,
153230,,,,,"Mestský Hokejový klub 32 Liptovský Mikuláš, a.s.",HKM a.s,5 : 0,5,0,2:0 | 1:0 | 2:0,6,15,4,0,https://www.hockeyslovakia.sk/sk/stats/matches/1131/tipsport-liga/match/153230/Overview,
153231,,,,,Hokejový klub Dukla Ingema Michalovce,"HK Rysy, s.r.o.",3 : 2,3,2,2:0 | 1:1 | 0:1,5,14,4,0,https://www.hockeyslovakia.sk/sk/stats/matches/1131/tipsport-liga/match/153231/Overview,
153232,,,,,HKM a.s,"Mestský Hokejový klub 32 Liptovský Mikuláš, a.s.",5 : 1,5,1,1:0 | 1:1 | 3:0,6,11,6,0,https://www.hockeyslovakia.sk/sk/stats/matches/1131/tipsport-liga/match/153232/Overview,
153233,,,,,Hokejový klub Dukla Ingema Michalovce,"HK Rysy, s.r.o.",7 : 1,7,1,1:0 | 4:1 | 2:0,8,27,4,0,https://www.hockeyslovakia.sk/sk/stats/matches/1131/tipsport-liga/match/153233/Overview,
153234,,,,,HKM a.s,"Mestský Hokejový klub 32 Liptovský Mikuláš, a.s.",0 : 3,0,3,0:1 | 0:1 | 0:1,3,6,6,0,https://www.hockeyslovakia.sk/sk/stats/matches/1131/tipsport-liga/match/153234/Overview,
153237,,,,,HC Košice s.r.o.,"HC ‘05 BANSKÁ BYSTRICA, a.s.",3 : 2 pp,3,2,0:1 | 0:0 | 2:1 | 1:0,5,9,6,0,https://www.hockeyslovakia.sk/sk/stats/matches/1131/tipsport-liga/match/153237/Overview,
153238,,,,,"VLCI ŽILINA, a.s.",Hokejový klub Poprad a.s.,3 : 0,3,0,0:0 | 0:0 | 3:0,3,5,8,0,https://www.hockeyslovakia.sk/sk/stats/matches/1131/tipsport-liga/match/153238/Overview,
153239,,,,,"HK Nitra, s.r.o.",Hokejový klub Dukla Ingema Michalovce,4 : 3 pp,4,3,0:0 | 3:2 | 0:1 | 1:0,7,13,4,0,https://www.hockeyslovakia.sk/sk/stats/matches/1131/tipsport-liga/match/153239/Overview,
153240,,,,,"HC SLOVAN Bratislava, a.s.","Mestský Hokejový klub 32 Liptovský Mikuláš, a.s.",3 : 0,3,0,1:0 | 0:0 | 2:0,3,6,8,0,https://www.hockeyslovakia.sk/sk/stats/matches/1131/tipsport-liga/match/153240/Overview,
153241,,,,,HC Košice s.r.o.,"HC ‘05 BANSKÁ BYSTRICA, a.s.",3 : 4 pp,3,4,1:1 | 2:0 | 0:2 | 0:1,7,5,4,0,https://www.hockeyslovakia.sk/sk/stats/matches/1131/tipsport-liga/match/153241/Overview,
153242,,,,,"VLCI ŽILINA, a.s.",Hokejový klub Poprad a.s.,4 : 1,4,1,1:1 | 2:0 | 1:0,5,29,4,0,https://www.hockeyslovakia.sk/sk/stats/matches/1131/tipsport-liga/match/153242/Overview,
153243,,,,,"HK Nitra, s.r.o.",Hokejový klub Dukla Ingema Michalovce,2 : 3 pp,2,3,0:0 | 1:1 | 1:1 | 0:1,5,8,4,0,https://www.hockeyslovakia.sk/sk/stats/matches/1131/tipsport-liga/match/153243/Overview,
153244,,,,,"HC SLOVAN Bratislava, a.s.","Mestský Hokejový klub 32 Liptovský Mikuláš, a.s.",3 : 2,3,2,0:1 | 1:0 | 2:1,5,15,6,0,https://www.hockeyslovakia.sk/sk/stats/matches/1131/tipsport-liga/match/153244/Overview,
153245,,,,,"HC ‘05 BANSKÁ BYSTRICA, a.s.",HC Košice s.r.o.,4 : 3 pp,4,3,0:0 | 1:3 | 2:0 | 1:0,7,11,4,0,https://www.hockeyslovakia.sk/sk/stats/matches/1131/tipsport-liga/match/153245/Overview,
153246,,,,,Hokejový klub Poprad a.s.,"VLCI ŽILINA, a.s.",4 : 3,4,3,0:2 | 2:1 | 2:0,7,10,6,0,https://www.hockeyslovakia.sk/sk/stats/matches/1131/tipsport-liga/match/153246/Overview,
153247,,,,,Hokejový klub Dukla Ingema Michalovce,"HK Nitra, s.r.o.",4 : 2,4,2,0:0 | 1:0 | 3:2,6,8,6,0,https://www.hockeyslovakia.sk/sk/stats/matches/1131/tipsport-liga/match/153247/Overview,
153248,,,,,"Mestský Hokejový klub 32 Liptovský Mikuláš, a.s.","HC SLOVAN Bratislava, a.s.",1 : 2,1,2,0:1 | 0:0 | 1:1,3,8,4,0,https://www.hockeyslovakia.sk/sk/stats/matches/1131/tipsport-liga/match/153248/Overview,
153249,,,,,"HC ‘05 BANSKÁ BYSTRICA, a.s.",HC Košice s.r.o.,3 : 2 sn,3,2,1:2 | 0:0 | 1:0 | 0:0,5,14,8,0,https://www.hockeyslovakia.sk/sk/stats/matches/1131/tipsport-liga/match/153249/Overview,
153250,,,,,Hokejový klub Poprad a.s.,"VLCI ŽILINA, a.s.",2 : 1 pp,2,1,0:0 | 1:1 | 0:0 | 1:0,3,15,6,0,https://www.hockeyslovakia.sk/sk/stats/matches/1131/tipsport-liga/match/153250/Overview,
153251,,,,,Hokejový klub Dukla Ingema Michalovce,"HK Nitra, s.r.o.",2 : 3,2,3,0:2 | 1:0 | 1:1,5,7,6,0,https://www.hockeyslovakia.sk/sk/stats/matches/1131/tipsport-liga/match/153251/Overview,
153252,,,,,"Mestský Hokejový klub 32 Liptovský Mikuláš, a.s.","HC SLOVAN Bratislava, a.s.",2 : 3,2,3,1:1 | 1:2 | 0:0,5,6,4,0,https://www.hockeyslovakia.sk/sk/stats/matches/1131/tipsport-liga/match/153252/Overview,
153253,,,,,HC Košice s.r.o.,"HC ‘05 BANSKÁ BYSTRICA, a.s.",17:30,17,30,,0,0,0,0,https://www.hockeyslovakia.sk/sk/stats/matches/1131/tipsport-liga/match/153253/Overview,
153254,,,,,"VLCI ŽILINA, a.s.",Hokejový klub Poprad a.s.,17:30,17,30,,0,0,0,0,https://www.hockeyslovakia.sk/sk/stats/matches/1131/tipsport-liga/match/153254/Overview,
153255,,,,,"HK Nitra, s.r.o.",Hokejový klub Dukla Ingema Michalovce,18:00,18,0,,0,0,0,0,https://www.hockeyslovakia.sk/sk/stats/matches/1131/tipsport-liga/match/153255/Overview,
153256,,,,,"HC SLOVAN Bratislava, a.s.","Mestský Hokejový klub 32 Liptovský Mikuláš, a.s.",18:30,18,30,,0,0,0,0,https://www.hockeyslovakia.sk/sk/stats/matches/1131/tipsport-liga/match/153256/Overview,
153257,,,,,"HC ‘05 BANSKÁ BYSTRICA, a.s.",HC Košice s.r.o.,17:30,17,30,,0,0,0,0,https://www.hockeyslovakia.sk/sk/stats/matches/1131/tipsport-liga/match/153257/Overview,
153258,,,,,Hokejový klub Poprad a.s.,"VLCI ŽILINA, a.s.",17:30,17,30,,0,0,0,0,https://www.hockeyslovakia.sk/sk/stats/matches/1131/tipsport-liga/match/153258/Overview,
153259,,,,,Hokejový klub Dukla Ingema Michalovce,"HK Nitra, s.r.o.",17:30,17,30,,0,0,0,0,https://www.hockeyslovakia.sk/sk/stats/matches/1131/tipsport-liga/match/153259/Overview,
153260,,,,,"Mestský Hokejový klub 32 Liptovský Mikuláš, a.s.","HC SLOVAN Bratislava, a.s.",17:00,17,0,,0,0,0,0,https://www.hockeyslovakia.sk/sk/stats/matches/1131/tipsport-liga/match/153260/Overview,
153261,,,,,HC Košice s.r.o.,"HC ‘05 BANSKÁ BYSTRICA, a.s.",17:30,17,30,,0,0,0,0,https://www.hockeyslovakia.sk/sk/stats/matches/1131/tipsport-liga/match/153261/Overview,
153262,,,,,"VLCI ŽILINA, a.s.",Hokejový klub Poprad a.s.,17:30,17,30,,0,0,0,0,https://www.hockeyslovakia.sk/sk/stats/matches/1131/tipsport-liga/match/153262/Overview,
153263,,,,,"HK Nitra, s.r.o.",Hokejový klub Dukla Ingema Michalovce,18:00,18,0,,0,0,0,0,https://www.hockeyslovakia.sk/sk/stats/matches/1131/tipsport-liga/match/153263/Overview,
153264,,,,,"HC SLOVAN Bratislava, a.s.","Mestský Hokejový klub 32 Liptovský Mikuláš, a.s.",18:30,18,30,,0,0,0,0,https://www.hockeyslovakia.sk/sk/stats/matches/1131/tipsport-liga/match/153264/Overview,
153265,,,,,1,4,0:00,0,0,,0,0,0,0,https://www.hockeyslovakia.sk/sk/stats/matches/1131/tipsport-liga/match/153265/Overview,
153266,,,,,2,3,0:00,0,0,,0,0,0,0,https://www.hockeyslovakia.sk/sk/stats/matches/1131/tipsport-liga/match/153266/Overview,
153267,,,,,1,4,0:00,0,0,,0,0,0,0,https://www.hockeyslovakia.sk/sk/stats/matches/1131/tipsport-liga/match/153267/Overview,
153268,,,,,2,3,0:00,0,0,,0,0,0,0,https://www.hockeyslovakia.sk/sk/stats/matches/1131/tipsport-liga/match/153268/Overview,
153269,,,,,4,1,0:00,0,0,,0,0,0,0,https://www.hockeyslovakia.sk/sk/stats/matches/1131/tipsport-liga/match/153269/Overview,
153270,,,,,3,2,0:00,0,0,,0,0,0,0,https://www.hockeyslovakia.sk/sk/stats/matches/1131/tipsport-liga/match/153270/Overview,
153271,,,,,4,1,0:00,0,0,,0,0,0,0,https://www.hockeyslovakia.sk/sk/stats/matches/1131/tipsport-liga/match/153271/Overview,
153272,,,,,3,2,0:00,0,0,,0,0,0,0,https://www.hockeyslovakia.sk/sk/stats/matches/1131/tipsport-liga/match/153272/Overview,
153273,,,,,1,4,0:00,0,0,,0,0,0,0,https://www.hockeyslovakia.sk/sk/stats/matches/1131/tipsport-liga/match/153273/Overview,
153274,,,,,2,3,0:00,0,0,,0,0,0,0,https://www.hockeyslovakia.sk/sk/stats/matches/1131/tipsport-liga/match/153274/Overview,
153275,,,,,4,1,0:00,0,0,,0,0,0,0,https://www.hockeyslovakia.sk/sk/stats/matches/1131/tipsport-liga/match/153275/Overview,
153276,,,,,3,2,0:00,0,0,,0,0,0,0,https://www.hockeyslovakia.sk/sk/stats/matches/1131/tipsport-liga/match/153276/Overview,
153277,,,,,1,4,0:00,0,0,,0,0,0,0,https://www.hockeyslovakia.sk/sk/stats/matches/1131/tipsport-liga/match/153277/Overview,
153278,,,,,2,3,0:00,0,0,,0,0,0,0,https://www.hockeyslovakia.sk/sk/stats/matches/1131/tipsport-liga/match/153278/Overview,
153279,,,,,1,2,0:00,0,0,,0,0,0,0,https://www.hockeyslovakia.sk/sk/stats/matches/1131/tipsport-liga/match/153279/Overview,
153280,,,,,1,2,0:00,0,0,,0,0,0,0,https://www.hockeyslovakia.sk/sk/stats/matches/1131/tipsport-liga/match/153280/Overview,
153281,,,,,2,1,0:00,0,0,,0,0,0,0,https://www.hockeyslovakia.sk/sk/stats/matches/1131/tipsport-liga/match/153281/Overview,
153282,,,,,2,1,0:00,0,0,,0,0,0,0,https://www.hockeyslovakia.sk/sk/stats/matches/1131/tipsport-liga/match/153282/Overview,
153283,,,,,1,2,0:00,0,0,,0,0,0,0,https://www.hockeyslovakia.sk/sk/stats/matches/1131/tipsport-liga/match/153283/Overview,
153284,,,,,2,1,0:00,0,0,,0,0,0,0,https://www.hockeyslovakia.sk/sk/stats/matches/1131/tipsport-liga/match/153284/Overview,
153285,,,,,1,2,0:00,0,0,,0,0,0,0,https://www.hockeyslovakia.sk/sk/stats/matches/1131/tipsport-liga/match/153285/Overview,
153286,,,,,"HK Nitra, s.r.o.",HKM a.s,3 : 5,3,5,2:0 | 1:2 | 0:3,8,9,6,0,https://www.hockeyslovakia.sk/sk/stats/matches/1131/tipsport-liga/match/153286/Overview,
153287,,,,,"HC SLOVAN Bratislava, a.s.","HC ‘05 BANSKÁ BYSTRICA, a.s.",2 : 4,2,4,0:1 | 1:0 | 1:3,6,9,6,0,https://www.hockeyslovakia.sk/sk/stats/matches/1131/tipsport-liga/match/153287/Overview,
153288,,,,,"Hokejový klub DUKLA Trenčín, a.s.","VLCI ŽILINA, a.s.",1 : 3,1,3,0:1 | 1:2 | 0:0,4,3,4,0,https://www.hockeyslovakia.sk/sk/stats/matches/1131/tipsport-liga/match/153288/Overview,
153289,,,,,"HK Rysy, s.r.o.",Hokejový klub Poprad a.s.,3 : 1,3,1,2:0 | 0:1 | 1:0,4,7,8,0,https://www.hockeyslovakia.sk/sk/stats/matches/1131/tipsport-liga/match/153289/Overview,
153290,,,,,HC Košice s.r.o.,Presov Hockey a.s.,4 : 6,4,6,2:1 | 1:1 | 1:4,10,11,6,0,https://www.hockeyslovakia.sk/sk/stats/matches/1131/tipsport-liga/match/153290/Overview,
153291,,,,,Hokejový klub Dukla Ingema Michalovce,"Mestský Hokejový klub 32 Liptovský Mikuláš, a.s.",4 : 3,4,3,2:0 | 1:2 | 1:1,7,8,4,0,https://www.hockeyslovakia.sk/sk/stats/matches/1131/tipsport-liga/match/153291/Overview,
153292,,,,,HKM a.s,"Hokejový klub DUKLA Trenčín, a.s.",3 : 2 pp,3,2,0:1 | 0:0 | 2:1 | 1:0,5,2,4,0,https://www.hockeyslovakia.sk/sk/stats/matches/1131/tipsport-liga/match/153292/Overview,
153293,,,,,"HC SLOVAN Bratislava, a.s.","VLCI ŽILINA, a.s.",4 : 1,4,1,0:0 | 2:1 | 2:0,5,7,4,0,https://www.hockeyslovakia.sk/sk/stats/matches/1131/tipsport-liga/match/153293/Overview,
153294,,,,,"HC ‘05 BANSKÁ BYSTRICA, a.s.","HK Nitra, s.r.o.",5 : 2,5,2,2:0 | 2:2 | 1:0,8,5,4,0,https://www.hockeyslovakia.sk/sk/stats/matches/1131/tipsport-liga/match/153294/Overview,
153295,,,,,Hokejový klub Poprad a.s.,Hokejový klub Dukla Ingema Michalovce,4 : 3 sn,4,3,2:0 | 0:2 | 1:1 | 0:0,7,10,4,0,https://www.hockeyslovakia.sk/sk/stats/matches/1131/tipsport-liga/match/153295/Overview,
153296,,,,,"Mestský Hokejový klub 32 Liptovský Mikuláš, a.s.",HC Košice s.r.o.,1 : 3,1,3,0:0 | 0:3 | 1:0,4,7,4,0,https://www.hockeyslovakia.sk/sk/stats/matches/1131/tipsport-liga/match/153296/Overview,
153297,,,,,Presov Hockey a.s.,"HK Rysy, s.r.o.",0 : 3,0,3,0:2 | 0:0 | 0:1,3,4,6,0,https://www.hockeyslovakia.sk/sk/stats/matches/1131/tipsport-liga/match/153297/Overview,
153298,,,,,"Hokejový klub DUKLA Trenčín, a.s.",HC 19 Humenné,17:30,17,30,,0,0,0,0,https://www.hockeyslovakia.sk/sk/stats/matches/1131/tipsport-liga/match/153298/Overview,
153299,,,,,Presov Hockey a.s.,"HK Skalica, s.r.o.",18:00,18,0,,0,0,0,0,https://www.hockeyslovakia.sk/sk/stats/matches/1131/tipsport-liga/match/153299/Overview,
153300,,,,,HC 19 Humenné,"HK Skalica, s.r.o.",17:00,17,0,,0,0,0,0,https://www.hockeyslovakia.sk/sk/stats/matches/1131/tipsport-liga/match/153300/Overview,
153301,,,,,"Hokejový klub DUKLA Trenčín, a.s.",Presov Hockey a.s.,17:00,17,0,,0,0,0,0,https://www.hockeyslovakia.sk/sk/stats/matches/1131/tipsport-liga/match/153301/Overview,
153302,,,,,Presov Hockey a.s.,HC 19 Humenné,18:00,18,0,,0,0,0,0,https://www.hockeyslovakia.sk/sk/stats/matches/1131/tipsport-liga/match/153302/Overview,
153303,,,,,"HK Skalica, s.r.o.","Hokejový klub DUKLA Trenčín, a.s.",17:30,17,30,,0,0,0,0,https://www.hockeyslovakia.sk/sk/stats/matches/1131/tipsport-liga/match/153303/Overview,
153304,,,,,HC 19 Humenné,"Hokejový klub DUKLA Trenčín, a.s.",17:00,17,0,,0,0,0,0,https://www.hockeyslovakia.sk/sk/stats/matches/1131/tipsport-liga/match/153304/Overview,
153305,,,,,"HK Skalica, s.r.o.",Presov Hockey a.s.,16:00,16,0,,0,0,0,0,https://www.hockeyslovakia.sk/sk/stats/matches/1131/tipsport-liga/match/153305/Overview,
153306,,,,,"HK Skalica, s.r.o.",HC 19 Humenné,17:30,17,30,,0,0,0,0,https://www.hockeyslovakia.sk/sk/stats/matches/1131/tipsport-liga/match/153306/Overview,
153307,,,,,Presov Hockey a.s.,"Hokejový klub DUKLA Trenčín, a.s.",18:00,18,0,,0,0,0,0,https://www.hockeyslovakia.sk/sk/stats/matches/1131/tipsport-liga/match/153307/Overview,
153308,,,,,HC 19 Humenné,Presov Hockey a.s.,18:00,18,0,,0,0,0,0,https://www.hockeyslovakia.sk/sk/stats/matches/1131/tipsport-liga/match/153308/Overview,
153309,,,,,"Hokejový klub DUKLA Trenčín, a.s.","HK Skalica, s.r.o.",18:00,18,0,,0,0,0,0,https://www.hockeyslovakia.sk/sk/stats/matches/1131/tipsport-liga/match/153309/Overview,
153310,,,,,"Hokejový klub DUKLA Trenčín, a.s.",HC 19 Humenné,17:00,17,0,,0,0,0,0,https://www.hockeyslovakia.sk/sk/stats/matches/1131/tipsport-liga/match/153310/Overview,
153311,,,,,Presov Hockey a.s.,"HK Skalica, s.r.o.",17:00,17,0,,0,0,0,0,https://www.hockeyslovakia.sk/sk/stats/matches/1131/tipsport-liga/match/153311/Overview,
153312,,,,,HC 19 Humenné,"HK Skalica, s.r.o.",18:00,18,0,,0,0,0,0,https://www.hockeyslovakia.sk/sk/stats/matches/1131/tipsport-liga/match/153312/Overview,
153313,,,,,"Hokejový klub DUKLA Trenčín, a.s.",Presov Hockey a.s.,18:00,18,0,,0,0,0,0,https://www.hockeyslovakia.sk/sk/stats/matches/1131/tipsport-liga/match/153313/Overview,
153314,,,,,Presov Hockey a.s.,HC 19 Humenné,18:00,18,0,,0,0,0,0,https://www.hockeyslovakia.sk/sk/stats/matches/1131/tipsport-liga/match/153314/Overview,
153315,,,,,"HK Skalica, s.r.o.","Hokejový klub DUKLA Trenčín, a.s.",17:30,17,30,,0,0,0,0,https://www.hockeyslovakia.sk/sk/stats/matches/1131/tipsport-liga/match/153315/Overview,
153316,,,,,HC 19 Humenné,"Hokejový klub DUKLA Trenčín, a.s.",17:00,17,0,,0,0,0,0,https://www.hockeyslovakia.sk/sk/stats/matches/1131/tipsport-liga/match/153316/Overview,
153317,,,,,"HK Skalica, s.r.o.",Presov Hockey a.s.,16:00,16,0,,0,0,0,0,https://www.hockeyslovakia.sk/sk/stats/matches/1131/tipsport-liga/match/153317/Overview,
153318,,,,,"HK Skalica, s.r.o.",HC 19 Humenné,18:00,18,0,,0,0,0,0,https://www.hockeyslovakia.sk/sk/stats/matches/1131/tipsport-liga/match/153318/Overview,
153319,,,,,Presov Hockey a.s.,"Hokejový klub DUKLA Trenčín, a.s.",18:00,18,0,,0,0,0,0,https://www.hockeyslovakia.sk/sk/stats/matches/1131/tipsport-liga/match/153319/Overview,
153320,,,,,HC 19 Humenné,Presov Hockey a.s.,15:00,15,0,,0,0,0,0,https://www.hockeyslovakia.sk/sk/stats/matches/1131/tipsport-liga/match/153320/Overview,
153321,,,,,"Hokejový klub DUKLA Trenčín, a.s.","HK Skalica, s.r.o.",15:00,15,0,,0,0,0,0,https://www.hockeyslovakia.sk/sk/stats/matches/1131/tipsport-liga/match/153321/Overview,
153322,,,,,"VLCI ŽILINA, a.s.",Hokejový klub Poprad a.s.,4 : 2,4,2,0:2 | 2:0 | 2:0,6,5,6,0,https://www.hockeyslovakia.sk/sk/stats/matches/1131/tipsport-liga/match/153322/Overview,
153323,,,,,"Hokejový klub DUKLA Trenčín, a.s.","HC ‘05 BANSKÁ BYSTRICA, a.s.",2 : 6,2,6,1:1 | 1:3 | 0:2,8,4,4,0,https://www.hockeyslovakia.sk/sk/stats/matches/1131/tipsport-liga/match/153323/Overview,
153324,,,,,Presov Hockey a.s.,"HC SLOVAN Bratislava, a.s.",1 : 3,1,3,0:1 | 1:0 | 0:2,4,9,4,0,https://www.hockeyslovakia.sk/sk/stats/matches/1131/tipsport-liga/match/153324/Overview,
153325,,,,,"Mestský Hokejový klub 32 Liptovský Mikuláš, a.s.",HKM a.s,2 : 3 pp,2,3,0:1 | 1:0 | 1:1 | 0:1,5,5,6,0,https://www.hockeyslovakia.sk/sk/stats/matches/1131/tipsport-liga/match/153325/Overview,
153326,,,,,Hokejový klub Dukla Ingema Michalovce,"HK Nitra, s.r.o.",3 : 4 pp,3,4,2:0 | 1:1 | 0:2 | 0:1,7,17,4,0,https://www.hockeyslovakia.sk/sk/stats/matches/1131/tipsport-liga/match/153326/Overview,
153327,,,,,HC Košice s.r.o.,"HK Rysy, s.r.o.",3 : 1,3,1,0:0 | 0:1 | 3:0,4,17,4,0,https://www.hockeyslovakia.sk/sk/stats/matches/1131/tipsport-liga/match/153327/Overview,
153328,,,,,Hokejový klub Poprad a.s.,"HK Rysy, s.r.o.",4 : 1,4,1,2:0 | 1:0 | 1:1,5,5,6,0,https://www.hockeyslovakia.sk/sk/stats/matches/1131/tipsport-liga/match/153328/Overview,
153329,,,,,"HK Nitra, s.r.o.",HC Košice s.r.o.,3 : 2,3,2,0:1 | 2:0 | 1:1,5,7,6,0,https://www.hockeyslovakia.sk/sk/stats/matches/1131/tipsport-liga/match/153329/Overview,
153330,,,,,HKM a.s,Hokejový klub Dukla Ingema Michalovce,3 : 2,3,2,1:0 | 1:2 | 1:0,5,6,8,0,https://www.hockeyslovakia.sk/sk/stats/matches/1131/tipsport-liga/match/153330/Overview,
153331,,,,,Presov Hockey a.s.,"Mestský Hokejový klub 32 Liptovský Mikuláš, a.s.",3 : 2 pp,3,2,2:1 | 0:0 | 0:1 | 1:0,5,9,4,0,https://www.hockeyslovakia.sk/sk/stats/matches/1131/tipsport-liga/match/153331/Overview,
153332,,,,,"HC ‘05 BANSKÁ BYSTRICA, a.s.","HC SLOVAN Bratislava, a.s.",2 : 3,2,3,1:0 | 1:2 | 0:1,7,11,4,0,https://www.hockeyslovakia.sk/sk/stats/matches/1131/tipsport-liga/match/153332/Overview,
153333,,,,,"VLCI ŽILINA, a.s.","Hokejový klub DUKLA Trenčín, a.s.",6 : 3,6,3,2:1 | 2:2 | 2:0,9,6,6,0,https://www.hockeyslovakia.sk/sk/stats/matches/1131/tipsport-liga/match/153333/Overview,
153334,,,,,"Hokejový klub DUKLA Trenčín, a.s.",Hokejový klub Poprad a.s.,1 : 3,1,3,0:0 | 0:1 | 1:2,4,11,8,0,https://www.hockeyslovakia.sk/sk/stats/matches/1131/tipsport-liga/match/153334/Overview,
153335,,,,,"HC SLOVAN Bratislava, a.s.","VLCI ŽILINA, a.s.",2 : 1 sn,2,1,0:0 | 1:1 | 0:0 | 0:0,3,10,4,0,https://www.hockeyslovakia.sk/sk/stats/matches/1131/tipsport-liga/match/153335/Overview,
153336,,,,,"Mestský Hokejový klub 32 Liptovský Mikuláš, a.s.","HC ‘05 BANSKÁ BYSTRICA, a.s.",8 : 1,8,1,4:0 | 1:1 | 3:0,10,7,4,0,https://www.hockeyslovakia.sk/sk/stats/matches/1131/tipsport-liga/match/153336/Overview,
153337,,,,,Hokejový klub Dukla Ingema Michalovce,Presov Hockey a.s.,1 : 3,1,3,0:1 | 0:1 | 1:1,4,9,6,0,https://www.hockeyslovakia.sk/sk/stats/matches/1131/tipsport-liga/match/153337/Overview,
153338,,,,,HC Košice s.r.o.,HKM a.s,0 : 5,0,5,0:2 | 0:2 | 0:1,6,9,4,0,https://www.hockeyslovakia.sk/sk/stats/matches/1131/tipsport-liga/match/153338/Overview,
153339,,,,,"HK Rysy, s.r.o.","HK Nitra, s.r.o.",2 : 3 pp,2,3,0:1 | 1:0 | 1:1 | 0:1,5,14,4,0,https://www.hockeyslovakia.sk/sk/stats/matches/1131/tipsport-liga/match/153339/Overview,
153340,,,,,Hokejový klub Poprad a.s.,"HK Nitra, s.r.o.",2 : 5,2,5,0:1 | 1:2 | 1:2,7,17,6,0,https://www.hockeyslovakia.sk/sk/stats/matches/1131/tipsport-liga/match/153340/Overview,
153341,,,,,HKM a.s,"HK Rysy, s.r.o.",2 : 5,2,5,2:0 | 0:4 | 0:1,7,6,6,0,https://www.hockeyslovakia.sk/sk/stats/matches/1131/tipsport-liga/match/153341/Overview,
153342,,,,,HC Košice s.r.o.,Presov Hockey a.s.,4 : 2,4,2,2:2 | 0:0 | 2:0,6,7,6,0,https://www.hockeyslovakia.sk/sk/stats/matches/1131/tipsport-liga/match/153342/Overview,
153343,,,,,"HC ‘05 BANSKÁ BYSTRICA, a.s.",Hokejový klub Dukla Ingema Michalovce,5 : 4 sn,5,4,0:1 | 0:2 | 4:1 | 0:0,9,11,8,0,https://www.hockeyslovakia.sk/sk/stats/matches/1131/tipsport-liga/match/153343/Overview,
153344,,,,,"VLCI ŽILINA, a.s.","Mestský Hokejový klub 32 Liptovský Mikuláš, a.s.",3 : 2,3,2,0:1 | 1:1 | 2:0,5,12,4,0,https://www.hockeyslovakia.sk/sk/stats/matches/1131/tipsport-liga/match/153344/Overview,
153345,,,,,"Hokejový klub DUKLA Trenčín, a.s.","HC SLOVAN Bratislava, a.s.",1 : 6,1,6,1:2 | 0:2 | 0:2,7,9,4,0,https://www.hockeyslovakia.sk/sk/stats/matches/1131/tipsport-liga/match/153345/Overview,
153346,,,,,Hokejový klub Poprad a.s.,"HC SLOVAN Bratislava, a.s.",1 : 2,1,2,0:0 | 1:1 | 0:1,3,14,12,0,https://www.hockeyslovakia.sk/sk/stats/matches/1131/tipsport-liga/match/153346/Overview,
153347,,,,,"Mestský Hokejový klub 32 Liptovský Mikuláš, a.s.","Hokejový klub DUKLA Trenčín, a.s.",1 : 2,1,2,0:1 | 0:1 | 1:0,3,9,6,0,https://www.hockeyslovakia.sk/sk/stats/matches/1131/tipsport-liga/match/153347/Overview,
153348,,,,,Hokejový klub Dukla Ingema Michalovce,"VLCI ŽILINA, a.s.",6 : 3,6,3,3:0 | 1:2 | 2:1,10,3,8,0,https://www.hockeyslovakia.sk/sk/stats/matches/1131/tipsport-liga/match/153348/Overview,
153349,,,,,HC Košice s.r.o.,"HC ‘05 BANSKÁ BYSTRICA, a.s.",2 : 1,2,1,0:0 | 1:1 | 1:0,3,8,4,0,https://www.hockeyslovakia.sk/sk/stats/matches/1131/tipsport-liga/match/153349/Overview,
153350,,,,,"HK Rysy, s.r.o.",Presov Hockey a.s.,6 : 3,6,3,1:1 | 2:1 | 3:1,9,10,4,0,https://www.hockeyslovakia.sk/sk/stats/matches/1131/tipsport-liga/match/153350/Overview,
153351,,,,,"HK Nitra, s.r.o.",HKM a.s,2 : 3 pp,2,3,1:0 | 1:1 | 0:1 | 0:1,6,4,4,0,https://www.hockeyslovakia.sk/sk/stats/matches/1131/tipsport-liga/match/153351/Overview,
153352,,,,,Hokejový klub Poprad a.s.,HKM a.s,3 : 4 pp,3,4,1:0 | 1:2 | 1:1 | 0:1,7,4,4,0,https://www.hockeyslovakia.sk/sk/stats/matches/1131/tipsport-liga/match/153352/Overview,
153353,,,,,Presov Hockey a.s.,"HK Nitra, s.r.o.",0 : 2,0,2,0:1 | 0:0 | 0:1,2,7,4,0,https://www.hockeyslovakia.sk/sk/stats/matches/1131/tipsport-liga/match/153353/Overview,
153354,,,,,"HC ‘05 BANSKÁ BYSTRICA, a.s.","HK Rysy, s.r.o.",6 : 4,6,4,1:1 | 2:2 | 3:1,10,6,12,0,https://www.hockeyslovakia.sk/sk/stats/matches/1131/tipsport-liga/match/153354/Overview,
153355,,,,,"VLCI ŽILINA, a.s.",HC Košice s.r.o.,2 : 4,2,4,0:2 | 2:1 | 0:1,6,7,8,0,https://www.hockeyslovakia.sk/sk/stats/matches/1131/tipsport-liga/match/153355/Overview,
153356,,,,,"Hokejový klub DUKLA Trenčín, a.s.",Hokejový klub Dukla Ingema Michalovce,2 : 4,2,4,0:2 | 1:1 | 1:1,6,12,6,0,https://www.hockeyslovakia.sk/sk/stats/matches/1131/tipsport-liga/match/153356/Overview,
153357,,,,,"HC SLOVAN Bratislava, a.s.","Mestský Hokejový klub 32 Liptovský Mikuláš, a.s.",7 : 1,7,1,2:1 | 5:0 | 0:0,9,16,4,0,https://www.hockeyslovakia.sk/sk/stats/matches/1131/tipsport-liga/match/153357/Overview,
153358,,,,,"Mestský Hokejový klub 32 Liptovský Mikuláš, a.s.",Hokejový klub Poprad a.s.,3 : 5,3,5,0:1 | 1:1 | 2:3,8,5,8,0,https://www.hockeyslovakia.sk/sk/stats/matches/1131/tipsport-liga/match/153358/Overview,
153359,,,,,Hokejový klub Dukla Ingema Michalovce,"HC SLOVAN Bratislava, a.s.",6 : 1,6,1,1:0 | 3:1 | 2:0,7,9,4,0,https://www.hockeyslovakia.sk/sk/stats/matches/1131/tipsport-liga/match/153359/Overview,
153360,,,,,HC Košice s.r.o.,"Hokejový klub DUKLA Trenčín, a.s.",2 : 1,2,1,1:0 | 1:1 | 0:0,3,11,6,0,https://www.hockeyslovakia.sk/sk/stats/matches/1131/tipsport-liga/match/153360/Overview,
153361,,,,,"HK Rysy, s.r.o.","VLCI ŽILINA, a.s.",2 : 1 pp,2,1,0:1 | 0:0 | 1:0 | 1:0,3,15,4,0,https://www.hockeyslovakia.sk/sk/stats/matches/1131/tipsport-liga/match/153361/Overview,
153362,,,,,"HK Nitra, s.r.o.","HC ‘05 BANSKÁ BYSTRICA, a.s.",3 : 1,3,1,1:0 | 2:0 | 0:1,4,7,4,0,https://www.hockeyslovakia.sk/sk/stats/matches/1131/tipsport-liga/match/153362/Overview,
153363,,,,,HKM a.s,Presov Hockey a.s.,5 : 1,5,1,2:0 | 3:0 | 0:1,7,7,4,0,https://www.hockeyslovakia.sk/sk/stats/matches/1131/tipsport-liga/match/153363/Overview,
153364,,,,,Hokejový klub Poprad a.s.,Presov Hockey a.s.,5 : 2,5,2,2:0 | 3:2 | 0:0,8,4,4,0,https://www.hockeyslovakia.sk/sk/stats/matches/1131/tipsport-liga/match/153364/Overview,
153365,,,,,HKM a.s,"HC ‘05 BANSKÁ BYSTRICA, a.s.",3 : 7,3,7,1:4 | 2:0 | 0:3,11,3,4,0,https://www.hockeyslovakia.sk/sk/stats/matches/1131/tipsport-liga/match/153365/Overview,
153366,,,,,"HK Nitra, s.r.o.","VLCI ŽILINA, a.s.",2 : 0,2,0,0:0 | 1:0 | 1:0,2,5,6,0,https://www.hockeyslovakia.sk/sk/stats/matches/1131/tipsport-liga/match/153366/Overview,
153367,,,,,"HK Rysy, s.r.o.","Hokejový klub DUKLA Trenčín, a.s.",3 : 2 pp,3,2,0:0 | 2:1 | 0:1 | 1:0,5,7,6,0,https://www.hockeyslovakia.sk/sk/stats/matches/1131/tipsport-liga/match/153367/Overview,
153368,,,,,HC Košice s.r.o.,"HC SLOVAN Bratislava, a.s.",3 : 1,3,1,0:1 | 2:0 | 1:0,4,9,6,0,https://www.hockeyslovakia.sk/sk/stats/matches/1131/tipsport-liga/match/153368/Overview,
153369,,,,,Hokejový klub Dukla Ingema Michalovce,"Mestský Hokejový klub 32 Liptovský Mikuláš, a.s.",5 : 7,5,7,1:4 | 2:1 | 2:2,13,7,8,0,https://www.hockeyslovakia.sk/sk/stats/matches/1131/tipsport-liga/match/153369/Overview,
153370,,,,,Hokejový klub Poprad a.s.,"HC ‘05 BANSKÁ BYSTRICA, a.s.",5 : 2,5,2,1:1 | 2:1 | 2:0,7,9,10,0,https://www.hockeyslovakia.sk/sk/stats/matches/1131/tipsport-liga/match/153370/Overview,
153371,,,,,Presov Hockey a.s.,"VLCI ŽILINA, a.s.",2 : 5,2,5,1:0 | 0:2 | 1:3,7,5,4,0,https://www.hockeyslovakia.sk/sk/stats/matches/1131/tipsport-liga/match/153371/Overview,
153372,,,,,HKM a.s,"Hokejový klub DUKLA Trenčín, a.s.",7 : 3,7,3,5:1 | 0:0 | 2:2,11,5,4,0,https://www.hockeyslovakia.sk/sk/stats/matches/1131/tipsport-liga/match/153372/Overview,
153373,,,,,"HC SLOVAN Bratislava, a.s.","HK Nitra, s.r.o.",1 : 4,1,4,0:0 | 0:1 | 1:3,5,11,6,0,https://www.hockeyslovakia.sk/sk/stats/matches/1131/tipsport-liga/match/153373/Overview,
153374,,,,,"HK Rysy, s.r.o.","Mestský Hokejový klub 32 Liptovský Mikuláš, a.s.",4 : 1,4,1,1:0 | 2:0 | 1:1,5,18,4,0,https://www.hockeyslovakia.sk/sk/stats/matches/1131/tipsport-liga/match/153374/Overview,
153375,,,,,HC Košice s.r.o.,Hokejový klub Dukla Ingema Michalovce,5 : 0,5,0,1:0 | 1:0 | 3:0,5,9,4,0,https://www.hockeyslovakia.sk/sk/stats/matches/1131/tipsport-liga/match/153375/Overview,
153376,,,,,Hokejový klub Dukla Ingema Michalovce,Hokejový klub Poprad a.s.,4 : 1,4,1,1:1 | 2:0 | 1:0,5,19,4,0,https://www.hockeyslovakia.sk/sk/stats/matches/1131/tipsport-liga/match/153376/Overview,
153377,,,,,"Mestský Hokejový klub 32 Liptovský Mikuláš, a.s.",HC Košice s.r.o.,3 : 1,3,1,0:0 | 2:1 | 1:0,4,10,6,0,https://www.hockeyslovakia.sk/sk/stats/matches/1131/tipsport-liga/match/153377/Overview,
153378,,,,,"HC SLOVAN Bratislava, a.s.","HK Rysy, s.r.o.",1 : 2,1,2,0:0 | 0:0 | 1:2,3,6,4,0,https://www.hockeyslovakia.sk/sk/stats/matches/1131/tipsport-liga/match/153378/Overview,
153379,,,,,"Hokejový klub DUKLA Trenčín, a.s.","HK Nitra, s.r.o.",2 : 3,2,3,0:1 | 0:0 | 2:2,5,9,8,0,https://www.hockeyslovakia.sk/sk/stats/matches/1131/tipsport-liga/match/153379/Overview,
153380,,,,,"VLCI ŽILINA, a.s.",HKM a.s,4 : 2,4,2,1:0 | 1:2 | 2:0,6,12,6,0,https://www.hockeyslovakia.sk/sk/stats/matches/1131/tipsport-liga/match/153380/Overview,
153381,,,,,"HC ‘05 BANSKÁ BYSTRICA, a.s.",Presov Hockey a.s.,4 : 1,4,1,1:0 | 2:0 | 1:1,5,7,6,0,https://www.hockeyslovakia.sk/sk/stats/matches/1131/tipsport-liga/match/153381/Overview,
153382,,,,,HC Košice s.r.o.,Hokejový klub Poprad a.s.,3 : 1,3,1,1:0 | 1:0 | 1:1,4,8,8,0,https://www.hockeyslovakia.sk/sk/stats/matches/1131/tipsport-liga/match/153382/Overview,
153383,,,,,Hokejový klub Dukla Ingema Michalovce,"HK Rysy, s.r.o.",2 : 3,2,3,0:1 | 2:1 | 0:1,5,9,4,0,https://www.hockeyslovakia.sk/sk/stats/matches/1131/tipsport-liga/match/153383/Overview,
153384,,,,,"Mestský Hokejový klub 32 Liptovský Mikuláš, a.s.","HK Nitra, s.r.o.",0 : 3,0,3,0:1 | 0:0 | 0:2,3,4,6,0,https://www.hockeyslovakia.sk/sk/stats/matches/1131/tipsport-liga/match/153384/Overview,
153385,,,,,"HC SLOVAN Bratislava, a.s.",HKM a.s,4 : 3,4,3,1:0 | 1:1 | 2:2,7,8,6,0,https://www.hockeyslovakia.sk/sk/stats/matches/1131/tipsport-liga/match/153385/Overview,
153386,,,,,"Hokejový klub DUKLA Trenčín, a.s.",Presov Hockey a.s.,3 : 1,3,1,0:0 | 2:1 | 1:0,4,8,6,0,https://www.hockeyslovakia.sk/sk/stats/matches/1131/tipsport-liga/match/153386/Overview,
153387,,,,,"VLCI ŽILINA, a.s.","HC ‘05 BANSKÁ BYSTRICA, a.s.",5 : 1,5,1,1:0 | 0:1 | 4:0,6,7,6,0,https://www.hockeyslovakia.sk/sk/stats/matches/1131/tipsport-liga/match/153387/Overview,
153388,,,,,Hokejový klub Poprad a.s.,"VLCI ŽILINA, a.s.",4 : 1,4,1,2:0 | 1:1 | 1:0,5,10,6,0,https://www.hockeyslovakia.sk/sk/stats/matches/1131/tipsport-liga/match/153388/Overview,
153389,,,,,"HC ‘05 BANSKÁ BYSTRICA, a.s.","Hokejový klub DUKLA Trenčín, a.s.",4 : 1,4,1,1:0 | 1:1 | 2:0,5,14,4,0,https://www.hockeyslovakia.sk/sk/stats/matches/1131/tipsport-liga/match/153389/Overview,
153390,,,,,Presov Hockey a.s.,"HC SLOVAN Bratislava, a.s.",1 : 2 pp,1,2,1:0 | 0:1 | 0:0 | 0:1,3,6,4,0,https://www.hockeyslovakia.sk/sk/stats/matches/1131/tipsport-liga/match/153390/Overview,
153391,,,,,HKM a.s,"Mestský Hokejový klub 32 Liptovský Mikuláš, a.s.",4 : 6,4,6,1:3 | 2:2 | 1:1,10,20,6,0,https://www.hockeyslovakia.sk/sk/stats/matches/1131/tipsport-liga/match/153391/Overview,
153392,,,,,"HK Nitra, s.r.o.",Hokejový klub Dukla Ingema Michalovce,5 : 1,5,1,2:0 | 2:0 | 1:1,7,12,4,0,https://www.hockeyslovakia.sk/sk/stats/matches/1131/tipsport-liga/match/153392/Overview,
153393,,,,,"HK Rysy, s.r.o.",HC Košice s.r.o.,6 : 2,6,2,1:0 | 3:2 | 2:0,9,12,4,0,https://www.hockeyslovakia.sk/sk/stats/matches/1131/tipsport-liga/match/153393/Overview,
153394,,,,,"HK Rysy, s.r.o.",Hokejový klub Poprad a.s.,3 : 4 pp,3,4,2:0 | 1:2 | 0:1 | 0:1,7,12,4,0,https://www.hockeyslovakia.sk/sk/stats/matches/1131/tipsport-liga/match/153394/Overview,
153395,,,,,HC Košice s.r.o.,"HK Nitra, s.r.o.",2 : 4,2,4,1:2 | 0:1 | 1:1,6,10,6,0,https://www.hockeyslovakia.sk/sk/stats/matches/1131/tipsport-liga/match/153395/Overview,
153396,,,,,Hokejový klub Dukla Ingema Michalovce,HKM a.s,4 : 3,4,3,1:2 | 2:1 | 1:0,7,7,4,0,https://www.hockeyslovakia.sk/sk/stats/matches/1131/tipsport-liga/match/153396/Overview,
153397,,,,,"Mestský Hokejový klub 32 Liptovský Mikuláš, a.s.",Presov Hockey a.s.,6 : 0,6,0,2:0 | 2:0 | 2:0,7,1,4,0,https://www.hockeyslovakia.sk/sk/stats/matches/1131/tipsport-liga/match/153397/Overview,
153398,,,,,"HC SLOVAN Bratislava, a.s.","HC ‘05 BANSKÁ BYSTRICA, a.s.",6 : 3,6,3,1:0 | 1:3 | 4:0,9,7,6,0,https://www.hockeyslovakia.sk/sk/stats/matches/1131/tipsport-liga/match/153398/Overview,
153399,,,,,"Hokejový klub DUKLA Trenčín, a.s.","VLCI ŽILINA, a.s.",1 : 5,1,5,0:2 | 0:1 | 1:2,6,12,4,0,https://www.hockeyslovakia.sk/sk/stats/matches/1131/tipsport-liga/match/153399/Overview,
153400,,,,,Hokejový klub Poprad a.s.,"Hokejový klub DUKLA Trenčín, a.s.",2 : 1 pp,2,1,1:0 | 0:0 | 0:1 | 1:0,3,5,2,0,https://www.hockeyslovakia.sk/sk/stats/matches/1131/tipsport-liga/match/153400/Overview,
153401,,,,,"VLCI ŽILINA, a.s.","HC SLOVAN Bratislava, a.s.",3 : 2 pp,3,2,1:0 | 0:1 | 1:1 | 1:0,5,5,6,0,https://www.hockeyslovakia.sk/sk/stats/matches/1131/tipsport-liga/match/153401/Overview,
153402,,,,,"HC ‘05 BANSKÁ BYSTRICA, a.s.","Mestský Hokejový klub 32 Liptovský Mikuláš, a.s.",3 : 2,3,2,1:0 | 0:1 | 2:1,5,7,4,0,https://www.hockeyslovakia.sk/sk/stats/matches/1131/tipsport-liga/match/153402/Overview,
153403,,,,,Presov Hockey a.s.,Hokejový klub Dukla Ingema Michalovce,2 : 7,2,7,2:2 | 0:0 | 0:5,9,9,4,0,https://www.hockeyslovakia.sk/sk/stats/matches/1131/tipsport-liga/match/153403/Overview,
153404,,,,,HKM a.s,HC Košice s.r.o.,4 : 3 pp,4,3,1:0 | 1:1 | 1:2 | 1:0,7,5,4,0,https://www.hockeyslovakia.sk/sk/stats/matches/1131/tipsport-liga/match/153404/Overview,
153405,,,,,"HK Nitra, s.r.o.","HK Rysy, s.r.o.",5 : 3,5,3,2:2 | 3:0 | 0:1,9,7,4,0,https://www.hockeyslovakia.sk/sk/stats/matches/1131/tipsport-liga/match/153405/Overview,
153406,,,,,"HK Nitra, s.r.o.",Hokejový klub Poprad a.s.,3 : 2 sn,3,2,0:1 | 1:1 | 1:0 | 0:0,5,4,4,0,https://www.hockeyslovakia.sk/sk/stats/matches/1131/tipsport-liga/match/153406/Overview,
153407,,,,,"HK Rysy, s.r.o.",HKM a.s,2 : 4,2,4,1:1 | 0:2 | 1:1,6,7,6,0,https://www.hockeyslovakia.sk/sk/stats/matches/1131/tipsport-liga/match/153407/Overview,
153408,,,,,Presov Hockey a.s.,HC Košice s.r.o.,1 : 5,1,5,1:1 | 0:3 | 0:1,6,8,4,0,https://www.hockeyslovakia.sk/sk/stats/matches/1131/tipsport-liga/match/153408/Overview,
153409,,,,,Hokejový klub Dukla Ingema Michalovce,"HC ‘05 BANSKÁ BYSTRICA, a.s.",3 : 2,3,2,1:0 | 1:1 | 1:1,5,5,6,0,https://www.hockeyslovakia.sk/sk/stats/matches/1131/tipsport-liga/match/153409/Overview,
153410,,,,,"Mestský Hokejový klub 32 Liptovský Mikuláš, a.s.","VLCI ŽILINA, a.s.",2 : 0,2,0,0:0 | 1:0 | 1:0,2,6,6,0,https://www.hockeyslovakia.sk/sk/stats/matches/1131/tipsport-liga/match/153410/Overview,
153411,,,,,"HC SLOVAN Bratislava, a.s.","Hokejový klub DUKLA Trenčín, a.s.",1 : 3,1,3,0:2 | 1:0 | 0:1,4,8,6,0,https://www.hockeyslovakia.sk/sk/stats/matches/1131/tipsport-liga/match/153411/Overview,
153412,,,,,"HC SLOVAN Bratislava, a.s.",Hokejový klub Poprad a.s.,2 : 3 sn,2,3,0:0 | 1:1 | 1:1 | 0:0,5,8,4,0,https://www.hockeyslovakia.sk/sk/stats/matches/1131/tipsport-liga/match/153412/Overview,
153413,,,,,"Mestský Hokejový klub 32 Liptovský Mikuláš, a.s.","Hokejový klub DUKLA Trenčín, a.s.",4 : 2,4,2,1:2 | 2:0 | 1:0,6,5,6,0,https://www.hockeyslovakia.sk/sk/stats/matches/1131/tipsport-liga/match/153413/Overview,
153414,,,,,"VLCI ŽILINA, a.s.",Hokejový klub Dukla Ingema Michalovce,2 : 1 pp,2,1,1:0 | 0:1 | 0:0 | 1:0,5,8,4,0,https://www.hockeyslovakia.sk/sk/stats/matches/1131/tipsport-liga/match/153414/Overview,
153415,,,,,"HC ‘05 BANSKÁ BYSTRICA, a.s.",HC Košice s.r.o.,0 : 2,0,2,0:2 | 0:0 | 0:0,2,4,4,0,https://www.hockeyslovakia.sk/sk/stats/matches/1131/tipsport-liga/match/153415/Overview,
153416,,,,,Presov Hockey a.s.,"HK Rysy, s.r.o.",0 : 4,0,4,0:1 | 0:2 | 0:1,4,7,4,0,https://www.hockeyslovakia.sk/sk/stats/matches/1131/tipsport-liga/match/153416/Overview,
153417,,,,,HKM a.s,"HK Nitra, s.r.o.",5 : 4 pp,5,4,1:0 | 1:3 | 2:1 | 1:0,9,22,6,0,https://www.hockeyslovakia.sk/sk/stats/matches/1131/tipsport-liga/match/153417/Overview,
153418,,,,,HKM a.s,Hokejový klub Poprad a.s.,3 : 4 pp,3,4,0:0 | 3:0 | 0:3 | 0:1,8,7,4,0,https://www.hockeyslovakia.sk/sk/stats/matches/1131/tipsport-liga/match/153418/Overview,
153419,,,,,"HK Nitra, s.r.o.",Presov Hockey a.s.,8 : 6,8,6,4:0 | 2:3 | 2:3,15,2,4,0,https://www.hockeyslovakia.sk/sk/stats/matches/1131/tipsport-liga/match/153419/Overview,
153420,,,,,"HK Rysy, s.r.o.","HC ‘05 BANSKÁ BYSTRICA, a.s.",1 : 0,1,0,0:0 | 0:0 | 1:0,1,7,4,0,https://www.hockeyslovakia.sk/sk/stats/matches/1131/tipsport-liga/match/153420/Overview,
153421,,,,,HC Košice s.r.o.,"VLCI ŽILINA, a.s.",4 : 3 sn,4,3,2:1 | 1:1 | 0:1 | 0:0,7,8,4,0,https://www.hockeyslovakia.sk/sk/stats/matches/1131/tipsport-liga/match/153421/Overview,
