player,team,position,games,goals,assists,points,penalties,pim,plus_minus,shots,toi,goals_per_game,assists_per_game,points_per_game,shots_per_game,toi_per_game
Markus Granlund,Genève-Servette HC,forwarder,58,25,37,62,9,22,13,146,62189,0.431,0.638,1.069,2.517,1072.22
Jesse Puljujärvi,Genève-Servette HC,forwarder,61,24,35,59,9,20,15,201,68651,0.393,0.574,0.967,3.295,1125.43
Matej Stransky,HC Davos,forwarder,53,33,24,57,12,74,35,152,53313,0.623,0.453,1.075,2.868,1005.91
Austin Czarnik,Lausanne HC,forwarder,58,20,34,54,14,30,12,118,65452,0.345,0.586,0.931,2.034,1128.48
Théo Rochette,Lausanne HC,forwarder,54,23,29,52,8,16,15,145,62440,0.426,0.537,0.963,2.685,1156.3
Sakari Manninen,Genève-Servette HC,forwarder,56,17,35,52,13,30,8,116,64536,0.304,0.625,0.929,2.071,1152.43
Denis Malgin,ZSC Lions,forwarder,47,17,33,50,13,30,25,122,53574,0.362,0.702,1.064,2.596,1139.87
Luca Fazzini,HC Lugano,forwarder,57,17,31,48,5,12,1,175,59324,0.298,0.544,0.842,3.07,1040.77
Sven Andrighetto,ZSC Lions,forwarder,44,19,28,47,10,24,18,143,49917,0.432,0.636,1.068,3.25,1134.48
Henrik Borgström,Fribourg-Gottéron,forwarder,57,14,32,46,4,8,17,163,59041,0.246,0.561,0.807,2.86,1035.81
Filip Zadina,HC Davos,forwarder,49,24,21,45,13,78,14,161,49510,0.49,0.429,0.918,3.286,1010.41
Zach Sanford,HC Lugano,forwarder,58,17,28,45,7,18,9,112,63120,0.293,0.483,0.776,1.931,1088.28
Simon Ryfors,HC Davos,forwarder,57,16,28,44,10,24,26,90,55738,0.281,0.491,0.772,1.579,977.86
Vili Saarijärvi,Genève-Servette HC,defender,61,7,37,44,11,44,3,126,74219,0.115,0.607,0.721,2.066,1216.7
Ahti Oksanen,Lausanne HC,forwarder,50,14,29,43,6,14,22,114,50455,0.28,0.58,0.86,2.28,1009.1
Adam Tambellini,HC Davos,forwarder,53,21,21,42,4,31,25,162,50338,0.396,0.396,0.792,3.057,949.77
Christoph Bertschy,Fribourg-Gottéron,forwarder,61,17,25,42,17,36,12,162,65383,0.279,0.41,0.689,2.656,1071.85
Christopher DiDomenico,HC Ambri-Piotta,forwarder,49,10,31,41,11,42,-17,97,51154,0.204,0.633,0.837,1.98,1043.96
Michael Joly,HC Ambri-Piotta,forwarder,54,22,19,41,3,6,-10,145,52873,0.407,0.352,0.759,2.685,979.13
Fabio Hofer,EHC Biel-Bienne,forwarder,54,19,22,41,4,10,1,106,62719,0.352,0.407,0.759,1.963,1161.46
Lias Andersson,EHC Biel-Bienne,forwarder,55,19,22,41,10,20,-11,147,61466,0.345,0.4,0.745,2.673,1117.56
Jimmy Vesey,Genève-Servette HC,forwarder,62,18,23,41,10,24,-1,131,66551,0.29,0.371,0.661,2.113,1073.4
Andre Petersson,SCL Tigers,forwarder,46,24,16,40,6,14,4,130,44037,0.522,0.348,0.87,2.826,957.33
Dominik Kubalik,EV Zug,forwarder,53,23,17,40,11,22,-10,149,57523,0.434,0.321,0.755,2.811,1085.34
Damien Riat,Lausanne HC,forwarder,59,16,23,39,12,26,10,142,61441,0.271,0.39,0.661,2.407,1041.37
Erik Brännström,Lausanne HC,defender,46,18,20,38,14,32,10,164,62774,0.391,0.435,0.826,3.565,1364.65
Rasmus Asplund,HC Davos,forwarder,52,12,26,38,8,16,31,85,52820,0.231,0.5,0.731,1.635,1015.77
Sandro Schmid,Fribourg-Gottéron,forwarder,52,10,28,38,16,36,6,107,57557,0.192,0.538,0.731,2.058,1106.87
Drake Caggiula,Lausanne HC,forwarder,54,20,18,38,9,68,4,137,60824,0.37,0.333,0.704,2.537,1126.37
Jesper Frödén,ZSC Lions,forwarder,56,14,24,38,10,20,6,109,62791,0.25,0.429,0.679,1.946,1121.27
Anttoni Honka,HC Ajoie,defender,57,10,28,38,11,22,-22,174,78739,0.175,0.491,0.667,3.053,1381.39
Gregory Hofmann,EV Zug,forwarder,56,17,20,37,8,20,9,151,58195,0.304,0.357,0.661,2.696,1039.2
Lukas Frick,HC Davos,defender,59,5,32,37,5,10,12,60,69627,0.085,0.542,0.627,1.017,1180.12
Julius Nättinen,HC Ajoie,forwarder,48,21,15,36,3,6,-11,127,57199,0.438,0.312,0.75,2.646,1191.65
Tomas Tatar,EV Zug,forwarder,48,9,27,36,9,41,-1,64,51332,0.188,0.562,0.75,1.333,1069.42
Toni Rajala,EHC Biel-Bienne,forwarder,52,16,20,36,2,4,12,168,55818,0.308,0.385,0.692,3.231,1073.42
Dario Rohrbach,SCL Tigers,forwarder,52,13,22,35,3,6,6,116,53175,0.25,0.423,0.673,2.231,1022.6
Tino Kessler,HC Davos,forwarder,56,16,19,35,6,14,9,94,53395,0.286,0.339,0.625,1.679,953.48
Michael Kapla,Fribourg-Gottéron,defender,61,12,23,35,8,18,10,103,74967,0.197,0.377,0.574,1.689,1228.97
Enzo Corvi,HC Davos,forwarder,37,10,24,34,5,12,23,33,37166,0.27,0.649,0.919,0.892,1004.49
Calvin Thürkauf,HC Lugano,forwarder,53,15,19,34,14,34,1,146,58158,0.283,0.358,0.642,2.755,1097.32
Jacob De la Rose,Fribourg-Gottéron,forwarder,61,21,13,34,10,24,-14,113,68297,0.344,0.213,0.557,1.852,1119.62
Gaëtan Haas,EHC Biel-Bienne,forwarder,54,9,24,33,8,20,12,99,56008,0.167,0.444,0.611,1.833,1037.19
Valentin Nussbaumer,HC Davos,forwarder,56,12,21,33,7,14,17,71,51724,0.214,0.375,0.589,1.268,923.64
Yannick Rathgeb,Fribourg-Gottéron,defender,60,10,23,33,12,28,4,118,67728,0.167,0.383,0.55,1.967,1128.8
Marcus Sörensen,Fribourg-Gottéron,forwarder,32,8,24,32,2,6,7,78,37384,0.25,0.75,1.0,2.438,1168.25
Victor Ejdsell,SC Bern,forwarder,41,14,18,32,10,22,2,135,50076,0.341,0.439,0.78,3.293,1221.37
Jan Kovar,EV Zug,forwarder,56,11,21,32,14,32,-13,74,62299,0.196,0.375,0.571,1.321,1112.48
Rudolfs Balcers,ZSC Lions,forwarder,40,16,15,31,8,20,14,88,41466,0.4,0.375,0.775,2.2,1036.65
Saku Mäenalanen,SCL Tigers,forwarder,48,9,22,31,8,43,6,99,47533,0.188,0.458,0.646,2.062,990.27
Michael Fora,HC Davos,defender,49,7,24,31,12,26,24,79,57599,0.143,0.49,0.633,1.612,1175.49
Alex Formenton,HC Ambri-Piotta,forwarder,48,18,12,30,17,58,-11,111,47573,0.375,0.25,0.625,2.312,991.1
Jason Fuchs,Lausanne HC,forwarder,60,8,22,30,7,16,-11,86,60725,0.133,0.367,0.5,1.433,1012.08
Derek Grant,ZSC Lions,forwarder,36,13,16,29,8,39,8,81,37962,0.361,0.444,0.806,2.25,1054.5
Attilio Biasca,Fribourg-Gottéron,forwarder,50,17,12,29,3,6,19,132,46670,0.34,0.24,0.58,2.64,933.4
Dominic Zwerger,HC Ambri-Piotta,forwarder,55,16,13,29,11,24,-3,80,50919,0.291,0.236,0.527,1.455,925.8
Tim Heed,HC Ambri-Piotta,defender,58,2,27,29,3,6,-24,119,80965,0.034,0.466,0.5,2.052,1395.95
Juuso Riikola,SCL Tigers,defender,36,7,21,28,6,35,-7,101,48273,0.194,0.583,0.778,2.806,1340.92
Harri Pesonen,SCL Tigers,forwarder,46,14,14,28,10,24,-3,115,49561,0.304,0.304,0.609,2.5,1077.41
Waltteri Merelä,SC Bern,forwarder,47,13,15,28,8,16,0,133,55975,0.277,0.319,0.596,2.83,1190.96
Santtu Kinnunen,SCL Tigers,defender,49,6,22,28,7,14,10,118,61848,0.122,0.449,0.571,2.408,1262.2
Dario Meyer,EHC Kloten,forwarder,53,15,13,28,5,12,-2,100,50743,0.283,0.245,0.528,1.887,957.42
Dario Simion,HC Lugano,forwarder,55,15,13,28,4,31,-4,85,54899,0.273,0.236,0.509,1.545,998.16
Connor Carrick,HC Lugano,defender,55,10,18,28,15,80,11,126,56512,0.182,0.327,0.509,2.291,1027.49
David Sklenicka,EV Zug,defender,58,7,21,28,8,43,1,87,75756,0.121,0.362,0.483,1.5,1306.14
Julien Sprunger,Fribourg-Gottéron,forwarder,61,12,16,28,9,22,-3,89,46944,0.197,0.262,0.459,1.459,769.57
Josh Jooris,Genève-Servette HC,forwarder,62,11,17,28,18,52,7,88,62327,0.177,0.274,0.452,1.419,1005.27
Malte Strömwall,SCRJ Lakers,forwarder,38,14,13,27,7,39,6,128,38851,0.368,0.342,0.711,3.368,1022.39
Andreas Wingerli,EV Zug,forwarder,50,14,13,27,9,24,-4,69,54661,0.28,0.26,0.54,1.38,1093.22
Robert Leino,EHC Kloten,forwarder,52,8,19,27,10,20,-11,101,58499,0.154,0.365,0.519,1.942,1124.98
Rodwin Dionicio,EHC Biel-Bienne,defender,52,6,21,27,16,42,5,117,50475,0.115,0.404,0.519,2.25,970.67
Sami Niku,Lausanne HC,defender,57,8,19,27,10,22,10,95,75055,0.14,0.333,0.474,1.667,1316.75
Brendan Lemieux,HC Davos,forwarder,33,14,12,26,13,55,12,65,28095,0.424,0.364,0.788,1.97,851.36
Tyler Moy,SCRJ Lakers,forwarder,37,8,18,26,10,20,0,99,42728,0.216,0.486,0.703,2.676,1154.81
Tyler Morley,EHC Kloten,forwarder,43,12,14,26,7,16,-11,117,46284,0.279,0.326,0.605,2.721,1076.37
Max Lindroth,EHC Kloten,defender,51,10,16,26,8,18,-7,134,67000,0.196,0.314,0.51,2.627,1313.73
Mikko Lehtonen,ZSC Lions,defender,54,7,19,26,8,28,3,120,72530,0.13,0.352,0.481,2.222,1343.15
Lucas Wallmark,Fribourg-Gottéron,forwarder,40,9,16,25,10,28,6,83,43713,0.225,0.4,0.625,2.075,1092.82
Christopher Tierney,HC Ambri-Piotta,forwarder,50,10,15,25,4,8,-15,66,49797,0.2,0.3,0.5,1.32,995.94
Jesse Virtanen,HC Ambri-Piotta,defender,55,7,18,25,15,30,-16,142,75431,0.127,0.327,0.455,2.582,1371.47
Sven Senteler,EV Zug,forwarder,61,14,11,25,5,12,-6,130,59501,0.23,0.18,0.41,2.131,975.43
Hardy Häman Aktell,SC Bern,defender,41,9,15,24,5,22,-3,102,53436,0.22,0.366,0.585,2.488,1303.32
Mike Künzle,EV Zug,forwarder,46,12,12,24,12,30,5,69,41680,0.261,0.261,0.522,1.5,906.09
Axel Simic,EHC Kloten,forwarder,47,11,13,24,9,21,-7,118,46205,0.234,0.277,0.511,2.511,983.09
Petteri Puhakka,EHC Kloten,forwarder,51,10,14,24,7,14,-3,88,57166,0.196,0.275,0.471,1.725,1120.9
Jan Rutta,Genève-Servette HC,defender,51,6,18,24,13,55,18,124,60529,0.118,0.353,0.471,2.431,1186.84
Marc Marchon,SC Bern,forwarder,54,6,18,24,14,61,0,90,53771,0.111,0.333,0.444,1.667,995.76
Hannes Björninen,SCL Tigers,forwarder,41,10,13,23,7,20,5,67,44646,0.244,0.317,0.561,1.634,1088.93
Marcus Sylvegard,EHC Biel-Bienne,forwarder,43,10,13,23,5,10,-18,112,46701,0.233,0.302,0.535,2.605,1086.07
Miro Aaltonen,SC Bern,forwarder,47,6,17,23,8,16,-1,129,54551,0.128,0.362,0.489,2.745,1160.66
Dean Kukan,ZSC Lions,defender,55,4,19,23,7,16,23,96,67907,0.073,0.345,0.418,1.745,1234.67
Tanner Fritz,SCRJ Lakers,forwarder,36,7,15,22,9,41,12,57,39733,0.194,0.417,0.611,1.583,1103.69
Nico Dünner,SCRJ Lakers,forwarder,37,8,14,22,8,18,-2,47,35759,0.216,0.378,0.595,1.27,966.46
Jere Sallinen,EHC Biel-Bienne,forwarder,45,8,14,22,8,18,-10,94,47214,0.178,0.311,0.489,2.089,1049.2
Linus Hultström,EHC Biel-Bienne,defender,50,4,18,22,14,32,-6,144,64583,0.08,0.36,0.44,2.88,1291.66
Willy Riedi,ZSC Lions,forwarder,53,11,11,22,6,14,6,111,46621,0.208,0.208,0.415,2.094,879.64
Julian Schmutz,SCL Tigers,forwarder,53,10,12,22,15,30,2,106,44619,0.189,0.226,0.415,2.0,841.87
Tommaso De Luca,HC Ambri-Piotta,forwarder,56,9,13,22,10,26,-3,95,45609,0.161,0.232,0.393,1.696,814.45
Santeri Alatalo,HC Lugano,defender,56,5,17,22,14,30,-6,130,67365,0.089,0.304,0.393,2.321,1202.95
Yannick Frehner,HC Davos,forwarder,58,15,7,22,2,4,16,74,47931,0.259,0.121,0.379,1.276,826.4
Vincent Praplan,Genève-Servette HC,forwarder,62,9,13,22,6,14,4,87,49756,0.145,0.21,0.355,1.403,802.52
Antti Suomela,Lausanne HC,forwarder,22,6,15,21,2,6,9,51,20128,0.273,0.682,0.955,2.318,914.91
Jerry Turkulainen,HC Ajoie,forwarder,28,6,15,21,4,8,-14,26,30540,0.214,0.536,0.75,0.929,1090.71
Jacob Larsson,SCRJ Lakers,defender,39,7,14,21,7,36,11,80,51940,0.179,0.359,0.538,2.051,1331.79
Gian-Marco Wetter,SCRJ Lakers,forwarder,40,9,12,21,3,6,5,84,38498,0.225,0.3,0.525,2.1,962.45
Pontus Aberg,ZSC Lions,forwarder,42,8,13,21,7,14,5,76,34906,0.19,0.31,0.5,1.81,831.1
Tim Bozon,Genève-Servette HC,forwarder,46,13,8,21,4,31,-7,92,41591,0.283,0.174,0.457,2.0,904.15
Philip-Michael Devos,HC Ajoie,forwarder,47,14,7,21,1,2,-23,48,52836,0.298,0.149,0.447,1.021,1124.17
Jiri Felcman,SCL Tigers,forwarder,53,4,17,21,5,10,-4,64,47461,0.075,0.321,0.396,1.208,895.49
David Aebischer,HC Lugano,defender,58,4,17,21,10,46,12,110,67894,0.069,0.293,0.362,1.897,1170.59
Simon Le Coultre,Genève-Servette HC,defender,62,12,9,21,9,20,-5,123,62281,0.194,0.145,0.339,1.984,1004.53
Brandon Gignac,EHC Kloten,forwarder,26,4,16,20,6,14,2,38,27475,0.154,0.615,0.769,1.462,1056.73
Emil Bemström,SC Bern,forwarder,35,12,8,20,2,4,-9,97,39173,0.343,0.229,0.571,2.771,1119.23
Dominik Kahun,Lausanne HC,forwarder,36,9,11,20,3,6,12,53,35992,0.25,0.306,0.556,1.472,999.78
Romain Loeffel,SC Bern,defender,39,5,15,20,4,8,3,119,52626,0.128,0.385,0.513,3.051,1349.38
Calle Andersson,HC Davos,defender,39,2,18,20,5,10,24,69,43159,0.051,0.462,0.513,1.769,1106.64
Victor Rask,SCRJ Lakers,forwarder,40,9,11,20,1,2,6,81,45095,0.225,0.275,0.5,2.025,1127.38
Lorenzo Canonica,HC Lugano,forwarder,48,13,7,20,8,16,15,57,44712,0.271,0.146,0.417,1.188,931.5
André Heim,HC Ambri-Piotta,forwarder,53,5,15,20,7,14,-5,59,50611,0.094,0.283,0.377,1.113,954.92
Miles Müller,HC Ambri-Piotta,forwarder,55,8,12,20,5,58,-13,67,41606,0.145,0.218,0.364,1.218,756.47
Kyen Sopa,HC Ajoie,forwarder,55,7,13,20,8,18,-11,48,39028,0.127,0.236,0.364,0.873,709.6
Killian Mottet,HC Ajoie,forwarder,58,10,10,20,5,10,-29,98,51885,0.172,0.172,0.345,1.69,894.57
Jiri Sekac,HC Lugano,forwarder,45,7,12,19,10,72,-4,78,43282,0.156,0.267,0.422,1.733,961.82
Simon Knak,HC Davos,forwarder,54,9,10,19,8,39,8,79,46115,0.167,0.185,0.352,1.463,853.98
Manix Landry,HC Ambri-Piotta,forwarder,58,8,11,19,6,12,-9,99,52303,0.138,0.19,0.328,1.707,901.78
Jacob Larsson,SC Rapperswil-Jona Lakers,defender,24,5,13,18,8,20,-1,67,33966,0.208,0.542,0.75,2.792,1415.25
Mike Sgarbossa,HC Lugano,forwarder,27,9,9,18,6,16,-6,43,27137,0.333,0.333,0.667,1.593,1005.07
Mischa Ramel,EHC Kloten,forwarder,49,7,11,18,3,6,-12,78,51427,0.143,0.224,0.367,1.592,1049.53
Mirco Müller,HC Lugano,defender,51,3,15,18,3,8,7,61,62200,0.059,0.294,0.353,1.196,1219.61
Petr Cajka,EHC Biel-Bienne,forwarder,53,10,8,18,7,14,-8,80,50610,0.189,0.151,0.34,1.509,954.91
Keanu Derungs,EHC Kloten,forwarder,54,7,11,18,3,6,-9,81,39845,0.13,0.204,0.333,1.5,737.87
Klas Dahlbeck,HC Davos,defender,57,7,11,18,14,53,27,82,64614,0.123,0.193,0.316,1.439,1133.58
Jeremy Wick,HC Ajoie,forwarder,57,6,12,18,5,33,-31,55,59123,0.105,0.211,0.316,0.965,1037.25
Tyler Moy,SC Rapperswil-Jona Lakers,forwarder,25,6,11,17,3,6,0,51,28086,0.24,0.44,0.68,2.04,1123.44
Jonathan Hazen,HC Ajoie,forwarder,46,10,7,17,6,12,-9,84,46067,0.217,0.152,0.37,1.826,1001.46
Kevin Nicolet,Fribourg-Gottéron,forwarder,56,8,9,17,4,18,0,32,34454,0.143,0.161,0.304,0.571,615.25
Yonas Berthoud,HC Ajoie,defender,56,4,13,17,11,24,-26,65,58081,0.071,0.232,0.304,1.161,1037.16
Chris Baltisberger,ZSC Lions,forwarder,57,11,6,17,8,18,3,52,31650,0.193,0.105,0.298,0.912,555.26
Nathan Marchon,Fribourg-Gottéron,forwarder,58,11,6,17,6,12,-1,60,49370,0.19,0.103,0.293,1.034,851.21
Nicolas Baechler,ZSC Lions,forwarder,59,7,10,17,8,16,10,80,52578,0.119,0.169,0.288,1.356,891.15
Victor Rask,SC Rapperswil-Jona Lakers,forwarder,25,7,9,16,4,8,2,56,29346,0.28,0.36,0.64,2.24,1173.84
Flavio Schmutz,SCL Tigers,forwarder,31,5,11,16,4,8,0,32,29920,0.161,0.355,0.516,1.032,965.16
Daniel Vozenilek,EV Zug,forwarder,43,5,11,16,11,55,-2,73,42322,0.116,0.256,0.372,1.698,984.23
Johnny Kneubuehler,EHC Biel-Bienne,forwarder,50,13,3,16,9,45,-2,83,48726,0.26,0.06,0.32,1.66,974.52
Marco Miranda,Genève-Servette HC,forwarder,59,5,11,16,10,22,-1,45,41735,0.085,0.186,0.271,0.763,707.37
Tim Berni,Genève-Servette HC,defender,59,2,14,16,6,35,17,98,70289,0.034,0.237,0.271,1.661,1191.34
Maximilian Streule,Fribourg-Gottéron,defender,60,5,11,16,13,32,2,72,61738,0.083,0.183,0.267,1.2,1028.97
Malte Strömwall,SC Rapperswil-Jona Lakers,forwarder,25,7,8,15,4,35,-6,61,24911,0.28,0.32,0.6,2.44,996.44
Benjamin Baumgartner,SC Bern,forwarder,26,10,5,15,3,8,4,74,24171,0.385,0.192,0.577,2.846,929.65
Dominic Lammer,SCRJ Lakers,forwarder,39,12,3,15,6,16,3,68,37136,0.308,0.077,0.385,1.744,952.21
Marco Lehmann,SC Bern,forwarder,48,7,8,15,3,6,-4,82,46768,0.146,0.167,0.312,1.708,974.33
Jérôme Bachofner,SCL Tigers,forwarder,50,9,6,15,3,6,-6,56,35204,0.18,0.12,0.3,1.12,704.08
Niklas Blessing,EHC Biel-Bienne,defender,50,3,12,15,9,24,-3,55,42320,0.06,0.24,0.3,1.1,846.4
Phil Baltisberger,SCL Tigers,defender,52,6,9,15,5,12,-1,90,62227,0.115,0.173,0.288,1.731,1196.67
Mike Sgarbossa,SC Bern,forwarder,13,3,11,14,2,4,-2,31,15736,0.231,0.846,1.077,2.385,1210.46
Mark Sever,EHC Biel-Bienne,forwarder,22,5,9,14,6,14,5,23,15041,0.227,0.409,0.636,1.045,683.68
Andrea Glauser,Fribourg-Gottéron,defender,35,2,12,14,10,24,7,48,41239,0.057,0.343,0.4,1.371,1178.26
Ludvig Johnson,Fribourg-Gottéron,defender,50,3,11,14,8,41,-3,24,34753,0.06,0.22,0.28,0.48,695.06
Patrik Nemeth,Fribourg-Gottéron,defender,51,4,10,14,11,70,9,62,56611,0.078,0.196,0.275,1.216,1110.02
Dario Bürgler,HC Ambri-Piotta,forwarder,53,5,9,14,7,14,-11,72,38438,0.094,0.17,0.264,1.358,725.25
Yannick Weber,ZSC Lions,defender,55,6,8,14,12,24,19,101,67806,0.109,0.145,0.255,1.836,1232.84
Marc-Antoine Pouliot,Genève-Servette HC,forwarder,55,6,8,14,14,34,3,86,40731,0.109,0.145,0.255,1.564,740.56
Nando Eggenberger,EV Zug,forwarder,57,3,11,14,5,12,-17,62,39651,0.053,0.193,0.246,1.088,695.63
Sven Jung,HC Davos,defender,57,3,11,14,14,34,24,60,53750,0.053,0.193,0.246,1.053,942.98
Samuel Walser,Fribourg-Gottéron,forwarder,59,5,9,14,13,32,1,68,47197,0.085,0.153,0.237,1.153,799.95
Simas Ignatavicius,Genève-Servette HC,defender,60,8,6,14,10,43,9,46,32636,0.133,0.1,0.233,0.767,543.93
Jonas Taibel,SCRJ Lakers,forwarder,28,7,6,13,2,4,3,41,23793,0.25,0.214,0.464,1.464,849.75
Lukas Bengtsson,EV Zug,defender,29,3,10,13,3,8,-10,49,37872,0.103,0.345,0.448,1.69,1305.93
Jonah Neuenschwander,EHC Biel-Bienne,forwarder,35,6,7,13,2,4,-2,38,27379,0.171,0.2,0.371,1.086,782.26
Dario Allenspach,SCL Tigers,forwarder,44,5,8,13,6,12,-3,47,37699,0.114,0.182,0.295,1.068,856.8
Marco Müller,SC Bern,forwarder,44,4,9,13,4,8,5,86,44103,0.091,0.205,0.295,1.955,1002.34
Vinzenz Rohrer,ZSC Lions,forwarder,48,5,8,13,12,49,3,65,45082,0.104,0.167,0.271,1.354,939.21
Noah Meier,SCL Tigers,defender,50,1,12,13,3,6,5,77,49134,0.02,0.24,0.26,1.54,982.68
Davyd Barandun,HC Davos,defender,55,1,12,13,10,20,31,60,43533,0.018,0.218,0.236,1.091,791.51
Benjamin Bougro,Lausanne HC,forwarder,56,7,6,13,2,6,1,60,32465,0.125,0.107,0.232,1.071,579.73
Justin Sigrist,ZSC Lions,forwarder,59,6,7,13,7,16,3,82,43513,0.102,0.119,0.22,1.39,737.51
Yannick Zehnder,Lausanne HC,forwarder,60,3,10,13,8,16,4,82,51799,0.05,0.167,0.217,1.367,863.32
Tobias Geisser,EV Zug,defender,60,3,10,13,7,16,3,72,73247,0.05,0.167,0.217,1.2,1220.78
Noah Rod,Genève-Servette HC,forwarder,62,6,7,13,14,86,1,66,48351,0.097,0.113,0.21,1.065,779.85
Dave Sutter,Genève-Servette HC,defender,62,3,10,13,5,18,14,48,41892,0.048,0.161,0.21,0.774,675.68
Kyle Rau,Fribourg-Gottéron,forwarder,20,3,9,12,3,6,1,41,15627,0.15,0.45,0.6,2.05,781.35
Gian-Marco Wetter,SC Rapperswil-Jona Lakers,forwarder,25,3,9,12,3,6,-2,58,23544,0.12,0.36,0.48,2.32,941.76
Aleksandr Iakovenko,SC Bern,defender,30,3,9,12,4,8,0,61,32471,0.1,0.3,0.4,2.033,1082.37
Thierry Bader,ZSC Lions,forwarder,31,1,11,12,4,8,4,30,24361,0.032,0.355,0.387,0.968,785.84
Brendan Perlini,HC Lugano,forwarder,36,4,8,12,7,45,7,81,32170,0.111,0.222,0.333,2.25,893.61
Pierre-Edouard Bellemare,HC Ajoie,forwarder,38,1,11,12,10,20,-15,51,44344,0.026,0.289,0.316,1.342,1166.95
Ken Jäger,Lausanne HC,forwarder,47,7,5,12,9,41,-7,61,47277,0.149,0.106,0.255,1.298,1005.89
Joël Vermin,SC Bern,defender,47,5,7,12,5,12,-11,46,41659,0.106,0.149,0.255,0.979,886.36
Keijo Weibel,EHC Kloten,forwarder,51,5,7,12,0,0,-6,53,38846,0.098,0.137,0.235,1.039,761.69
Chris Egli,HC Davos,forwarder,54,3,9,12,7,19,-5,38,40195,0.056,0.167,0.222,0.704,744.35
Fabrice Herzog,EV Zug,forwarder,55,5,7,12,3,6,-7,68,51041,0.091,0.127,0.218,1.236,928.02
Miro Zryd,EHC Biel-Bienne,defender,55,0,12,12,13,26,-3,31,58481,0.0,0.218,0.218,0.564,1063.29
Ramon Untersander,SC Bern,defender,56,5,7,12,7,14,-17,67,65895,0.089,0.125,0.214,1.196,1176.7
Benoit Jecker,Fribourg-Gottéron,defender,58,2,10,12,3,6,10,45,50098,0.034,0.172,0.207,0.776,863.76
Aurélien Marti,Lausanne HC,defender,60,1,11,12,22,65,12,76,62204,0.017,0.183,0.2,1.267,1036.73
Matthew Verboon,Genève-Servette HC,forwarder,62,7,5,12,10,24,-4,58,48016,0.113,0.081,0.194,0.935,774.45
Marcus Sylvegaard,EHC Biel-Bienne,forwarder,11,2,9,11,2,4,-3,30,11757,0.182,0.818,1.0,2.727,1068.82
Erik Brannström,Lausanne HC,defender,13,3,8,11,4,12,13,28,17245,0.231,0.615,0.846,2.154,1326.54
Linus Omark,HC Lugano,forwarder,15,4,7,11,4,8,3,18,14729,0.267,0.467,0.733,1.2,981.93
Yannick-Lennart Albrecht,SCRJ Lakers,forwarder,24,4,7,11,4,10,7,29,21651,0.167,0.292,0.458,1.208,902.12
Julius Honka,SCRJ Lakers,defender,25,3,8,11,3,37,1,55,25785,0.12,0.32,0.44,2.2,1031.4
Mika Henauer,SCRJ Lakers,defender,29,3,8,11,4,8,2,54,30658,0.103,0.276,0.379,1.862,1057.17
Louis Robin,HC Ajoie,forwarder,42,6,5,11,6,12,-17,49,32554,0.143,0.119,0.262,1.167,775.1
Tristan Scherwey,SC Bern,forwarder,43,2,9,11,12,49,-3,54,38309,0.047,0.209,0.256,1.256,890.91
Jan Dorthe,Fribourg-Gottéron,forwarder,48,6,5,11,6,20,-1,30,28549,0.125,0.104,0.229,0.625,594.77
Leandro Profico,EHC Kloten,defender,50,5,6,11,3,6,-3,40,46015,0.1,0.12,0.22,0.8,920.3
Inaki Baragano,Lausanne HC,defender,51,3,8,11,5,14,11,53,50865,0.059,0.157,0.216,1.039,997.35
Carl Dahlström,HC Lugano,defender,51,1,10,11,3,8,14,56,53387,0.02,0.196,0.216,1.098,1046.8
Joel Salzgeber,SCL Tigers,forwarder,53,2,9,11,17,40,-4,42,40958,0.038,0.17,0.208,0.792,772.79
Giovanni Morini,HC Lugano,forwarder,54,5,6,11,8,16,0,66,39923,0.093,0.111,0.204,1.222,739.31
Aleksi Peltonen,HC Lugano,forwarder,55,5,6,11,3,6,3,51,33750,0.091,0.109,0.2,0.927,613.64
Einar Emanuelsson,HC Lugano,forwarder,27,7,3,10,0,0,8,49,24609,0.259,0.111,0.37,1.815,911.44
Fabian Heldner,Lausanne HC,defender,35,2,8,10,7,37,19,29,35770,0.057,0.229,0.286,0.829,1022.0
Denis Hollenstein,ZSC Lions,forwarder,36,5,5,10,6,14,4,59,29106,0.139,0.139,0.278,1.639,808.5
Kimo Gruber,ZSC Lions,forwarder,38,5,5,10,1,2,2,31,21178,0.132,0.132,0.263,0.816,557.32
Valentin Hofer,SCRJ Lakers,forwarder,39,5,5,10,6,12,-3,42,25628,0.128,0.128,0.256,1.077,657.13
Samuel Erni,SCL Tigers,defender,48,1,9,10,9,18,-1,45,39714,0.021,0.188,0.208,0.938,827.38
Jesse Zgraggen,HC Ambri-Piotta,defender,49,3,7,10,6,35,-8,50,49115,0.061,0.143,0.204,1.02,1002.35
Roger Karrer,Genève-Servette HC,defender,60,3,7,10,14,28,5,44,53905,0.05,0.117,0.167,0.733,898.42
Ty Rattie,Fribourg-Gottéron,forwarder,14,3,6,9,1,2,0,36,13142,0.214,0.429,0.643,2.571,938.71
Tanner Fritz,SC Rapperswil-Jona Lakers,forwarder,22,4,5,9,5,14,8,31,24680,0.182,0.227,0.409,1.409,1121.82
Sandro Zangger,SC Rapperswil-Jona Lakers,forwarder,24,7,2,9,4,10,-3,28,18977,0.292,0.083,0.375,1.167,790.71
Frédérik Gauthier,HC Ajoie,forwarder,29,4,5,9,4,8,-15,39,30749,0.138,0.172,0.31,1.345,1060.31
Inti Pestoni,HC Ambri-Piotta,forwarder,43,4,5,9,6,12,-11,48,29648,0.093,0.116,0.209,1.116,689.49
Rafael Meier,EHC Kloten,forwarder,44,3,6,9,4,10,1,45,23093,0.068,0.136,0.205,1.023,524.84
Lukas Klok,EHC Kloten,defender,45,2,7,9,4,10,-9,48,53018,0.044,0.156,0.2,1.067,1178.18
Matteo Romanenghi,HC Ajoie,forwarder,49,1,8,9,1,4,-14,36,37020,0.02,0.163,0.184,0.735,755.51
Christian Marti,ZSC Lions,defender,49,1,8,9,12,24,16,28,51245,0.02,0.163,0.184,0.571,1045.82
Mats Alge,SC Bern,forwarder,52,7,2,9,2,4,0,47,34963,0.135,0.038,0.173,0.904,672.37
Jeremi Gerber,Fribourg-Gottéron,forwarder,53,3,6,9,4,31,1,36,21636,0.057,0.113,0.17,0.679,408.23
Ramon Tanner,HC Lugano,forwarder,55,3,6,9,8,20,11,39,35796,0.055,0.109,0.164,0.709,650.84
Giancarlo Chanton,Genève-Servette HC,defender,61,4,5,9,11,26,11,58,51457,0.066,0.082,0.148,0.951,843.56
Julius Honka,SC Rapperswil-Jona Lakers,defender,13,3,5,8,1,2,0,35,13717,0.231,0.385,0.615,2.692,1055.15
Philippe Maillet,SCRJ Lakers,forwarder,16,1,7,8,1,2,-9,45,17382,0.062,0.438,0.5,2.812,1086.38
Lino Martschini,EV Zug,forwarder,20,4,4,8,1,2,-10,48,17300,0.2,0.2,0.4,2.4,865.0
Raphael Diaz,EV Zug,defender,21,1,7,8,5,12,10,35,22506,0.048,0.333,0.381,1.667,1071.71
Sandro Zangger,SCRJ Lakers,forwarder,39,4,4,8,6,14,-6,44,30243,0.103,0.103,0.205,1.128,775.46
Alessio Bertaggia,HC Lugano,forwarder,40,2,6,8,6,14,1,44,28426,0.05,0.15,0.2,1.1,710.65
Marco Zanetti,HC Lugano,forwarder,42,2,6,8,2,4,-1,34,27941,0.048,0.143,0.19,0.81,665.26
Raphael Prassl,Lausanne HC,forwarder,42,0,8,8,5,10,8,34,27418,0.0,0.19,0.19,0.81,652.81
Deniss Smirnovs,EHC Kloten,forwarder,44,2,6,8,2,4,-3,43,31321,0.045,0.136,0.182,0.977,711.84
Noah Delémont,EHC Kloten,defender,50,3,5,8,6,14,-15,47,41769,0.06,0.1,0.16,0.94,835.38
Oskars Lapinskis,SCL Tigers,forwarder,52,4,4,8,5,10,-9,38,33901,0.077,0.077,0.154,0.731,651.94
Nathan Vouardoux,Lausanne HC,defender,54,1,7,8,11,24,-5,95,38684,0.019,0.13,0.148,1.759,716.37
Dario Wüthrich,HC Ambri-Piotta,defender,58,1,7,8,5,10,2,44,54735,0.017,0.121,0.138,0.759,943.71
Marco Pedretti,HC Ajoie,forwarder,58,1,7,8,10,22,-23,39,42876,0.017,0.121,0.138,0.672,739.24
Brian Zanetti,HC Lugano,defender,58,1,7,8,6,12,-5,35,33618,0.017,0.121,0.138,0.603,579.62
Livio Stadler,EV Zug,defender,61,0,8,8,1,2,-2,28,60395,0.0,0.131,0.131,0.459,990.08
Lawrence Pilut,SC Rapperswil-Jona Lakers,defender,11,1,6,7,3,6,0,24,14100,0.091,0.545,0.636,2.182,1281.82
Nico Dünner,SC Rapperswil-Jona Lakers,forwarder,16,2,5,7,4,10,-8,16,15929,0.125,0.312,0.438,1.0,995.56
Yannick-Lennart Albrecht,SC Rapperswil-Jona Lakers,forwarder,19,3,4,7,1,2,-2,17,13539,0.158,0.211,0.368,0.895,712.58
Dominic Lammer,SC Rapperswil-Jona Lakers,forwarder,25,4,3,7,6,12,-7,28,22952,0.16,0.12,0.28,1.12,918.08
Matthew Kellenberger,SCRJ Lakers,defender,28,2,5,7,5,10,5,38,22448,0.071,0.179,0.25,1.357,801.71
Elia Riva,EV Zug,defender,33,4,3,7,1,2,-10,45,28133,0.121,0.091,0.212,1.364,852.52
Cole Cormier,HC Ajoie,forwarder,35,3,4,7,4,8,-10,31,20236,0.086,0.114,0.2,0.886,578.17
Robin Grossmann,EHC Biel-Bienne,defender,44,1,6,7,5,12,-4,36,40459,0.023,0.136,0.159,0.818,919.52
Rico Gredig,HC Davos,forwarder,48,3,4,7,8,16,11,30,24975,0.062,0.083,0.146,0.625,520.31
Yanik Burren,EHC Biel-Bienne,defender,48,0,7,7,5,10,-14,48,44376,0.0,0.146,0.146,1.0,924.5
Nils Rhyn,SC Bern,defender,48,0,7,7,6,12,7,37,32506,0.0,0.146,0.146,0.771,677.21
Alain Graf,SC Bern,forwarder,50,6,1,7,4,8,-16,50,44048,0.12,0.02,0.14,1.0,880.96
Luc Bachmann,HC Ambri-Piotta,defender,50,5,2,7,4,8,-2,36,33673,0.1,0.04,0.14,0.72,673.46
Bernd Wolf,EHC Kloten,defender,53,1,6,7,5,10,-11,51,60445,0.019,0.113,0.132,0.962,1140.47
Reto Schäppi,EHC Kloten,forwarder,54,3,4,7,13,30,-1,52,41569,0.056,0.074,0.13,0.963,769.8
Yanick Stampfli,EHC Biel-Bienne,defender,55,3,4,7,3,6,-7,32,48429,0.055,0.073,0.127,0.582,880.53
Jan Schwendeler,ZSC Lions,defender,55,1,6,7,3,6,-3,26,30420,0.018,0.109,0.127,0.473,553.09
Zaccheo Dotti,HC Ambri-Piotta,defender,56,1,6,7,12,49,-6,45,45796,0.018,0.107,0.125,0.804,817.79
Jesper Peltonen,HC Lugano,defender,57,2,5,7,6,37,16,58,55741,0.035,0.088,0.123,1.018,977.91
Dario Trutmann,ZSC Lions,defender,57,1,6,7,6,12,10,44,53278,0.018,0.105,0.123,0.772,934.7
Colin Lindemann,EV Zug,forwarder,58,3,4,7,7,14,0,53,30937,0.052,0.069,0.121,0.914,533.4
Nicklas Jensen,SCRJ Lakers,forwarder,12,4,2,6,2,4,-1,37,11138,0.333,0.167,0.5,3.083,928.17
Juho Lammikko,ZSC Lions,forwarder,12,3,3,6,4,8,-2,19,13816,0.25,0.25,0.5,1.583,1151.33
Lawrence Pilut,SCRJ Lakers,defender,13,1,5,6,0,0,-5,20,15760,0.077,0.385,0.462,1.538,1212.31
Nicklas Jensen,SC Rapperswil-Jona Lakers,forwarder,16,3,3,6,3,10,-1,38,15423,0.188,0.188,0.375,2.375,963.94
Jesse Graham,EV Zug,defender,18,3,3,6,4,13,-1,27,20767,0.167,0.167,0.333,1.5,1153.72
Mika Henauer,SC Rapperswil-Jona Lakers,defender,21,2,4,6,8,41,-9,21,22256,0.095,0.19,0.286,1.0,1059.81
Samuel Guerra,EV Zug,defender,30,0,6,6,5,12,4,23,26490,0.0,0.2,0.2,0.767,883.0
Michael Hügli,Lausanne HC,forwarder,32,2,4,6,4,33,-7,38,19742,0.062,0.125,0.188,1.188,616.94
Isacco Dotti,HC Ambri-Piotta,defender,36,4,2,6,8,16,3,24,21916,0.111,0.056,0.167,0.667,608.78
Marlon Graf,SCRJ Lakers,forwarder,39,4,2,6,12,28,-2,26,20147,0.103,0.051,0.154,0.667,516.59
Tim Mathys,SCL Tigers,defender,42,2,4,6,8,16,3,46,36968,0.048,0.095,0.143,1.095,880.19
Anton Lindholm,SC Bern,defender,42,0,6,6,7,21,9,55,51811,0.0,0.143,0.143,1.31,1233.6
Diego Kostner,HC Ambri-Piotta,forwarder,46,3,3,6,6,16,-7,21,27852,0.065,0.065,0.13,0.457,605.48
Jannik Fischer,HC Ajoie,defender,48,1,5,6,11,71,-15,23,46749,0.021,0.104,0.125,0.479,973.94
Nicholas Steiner,EHC Kloten,defender,49,2,4,6,11,26,2,37,42749,0.041,0.082,0.122,0.755,872.43
Yanick Sablatnig,EHC Biel-Bienne,forwarder,52,3,3,6,12,30,-5,36,31916,0.058,0.058,0.115,0.692,613.77
Steve Kellenberger,EHC Kloten,defender,52,1,5,6,5,10,-2,29,39205,0.019,0.096,0.115,0.558,753.94
Floran Douay,Lausanne HC,forwarder,53,3,3,6,9,45,-3,35,29174,0.057,0.057,0.113,0.66,550.45
Patrick Geering,ZSC Lions,defender,55,1,5,6,4,8,12,84,58769,0.018,0.091,0.109,1.527,1068.53
Lukas Landry,HC Ambri-Piotta,forwarder,56,4,2,6,4,12,-4,36,23662,0.071,0.036,0.107,0.643,422.54
Joel Henry,EHC Kloten,forwarder,8,2,3,5,1,2,-2,10,7335,0.25,0.375,0.625,1.25,916.88
Johan Sundström,ZSC Lions,forwarder,10,3,2,5,1,2,3,18,9567,0.3,0.2,0.5,1.8,956.7
Nathan Borradori,HC Ambri-Piotta,forwarder,12,2,3,5,1,2,3,10,4726,0.167,0.25,0.417,0.833,393.83
Rasmus Kupari,HC Lugano,forwarder,13,2,3,5,2,4,-3,24,11615,0.154,0.231,0.385,1.846,893.46
Oula Palve,EHC Kloten,forwarder,16,1,4,5,3,6,-6,27,15235,0.062,0.25,0.312,1.688,952.19
Cal O'Reilly,SCL Tigers,forwarder,20,1,4,5,1,2,-2,22,21349,0.05,0.2,0.25,1.1,1067.45
Jamiro Reber,Fribourg-Gottéron,forwarder,21,1,4,5,3,29,1,19,13826,0.048,0.19,0.238,0.905,658.38
Igor Jelovac,SC Rapperswil-Jona Lakers,defender,24,2,3,5,7,78,1,17,21885,0.083,0.125,0.208,0.708,911.88
Samuel Kreis,SC Bern,defender,24,0,5,5,5,10,1,18,23141,0.0,0.208,0.208,0.75,964.21
Nolan Diem,EHC Kloten,forwarder,29,3,2,5,5,12,-10,32,18649,0.103,0.069,0.172,1.103,643.07
Simone Terraneo,HC Ambri-Piotta,defender,31,1,4,5,5,10,-10,28,18686,0.032,0.129,0.161,0.903,602.77
Kevin Fey,HC Ajoie,defender,31,1,4,5,8,18,-5,23,32898,0.032,0.129,0.161,0.742,1061.23
Harrison Luc Schreiber,EHC Kloten,forwarder,35,2,3,5,2,4,-9,39,24890,0.057,0.086,0.143,1.114,711.14
Daniele Grassi,HC Ambri-Piotta,forwarder,36,1,4,5,6,24,-7,23,23012,0.028,0.111,0.139,0.639,639.22
Arno Nussbaumer,HC Ajoie,defender,42,2,3,5,2,4,-18,31,34537,0.048,0.071,0.119,0.738,822.31
Nico Gross,HC Davos,defender,49,1,4,5,11,22,-1,40,39412,0.02,0.082,0.102,0.816,804.33
Thierry Schild,SC Bern,forwarder,51,1,4,5,3,24,-10,38,24580,0.02,0.078,0.098,0.745,481.96
Fabian Ritzmann,SC Bern,forwarder,53,0,5,5,3,6,-5,52,32951,0.0,0.094,0.094,0.981,621.72
Sven Leuenberger,EV Zug,forwarder,56,2,3,5,6,12,-8,22,40653,0.036,0.054,0.089,0.393,725.95
Julian Parrée,HC Davos,forwarder,56,0,5,5,4,8,-3,31,27671,0.0,0.089,0.089,0.554,494.12
Tarmo Reunanen,HC Ajoie,defender,7,0,4,4,0,0,-2,22,10446,0.0,0.571,0.571,3.143,1492.29
Niko Huuhtanen,EHC Biel-Bienne,forwarder,11,2,2,4,2,29,1,15,7238,0.182,0.182,0.364,1.364,658.0
Nicolas Petan,HC Ambri-Piotta,forwarder,15,1,3,4,2,4,-13,28,15296,0.067,0.2,0.267,1.867,1019.73
Oskari Laaksonen,EHC Biel-Bienne,defender,16,0,4,4,4,11,2,36,19783,0.0,0.25,0.25,2.25,1236.44
Cyrill Henry,HC Lugano,forwarder,19,1,3,4,0,0,1,8,6078,0.053,0.158,0.211,0.421,319.89
Jonas Taibel,SC Rapperswil-Jona Lakers,forwarder,21,0,4,4,1,2,-7,13,15815,0.0,0.19,0.19,0.619,753.1
Luca Capaul,SC Rapperswil-Jona Lakers,defender,22,1,3,4,5,10,1,30,19150,0.045,0.136,0.182,1.364,870.45
Mauro Dufner,SCRJ Lakers,defender,24,2,2,4,3,8,7,25,20443,0.083,0.083,0.167,1.042,851.79
Valentin Hofer,SC Rapperswil-Jona Lakers,forwarder,24,2,2,4,1,2,-6,22,15449,0.083,0.083,0.167,0.917,643.71
Luca Capaul,SCRJ Lakers,defender,29,0,4,4,8,22,1,47,24809,0.0,0.138,0.138,1.621,855.48
Eric Schneller,Genève-Servette HC,defender,32,2,2,4,1,25,-2,23,14211,0.062,0.062,0.125,0.719,444.09
Nik Lehmann,SCL Tigers,defender,36,1,3,4,0,0,-3,18,17095,0.028,0.083,0.111,0.5,474.86
Makai Holdener,Lausanne HC,forwarder,36,1,3,4,3,6,-3,17,13776,0.028,0.083,0.111,0.472,382.67
Christophe Cavalleri,HC Ajoie,forwarder,38,3,1,4,4,8,-7,27,17116,0.079,0.026,0.105,0.711,450.42
Beni Waidacher,HC Davos,forwarder,39,2,2,4,1,2,0,19,18157,0.051,0.051,0.103,0.487,465.56
Fabian Maier,SCRJ Lakers,defender,39,0,4,4,10,24,-9,33,40194,0.0,0.103,0.103,0.846,1030.62
Igor Jelovac,SCRJ Lakers,defender,40,0,4,4,12,53,-4,38,41219,0.0,0.1,0.1,0.95,1030.47
Cédric Fiedler,Lausanne HC,defender,44,2,2,4,9,22,0,44,33254,0.045,0.045,0.091,1.0,755.77
Gaël Christe,HC Ajoie,defender,47,1,3,4,5,10,-24,43,39029,0.021,0.064,0.085,0.915,830.4
Simon Seiler,Fribourg-Gottéron,defender,51,1,3,4,13,34,4,18,35957,0.02,0.059,0.078,0.353,705.04
Luca Christen,EHC Biel-Bienne,forwarder,52,2,2,4,8,16,-9,14,22391,0.038,0.038,0.077,0.269,430.6
Curtis Valk,HC Lugano,forwarder,5,1,2,3,1,2,-1,5,3703,0.2,0.4,0.6,1.0,740.6
Pontus Aberg,EHC Kloten,forwarder,6,2,1,3,0,0,-2,20,5731,0.333,0.167,0.5,3.333,955.17
Philippe Maillet,SC Rapperswil-Jona Lakers,forwarder,8,0,3,3,3,24,1,20,8409,0.0,0.375,0.375,2.5,1051.12
Sean Malone,SCL Tigers,forwarder,11,2,1,3,1,2,2,17,8941,0.182,0.091,0.273,1.545,812.82
Matthew Kellenberger,SC Rapperswil-Jona Lakers,defender,13,2,1,3,1,2,4,10,7473,0.154,0.077,0.231,0.769,574.85
Jason Akeson,Genève-Servette HC,forwarder,16,0,3,3,0,0,0,9,6690,0.0,0.188,0.188,0.562,418.12
Dario Sidler,EHC Kloten,defender,17,1,2,3,1,2,1,6,10640,0.059,0.118,0.176,0.353,625.88
Andy Andreoff,ZSC Lions,forwarder,19,2,1,3,4,12,-5,37,16691,0.105,0.053,0.158,1.947,878.47
Bastian Guggenheim,SCL Tigers,defender,20,1,2,3,3,6,-7,17,18044,0.05,0.1,0.15,0.85,902.2
Dorian Moret,EV Zug,defender,21,0,3,3,1,2,-1,7,7665,0.0,0.143,0.143,0.333,365.0
Patrick Petrini,SCL Tigers,forwarder,24,2,1,3,3,6,-3,24,14227,0.083,0.042,0.125,1.0,592.79
Robin Nico Antenen,EV Zug,forwarder,28,0,3,3,1,2,1,16,12170,0.0,0.107,0.107,0.571,434.64
Niklas Friman,HC Ajoie,defender,33,1,2,3,1,2,-17,37,33564,0.03,0.061,0.091,1.121,1017.09
Enzo Guebey,HC Davos,defender,37,0,3,3,4,10,-3,34,26316,0.0,0.081,0.081,0.919,711.24
Loris Wey,EV Zug,forwarder,44,1,2,3,1,2,1,14,18232,0.023,0.045,0.068,0.318,414.36
Basile Sansonnens,Lausanne HC,defender,52,0,3,3,4,31,-6,26,34400,0.0,0.058,0.058,0.5,661.54
Simon Kindschi,SC Bern,defender,54,1,2,3,8,16,-15,43,36458,0.019,0.037,0.056,0.796,675.15
Yannik Boppart,Fribourg-Gottéron,forwarder,3,2,0,2,0,0,2,3,735,0.667,0.0,0.667,1.0,245.0
Andrin Flütsch,SCRJ Lakers,defender,4,1,1,2,0,0,1,2,1893,0.25,0.25,0.5,0.5,473.25
Juuso Arola,Fribourg-Gottéron,defender,4,0,2,2,0,0,4,3,4047,0.0,0.5,0.5,0.75,1011.75
Alessandro Segafredo,ZSC Lions,forwarder,8,1,1,2,0,0,0,2,1971,0.125,0.125,0.25,0.25,246.38
Livio Truog,EV Zug,forwarder,10,0,2,2,0,0,-2,10,6763,0.0,0.2,0.2,1.0,676.3
Thomas Thiry,HC Ajoie,defender,13,1,1,2,2,6,-5,12,9250,0.077,0.077,0.154,0.923,711.54
Mauro Dufner,SC Rapperswil-Jona Lakers,defender,17,0,2,2,4,31,1,18,14976,0.0,0.118,0.118,1.059,880.94
Nicolas Müller,EHC Biel-Bienne,forwarder,18,2,0,2,6,12,0,14,12848,0.111,0.0,0.111,0.778,713.78
Kevin Etter,Fribourg-Gottéron,forwarder,20,1,1,2,2,4,0,8,9152,0.05,0.05,0.1,0.4,457.6
Leo Braillard,EHC Biel-Bienne,forwarder,20,1,1,2,1,2,-6,8,5672,0.05,0.05,0.1,0.4,283.6
Mischa Geisser,EV Zug,defender,21,0,2,2,3,29,-4,8,9316,0.0,0.095,0.095,0.381,443.62
Luca Hischier,Genève-Servette HC,forwarder,29,1,1,2,1,2,-1,14,12334,0.034,0.034,0.069,0.483,425.31
Kevin Bozon,HC Ajoie,forwarder,35,0,2,2,3,6,-9,39,29522,0.0,0.057,0.057,1.114,843.49
Dominik Schlumpf,EV Zug,defender,35,0,2,2,6,14,-9,24,31377,0.0,0.057,0.057,0.686,896.49
Nolan Cattin,EHC Biel-Bienne,forwarder,36,1,1,2,3,8,-6,22,15084,0.028,0.028,0.056,0.611,419.0
Emils Veckaktins,HC Ajoie,forwarder,36,0,2,2,4,8,-10,14,15827,0.0,0.056,0.056,0.389,439.64
Claude-C. Paschoud,SCL Tigers,defender,37,1,1,2,4,8,-6,16,27855,0.027,0.027,0.054,0.432,752.84
Jérémie Bärtschi,EHC Biel-Bienne,forwarder,42,0,2,2,5,10,-9,13,17922,0.0,0.048,0.048,0.31,426.71
Louis Füllemann,SC Bern,defender,46,1,1,2,6,12,-4,28,34809,0.022,0.022,0.043,0.609,756.72
Valentin Pilet,HC Ajoie,defender,46,0,2,2,15,80,-18,33,41608,0.0,0.043,0.043,0.717,904.52
Jannik Canova,SCL Tigers,forwarder,2,1,0,1,0,0,0,1,909,0.5,0.0,0.5,0.5,454.5
Luca Cunti,ZSC Lions,forwarder,2,0,1,1,0,0,1,2,1575,0.0,0.5,0.5,1.0,787.5
Léonardo Fuhrer,Lausanne HC,forwarder,3,1,0,1,0,0,0,3,1574,0.333,0.0,0.333,1.0,524.67
Florian Schenk,Lausanne HC,forwarder,3,0,1,1,1,2,3,3,1571,0.0,0.333,0.333,1.0,523.67
Nino Niedermann,ZSC Lions,defender,3,0,1,1,0,0,1,2,1204,0.0,0.333,0.333,0.667,401.33
Daniel Ljunggren,Fribourg-Gottéron,forwarder,4,1,0,1,0,0,-2,6,3778,0.25,0.0,0.25,1.5,944.5
Jakob Lilja,EV Zug,forwarder,4,1,0,1,1,2,-4,5,2930,0.25,0.0,0.25,1.25,732.5
Jakob Lee,HC Lugano,forwarder,5,0,1,1,1,2,-1,4,1967,0.0,0.2,0.2,0.8,393.4
Ryan Spooner,Lausanne HC,forwarder,6,0,1,1,1,2,-4,9,5362,0.0,0.167,0.167,1.5,893.67
Santiago Näf,EV Zug,forwarder,6,0,1,1,0,0,-1,6,2542,0.0,0.167,0.167,1.0,423.67
Kimi Körbler,EHC Kloten,forwarder,8,0,1,1,0,0,-1,5,3587,0.0,0.125,0.125,0.625,448.38
Kelyan Barry,Lausanne HC,forwarder,9,1,0,1,1,2,1,7,3105,0.111,0.0,0.111,0.778,345.0
Florian Schenk,SC Bern,forwarder,9,0,1,1,0,0,1,3,2380,0.0,0.111,0.111,0.333,264.44
Niklas Aebli,HC Davos,forwarder,9,0,1,1,0,0,1,2,2349,0.0,0.111,0.111,0.222,261.0
Victor Oejdemark,ZSC Lions,defender,10,0,1,1,0,0,1,2,2446,0.0,0.1,0.1,0.2,244.6
Jan Daron,EV Zug,forwarder,11,1,0,1,1,2,-2,9,4041,0.091,0.0,0.091,0.818,367.36
Harrison Luc Schreiber,ZSC Lions,forwarder,13,0,1,1,1,2,5,15,7282,0.0,0.077,0.077,1.154,560.15
Tim Minder,HC Davos,defender,21,0,1,1,0,0,2,12,12142,0.0,0.048,0.048,0.571,578.19
Fabian Maier,SC Rapperswil-Jona Lakers,defender,25,0,1,1,3,10,-4,15,24650,0.0,0.04,0.04,0.6,986.0
Leandro Hausheer,EHC Kloten,defender,27,0,1,1,4,8,-2,12,15059,0.0,0.037,0.037,0.444,557.74
Gael Haas,Lausanne HC,defender,28,0,1,1,1,2,-3,8,7764,0.0,0.036,0.036,0.286,277.29
Nic Balestra,EV Zug,defender,29,0,1,1,4,8,-4,17,22655,0.0,0.034,0.034,0.586,781.21
Levin Moser,SC Bern,forwarder,34,1,0,1,0,0,0,9,9454,0.029,0.0,0.029,0.265,278.06
Sandro Aeschlimann,HC Davos,goalkeeper,57,0,0,0,0,0,0,1085,139073,0.0,0.0,0.0,19.035,2439.88
Tim Wolf,EV Zug,goalkeeper,61,0,0,0,0,0,0,1055,57700,0.0,0.0,0.0,17.295,945.9
Davide Fadani,EHC Kloten,goalkeeper,50,0,0,0,0,0,0,785,75010,0.0,0.0,0.0,15.7,1500.2
Sandro Zurkirchen,SC Bern,goalkeeper,53,0,0,0,0,0,0,498,70908,0.0,0.0,0.0,9.396,1337.89
Connor Hughes,Lausanne HC,goalkeeper,59,0,0,0,0,0,0,221,92931,0.0,0.0,0.0,3.746,1575.1
Robin Meyer,SCL Tigers,goalkeeper,48,0,0,0,0,0,0,209,76699,0.0,0.0,0.0,4.354,1597.9
Luis Janett,EHC Biel-Bienne,goalkeeper,54,0,0,0,0,0,0,123,40690,0.0,0.0,0.0,2.278,753.52
Joshua Fahrni,SCL Tigers,forwarder,20,0,0,0,3,6,-1,13,8520,0.0,0.0,0.0,0.65,426.0
Bastien Pouilly,HC Ajoie,defender,32,0,0,0,2,4,-6,12,16327,0.0,0.0,0.0,0.375,510.22
Elvis Schläpfer,HC Ajoie,forwarder,20,0,0,0,3,8,-8,12,7464,0.0,0.0,0.0,0.6,373.2
Marlon Graf,SC Rapperswil-Jona Lakers,forwarder,25,0,0,0,5,16,-5,12,10459,0.0,0.0,0.0,0.48,418.36
Joel Henry,ZSC Lions,forwarder,22,0,0,0,0,0,-4,11,7846,0.0,0.0,0.0,0.5,356.64
Simon Moser,SC Bern,forwarder,11,0,0,0,1,2,-6,11,6172,0.0,0.0,0.0,1.0,561.09
Daniil Ustinkov,ZSC Lions,defender,18,0,0,0,1,2,1,9,7665,0.0,0.0,0.0,0.5,425.83
Taylor Beck,Genève-Servette HC,forwarder,6,0,0,0,1,2,-7,9,5196,0.0,0.0,0.0,1.5,866.0
Daniel Olsson,ZSC Lions,forwarder,21,0,0,0,1,2,-3,8,6282,0.0,0.0,0.0,0.381,299.14
Janis Embacher,SCRJ Lakers,forwarder,16,0,0,0,0,0,-4,8,5444,0.0,0.0,0.0,0.5,340.25
Michal Cajkovsky,HC Ambri-Piotta,defender,6,0,0,0,0,0,-12,8,4208,0.0,0.0,0.0,1.333,701.33
Robin Zumbühl,ZSC Lions,goalkeeper,59,0,0,0,0,0,0,7,39391,0.0,0.0,0.0,0.119,667.64
Cyril Keller,EHC Kloten,forwarder,9,0,0,0,0,0,-2,6,2992,0.0,0.0,0.0,0.667,332.44
Enea Togni,HC Lugano,defender,9,0,0,0,0,0,-2,6,3496,0.0,0.0,0.0,0.667,388.44
Julien Rod,Fribourg-Gottéron,forwarder,23,0,0,0,1,2,-1,6,5745,0.0,0.0,0.0,0.261,249.78
Matteo Wagner,SCL Tigers,forwarder,12,0,0,0,1,2,-2,6,4286,0.0,0.0,0.0,0.5,357.17
Rocco Pezzullo,HC Ambri-Piotta,defender,13,0,0,0,2,4,-8,6,8272,0.0,0.0,0.0,0.462,636.31
Reto Schmutz,HC Ajoie,forwarder,23,0,0,0,3,10,-9,5,5422,0.0,0.0,0.0,0.217,235.74
Timo Jenni,SCL Tigers,forwarder,12,0,0,0,1,2,-3,5,5471,0.0,0.0,0.0,0.417,455.92
Endo Meier,ZSC Lions,forwarder,10,0,0,0,0,0,-1,4,2499,0.0,0.0,0.0,0.4,249.9
Kevin Lindemann,SCRJ Lakers,forwarder,7,0,0,0,0,0,-1,4,2260,0.0,0.0,0.0,0.571,322.86
Tim Muggli,HC Ambri-Piotta,forwarder,7,0,0,0,0,0,-2,4,2356,0.0,0.0,0.0,0.571,336.57
Finn Bichsel,EHC Biel-Bienne,defender,13,0,0,0,0,0,0,3,3106,0.0,0.0,0.0,0.231,238.92
Jan Hornecker,SC Rapperswil-Jona Lakers,forwarder,6,0,0,0,1,2,0,3,1425,0.0,0.0,0.0,0.5,237.5
Cole Cormier,HC Lugano,forwarder,11,0,0,0,1,2,2,2,3693,0.0,0.0,0.0,0.182,335.73
Jamie Villard,EHC Biel-Bienne,forwarder,2,0,0,0,0,0,0,2,460,0.0,0.0,0.0,1.0,230.0
Jan Hornecker,SCRJ Lakers,forwarder,13,0,0,0,1,2,-2,2,2296,0.0,0.0,0.0,0.154,176.62
Kevin Zürcher,SC Bern,forwarder,3,0,0,0,0,0,0,2,154,0.0,0.0,0.0,0.667,51.33
Mike Aeschlimann,SCL Tigers,forwarder,4,0,0,0,0,0,0,2,720,0.0,0.0,0.0,0.5,180.0
Nick Meile,HC Lugano,defender,10,0,0,0,0,0,-1,2,2032,0.0,0.0,0.0,0.2,203.2
Robin Bisig,SCRJ Lakers,defender,6,0,0,0,0,0,1,2,1491,0.0,0.0,0.0,0.333,248.5
Victor Backman,EHC Kloten,forwarder,3,0,0,0,2,4,0,2,2280,0.0,0.0,0.0,0.667,760.0
Villiam Haag,ZSC Lions,forwarder,1,0,0,0,0,0,1,2,910,0.0,0.0,0.0,2.0,910.0
Andrin Flütsch,SC Rapperswil-Jona Lakers,defender,2,0,0,0,0,0,0,1,200,0.0,0.0,0.0,0.5,100.0
Antoine Guignard,Genève-Servette HC,forwarder,4,0,0,0,0,0,0,1,1833,0.0,0.0,0.0,0.25,458.25
Anton Besanidis,HC Lugano,forwarder,3,0,0,0,0,0,2,1,797,0.0,0.0,0.0,0.333,265.67
Benjamin Quinn,SCRJ Lakers,defender,6,0,0,0,0,0,1,1,1399,0.0,0.0,0.0,0.167,233.17
Jakob Stukel,HC Ajoie,forwarder,1,0,0,0,0,0,-2,1,947,0.0,0.0,0.0,1.0,947.0
Kimo Bont,SC Bern,forwarder,5,0,0,0,0,0,0,1,832,0.0,0.0,0.0,0.2,166.4
Loic Galley,Fribourg-Gottéron,goalkeeper,58,0,0,0,1,2,0,1,54825,0.0,0.0,0.0,0.017,945.26
Lucien Lehmann,EV Zug,forwarder,6,0,0,0,0,0,-2,1,1743,0.0,0.0,0.0,0.167,290.5
Ludvig Claesson,HC Davos,defender,2,0,0,0,0,0,1,1,1133,0.0,0.0,0.0,0.5,566.5
Marc Diethelm,SC Rapperswil-Jona Lakers,forwarder,6,0,0,0,0,0,-2,1,532,0.0,0.0,0.0,0.167,88.67
Marc Diethelm,SCRJ Lakers,forwarder,3,0,0,0,0,0,0,1,267,0.0,0.0,0.0,0.333,89.0
Nicolas Lars Wenger,Lausanne HC,forwarder,4,0,0,0,0,0,-1,1,1619,0.0,0.0,0.0,0.25,404.75
Robin Bisig,SC Rapperswil-Jona Lakers,defender,2,0,0,0,0,0,-1,1,1021,0.0,0.0,0.0,0.5,510.5
Simon Bär,SCL Tigers,defender,2,0,0,0,0,0,0,1,100,0.0,0.0,0.0,0.5,50.0
Sol Fueter,EV Zug,forwarder,5,0,0,0,0,0,-1,1,996,0.0,0.0,0.0,0.2,199.2
Stefan Rüegsegger,Lausanne HC,forwarder,1,0,0,0,0,0,-1,1,622,0.0,0.0,0.0,1.0,622.0
Aaron Till Theler,Fribourg-Gottéron,goalkeeper,3,0,0,0,0,0,0,0,0,0.0,0.0,0.0,0.0,0.0
Adam Reideborn,SC Bern,goalkeeper,38,0,0,0,0,0,0,0,130976,0.0,0.0,0.0,0.0,3446.74
Alessio Beglieri,HC Lugano,goalkeeper,1,0,0,0,0,0,0,0,0,0.0,0.0,0.0,0.0,0.0
Alessio Guignard,Fribourg-Gottéron,defender,1,0,0,0,1,2,0,0,0,0.0,0.0,0.0,0.0,0.0
Alexandre Pugin,Genève-Servette HC,forwarder,3,0,0,0,0,0,0,0,507,0.0,0.0,0.0,0.0,169.0
Andri Henauer,SC Bern,goalkeeper,10,0,0,0,0,0,0,0,0,0.0,0.0,0.0,0.0,0.0
Antoine Keller,HC Ajoie,goalkeeper,20,0,0,0,1,2,0,0,53058,0.0,0.0,0.0,0.0,2652.9
Aris Häfliger,HC Ambri-Piotta,defender,1,0,0,0,0,0,0,0,0,0.0,0.0,0.0,0.0,0.0
Arthur Dandois,Fribourg-Gottéron,forwarder,3,0,0,0,0,0,0,0,576,0.0,0.0,0.0,0.0,192.0
Benjamin Conz,HC Ajoie,goalkeeper,29,0,0,0,0,0,0,0,30440,0.0,0.0,0.0,0.0,1049.66
Benjamin Quinn,SC Rapperswil-Jona Lakers,defender,2,0,0,0,0,0,0,0,68,0.0,0.0,0.0,0.0,34.0
Cedric Gerber,EHC Kloten,goalkeeper,2,0,0,0,0,0,0,0,0,0.0,0.0,0.0,0.0,0.0
Christof Von Burg,SC Bern,goalkeeper,11,0,0,0,0,0,0,0,0,0.0,0.0,0.0,0.0,0.0
Cédric Aeschbach,EHC Biel-Bienne,defender,1,0,0,0,0,0,0,0,843,0.0,0.0,0.0,0.0,843.0
Damiano Ciaccio,HC Ajoie,goalkeeper,41,0,0,0,1,2,0,0,99696,0.0,0.0,0.0,0.0,2431.61
Daniels Serkins,SC Bern,forwarder,2,0,0,0,0,0,0,0,98,0.0,0.0,0.0,0.0,49.0
Danyil Shulha,Genève-Servette HC,forwarder,1,0,0,0,0,0,0,0,0,0.0,0.0,0.0,0.0,0.0
David Brodecky,HC Ajoie,goalkeeper,3,0,0,0,0,0,0,0,0,0.0,0.0,0.0,0.0,0.0
Davide Togni,HC Lugano,forwarder,1,0,0,0,0,0,0,0,186,0.0,0.0,0.0,0.0,186.0
Derick Brassard,Genève-Servette HC,forwarder,1,0,0,0,0,0,0,0,330,0.0,0.0,0.0,0.0,330.0
Edoardo Berti,Genève-Servette HC,goalkeeper,6,0,0,0,0,0,0,0,0,0.0,0.0,0.0,0.0,0.0
Elia Baumann,HC Davos,forwarder,1,0,0,0,0,0,0,0,503,0.0,0.0,0.0,0.0,503.0
Elijah Neuenschwander,Fribourg-Gottéron,goalkeeper,2,0,0,0,0,0,0,0,3672,0.0,0.0,0.0,0.0,1836.0
Ewan Huet,EHC Kloten,goalkeeper,21,0,0,0,0,0,0,0,28897,0.0,0.0,0.0,0.0,1376.05
Fabio Haller,HC Ajoie,goalkeeper,4,0,0,0,0,0,0,0,0,0.0,0.0,0.0,0.0,0.0
Fadri Riatsch,SC Bern,forwarder,1,0,0,0,0,0,1,0,289,0.0,0.0,0.0,0.0,289.0
Filippo Schmidt,ZSC Lions,defender,1,0,0,0,0,0,0,0,568,0.0,0.0,0.0,0.0,568.0
Flavio Andri,EV Zug,defender,1,0,0,0,0,0,0,0,0,0.0,0.0,0.0,0.0,0.0
Flavio Sauser,EV Zug,defender,3,0,0,0,0,0,0,0,216,0.0,0.0,0.0,0.0,72.0
Florian Scheu,EHC Biel-Bienne,goalkeeper,7,0,0,0,0,0,0,0,0,0.0,0.0,0.0,0.0,0.0
Gian Keller,EHC Kloten,defender,1,0,0,0,0,0,-1,0,543,0.0,0.0,0.0,0.0,543.0
Gilles Senn,HC Ambri-Piotta,goalkeeper,57,0,0,0,2,4,0,0,88989,0.0,0.0,0.0,0.0,1561.21
Gregory Weber,SC Bern,forwarder,2,0,0,0,0,0,0,0,352,0.0,0.0,0.0,0.0,176.0
Harri Säteri,EHC Biel-Bienne,goalkeeper,45,0,0,0,1,2,0,0,155351,0.0,0.0,0.0,0.0,3452.24
Hugo Cerviño,HC Ajoie,goalkeeper,4,0,0,0,0,0,0,0,0,0.0,0.0,0.0,0.0,0.0
Ianfranco Vargas Sanchez,SC Rapperswil-Jona Lakers,goalkeeper,1,0,0,0,0,0,0,0,0,0.0,0.0,0.0,0.0,0.0
Ianfranco Vargas Sanchez,SCRJ Lakers,goalkeeper,1,0,0,0,0,0,0,0,0,0.0,0.0,0.0,0.0,0.0
Ivars Punnenovs,SC Rapperswil-Jona Lakers,goalkeeper,24,0,0,0,0,0,0,0,21426,0.0,0.0,0.0,0.0,892.75
Ivars Punnenovs,SCRJ Lakers,goalkeeper,39,0,0,0,1,2,0,0,54477,0.0,0.0,0.0,0.0,1396.85
Janis Embacher,SC Rapperswil-Jona Lakers,forwarder,4,0,0,0,0,0,1,0,1318,0.0,0.0,0.0,0.0,329.5
Jens Nater,EV Zug,defender,1,0,0,0,0,0,0,0,0,0.0,0.0,0.0,0.0,0.0
Jonathan Moser,EHC Biel-Bienne,defender,3,0,0,0,0,0,0,0,0,0.0,0.0,0.0,0.0,0.0
Joren van Pottelberghe,HC Lugano,goalkeeper,58,0,0,0,0,0,0,0,60737,0.0,0.0,0.0,0.0,1047.19
Kevin Lindemann,SC Rapperswil-Jona Lakers,forwarder,1,0,0,0,0,0,0,0,225,0.0,0.0,0.0,0.0,225.0
Kevin Pasche,Lausanne HC,goalkeeper,60,0,0,0,1,2,0,0,123257,0.0,0.0,0.0,0.0,2054.28
Laurin Fuhrer,SCRJ Lakers,defender,1,0,0,0,0,0,0,0,129,0.0,0.0,0.0,0.0,129.0
Laurin Solèr,HC Davos,goalkeeper,13,0,0,0,0,0,0,0,0,0.0,0.0,0.0,0.0,0.0
Leonardo Genoni,EV Zug,goalkeeper,54,0,0,0,0,0,0,0,156101,0.0,0.0,0.0,0.0,2890.76
Livio Christen,EHC Biel-Bienne,forwarder,1,0,0,0,0,0,0,0,27,0.0,0.0,0.0,0.0,27.0
Loic Fromaget,Genève-Servette HC,defender,2,0,0,0,0,0,1,0,107,0.0,0.0,0.0,0.0,53.5
Lorin Grüter,ZSC Lions,goalkeeper,5,0,0,0,0,0,0,0,0,0.0,0.0,0.0,0.0,0.0
Louis Wehrli,EHC Biel-Bienne,goalkeeper,2,0,0,0,0,0,0,0,0,0.0,0.0,0.0,0.0,0.0
Loïc Mukuna,Genève-Servette HC,defender,1,0,0,0,0,0,0,0,0,0.0,0.0,0.0,0.0,0.0
Luca Boltshauser,SCL Tigers,goalkeeper,52,0,0,0,3,6,0,0,100665,0.0,0.0,0.0,0.0,1935.87
Luca Hollenstein,HC Davos,goalkeeper,49,0,0,0,0,0,0,0,71537,0.0,0.0,0.0,0.0,1459.94
Lucas Rötheli,EHC Biel-Bienne,goalkeeper,2,0,0,0,0,0,0,0,0,0.0,0.0,0.0,0.0,0.0
Ludovic Hauser,Fribourg-Gottéron,goalkeeper,5,0,0,0,0,0,0,0,0,0.0,0.0,0.0,0.0,0.0
Ludovic Waeber,EHC Kloten,goalkeeper,33,0,0,0,1,2,0,0,90864,0.0,0.0,0.0,0.0,2753.45
Manuel von Rohr,EHC Biel-Bienne,forwarder,2,0,0,0,0,0,0,0,9,0.0,0.0,0.0,0.0,4.5
Marc Bissig,HC Lugano,forwarder,2,0,0,0,0,0,0,0,675,0.0,0.0,0.0,0.0,337.5
Martin Grangier,Fribourg-Gottéron,defender,3,0,0,0,0,0,-1,0,93,0.0,0.0,0.0,0.0,31.0
Martin Neckar,SCL Tigers,goalkeeper,6,0,0,0,0,0,0,0,9669,0.0,0.0,0.0,0.0,1611.5
Mathieu Croce,EHC Kloten,goalkeeper,2,0,0,0,0,0,0,0,0,0.0,0.0,0.0,0.0,0.0
Matia Nico Birchler,EV Zug,goalkeeper,5,0,0,0,0,0,0,0,3599,0.0,0.0,0.0,0.0,719.8
Melvin Nyffeler,SC Rapperswil-Jona Lakers,goalkeeper,25,0,0,0,0,0,0,0,68125,0.0,0.0,0.0,0.0,2725.0
Melvin Nyffeler,SCRJ Lakers,goalkeeper,40,0,0,0,0,0,0,0,90959,0.0,0.0,0.0,0.0,2273.98
Michael Loosli,Genève-Servette HC,forwarder,1,0,0,0,0,0,0,0,533,0.0,0.0,0.0,0.0,533.0
Nassim Jaafri-Hayani,HC Ambri-Piotta,goalkeeper,4,0,0,0,0,0,0,0,0,0.0,0.0,0.0,0.0,0.0
Nic Wülser,Fribourg-Gottéron,defender,5,0,0,0,0,0,0,0,37,0.0,0.0,0.0,0.0,7.4
Nicolò Ugazzi,SCRJ Lakers,defender,1,0,0,0,0,0,0,0,791,0.0,0.0,0.0,0.0,791.0
Niklas Schlegel,HC Lugano,goalkeeper,57,0,0,0,0,0,0,0,144701,0.0,0.0,0.0,0.0,2538.61
Noah Fuss,SC Bern,forwarder,4,0,0,0,0,0,-1,0,1531,0.0,0.0,0.0,0.0,382.75
Noah Patenaude,HC Ajoie,goalkeeper,15,0,0,0,0,0,0,0,21637,0.0,0.0,0.0,0.0,1442.47
Noel Ulrich,ZSC Lions,defender,1,0,0,0,0,0,0,0,611,0.0,0.0,0.0,0.0,611.0
Philip Wüthrich,HC Ambri-Piotta,goalkeeper,55,0,0,0,0,0,0,0,113132,0.0,0.0,0.0,0.0,2056.95
Reto Berra,Fribourg-Gottéron,goalkeeper,56,0,0,0,2,4,0,0,162960,0.0,0.0,0.0,0.0,2910.0
Robert Mayer,Genève-Servette HC,goalkeeper,56,0,0,0,1,2,0,0,35378,0.0,0.0,0.0,0.0,631.75
Roope Taponen,HC Davos,goalkeeper,1,0,0,0,0,0,0,0,3598,0.0,0.0,0.0,0.0,3598.0
Santo Simmchen,EV Zug,goalkeeper,2,0,0,0,0,0,0,0,0,0.0,0.0,0.0,0.0,0.0
Simon Hrubec,ZSC Lions,goalkeeper,54,0,0,0,0,0,0,0,175048,0.0,0.0,0.0,0.0,3241.63
Simon Meier,EHC Kloten,forwarder,1,0,0,0,0,0,-2,0,590,0.0,0.0,0.0,0.0,590.0
Stéphane Charlin,Genève-Servette HC,goalkeeper,62,0,0,0,2,4,0,0,183366,0.0,0.0,0.0,0.0,2957.52
Tanner Richard,Genève-Servette HC,forwarder,1,0,0,0,0,0,0,0,965,0.0,0.0,0.0,0.0,965.0
Thibault Fatton,Lausanne HC,goalkeeper,1,0,0,0,0,0,0,0,0,0.0,0.0,0.0,0.0,0.0
Thibault Martin,Lausanne HC,defender,10,0,0,0,0,0,-1,0,1464,0.0,0.0,0.0,0.0,146.4
Théo Vouardoux,Genève-Servette HC,defender,1,0,0,0,0,0,0,0,0,0.0,0.0,0.0,0.0,0.0
Vincent Ryser,SC Bern,forwarder,1,0,0,0,0,0,-1,0,339,0.0,0.0,0.0,0.0,339.0
William Hedlund,HC Ambri-Piotta,forwarder,1,0,0,0,0,0,0,0,0,0.0,0.0,0.0,0.0,0.0
